[2026-07-28 05:33:22] local.ERROR: SQLSTATE[HY000] [2002] No connection could be made because the target machine actively refused it (Connection: mysql, Host: 127.0.0.1, Port: 3306, Database: fiber_manager, SQL: select exists (select 1 from information_schema.tables where table_schema = schema() and table_name = 'migrations' and table_type in ('BASE TABLE', 'SYSTEM VERSIONED')) as `exists`) {"exception":"[object] (Illuminate\\Database\\QueryException(code: 2002): SQLSTATE[HY000] [2002] No connection could be made because the target machine actively refused it (Connection: mysql, Host: 127.0.0.1, Port: 3306, Database: fiber_manager, SQL: select exists (select 1 from information_schema.tables where table_schema = schema() and table_name = 'migrations' and table_type in ('BASE TABLE', 'SYSTEM VERSIONED')) as `exists`) at D:/Ngoding/RepoGithub/fiber-manager-G/vendor/laravel/framework/src/Illuminate/Database/Connection.php:857)
[stacktrace]
#0 D:/Ngoding/RepoGithub/fiber-manager-G/vendor/laravel/framework/src/Illuminate/Database/Connection.php(1037): Illuminate/Database/Connection->runQueryCallback('select exists (...', Array, Object(Closure))
#1 D:/Ngoding/RepoGithub/fiber-manager-G/vendor/laravel/framework/src/Illuminate/Database/Connection.php(1016): Illuminate/Database/Connection->tryAgainIfCausedByLostConnection(Object(Illuminate/Database/QueryException), 'select exists (...', Array, Object(Closure))
#2 D:/Ngoding/RepoGithub/fiber-manager-G/vendor/laravel/framework/src/Illuminate/Database/Connection.php(815): Illuminate/Database/Connection->handleQueryException(Object(Illuminate/Database/QueryException), 'select exists (...', Array, Object(Closure))
#3 D:/Ngoding/RepoGithub/fiber-manager-G/vendor/laravel/framework/src/Illuminate/Database/Connection.php(426): Illuminate/Database/Connection->run('select exists (...', Array, Object(Closure))
#4 D:/Ngoding/RepoGithub/fiber-manager-G/vendor/laravel/framework/src/Illuminate/Database/Connection.php(371): Illuminate/Database/Connection->select('select exists (...', Array, true)
#5 D:/Ngoding/RepoGithub/fiber-manager-G/vendor/laravel/framework/src/Illuminate/Database/Connection.php(388): Illuminate/Database/Connection->selectOne('select exists (...', Array, true)
#6 D:/Ngoding/RepoGithub/fiber-manager-G/vendor/laravel/framework/src/Illuminate/Database/Schema/Builder.php(176): Illuminate/Database/Connection->scalar('select exists (...')
#7 D:/Ngoding/RepoGithub/fiber-manager-G/vendor/laravel/framework/src/Illuminate/Database/Migrations/DatabaseMigrationRepository.php(185): Illuminate/Database/Schema/Builder->hasTable('migrations')
#8 D:/Ngoding/RepoGithub/fiber-manager-G/vendor/laravel/framework/src/Illuminate/Database/Migrations/Migrator.php(797): Illuminate/Database/Migrations/DatabaseMigrationRepository->repositoryExists()
#9 D:/Ngoding/RepoGithub/fiber-manager-G/vendor/laravel/framework/src/Illuminate/Database/Console/Migrations/StatusCommand.php(55): Illuminate/Database/Migrations/Migrator->repositoryExists()
#10 D:/Ngoding/RepoGithub/fiber-manager-G/vendor/laravel/framework/src/Illuminate/Database/Migrations/Migrator.php(672): Illuminate/Database/Console/Migrations/StatusCommand->Illuminate/Database/Console/Migrations/{closure}()
#11 D:/Ngoding/RepoGithub/fiber-manager-G/vendor/laravel/framework/src/Illuminate/Database/Console/Migrations/StatusCommand.php(54): Illuminate/Database/Migrations/Migrator->usingConnection(NULL, Object(Closure))
#12 D:/Ngoding/RepoGithub/fiber-manager-G/vendor/laravel/framework/src/Illuminate/Container/BoundMethod.php(36): Illuminate/Database/Console/Migrations/StatusCommand->handle()
#13 D:/Ngoding/RepoGithub/fiber-manager-G/vendor/laravel/framework/src/Illuminate/Container/Util.php(43): Illuminate/Container/BoundMethod::Illuminate/Container/{closure}()
#14 D:/Ngoding/RepoGithub/fiber-manager-G/vendor/laravel/framework/src/Illuminate/Container/BoundMethod.php(96): Illuminate/Container/Util::unwrapIfClosure(Object(Closure))
#15 D:/Ngoding/RepoGithub/fiber-manager-G/vendor/laravel/framework/src/Illuminate/Container/BoundMethod.php(35): Illuminate/Container/BoundMethod::callBoundMethod(Object(Illuminate/Foundation/Application), Array, Object(Closure))
#16 D:/Ngoding/RepoGithub/fiber-manager-G/vendor/laravel/framework/src/Illuminate/Container/Container.php(800): Illuminate/Container/BoundMethod::call(Object(Illuminate/Foundation/Application), Array, Array, NULL)
#17 D:/Ngoding/RepoGithub/fiber-manager-G/vendor/laravel/framework/src/Illuminate/Console/Command.php(280): Illuminate/Container/Container->call(Array)
#18 D:/Ngoding/RepoGithub/fiber-manager-G/vendor/symfony/console/Command/Command.php(341): Illuminate/Console/Command->execute(Object(Symfony/Component/Console/Input/ArgvInput), Object(Laravel/Pao/Laravel/PaoOutputStyle))
#19 D:/Ngoding/RepoGithub/fiber-manager-G/vendor/laravel/framework/src/Illuminate/Console/Command.php(249): Symfony/Component/Console/Command/Command->run(Object(Symfony/Component/Console/Input/ArgvInput), Object(Laravel/Pao/Laravel/PaoOutputStyle))
#20 D:/Ngoding/RepoGithub/fiber-manager-G/vendor/symfony/console/Application.php(1117): Illuminate/Console/Command->run(Object(Symfony/Component/Console/Input/ArgvInput), Object(Symfony/Component/Console/Output/ConsoleOutput))
#21 D:/Ngoding/RepoGithub/fiber-manager-G/vendor/symfony/console/Application.php(356): Symfony/Component/Console/Application->doRunCommand(Object(Illuminate/Database/Console/Migrations/StatusCommand), Object(Symfony/Component/Console/Input/ArgvInput), Object(Symfony/Component/Console/Output/ConsoleOutput))
#22 D:/Ngoding/RepoGithub/fiber-manager-G/vendor/symfony/console/Application.php(195): Symfony/Component/Console/Application->doRun(Object(Symfony/Component/Console/Input/ArgvInput), Object(Symfony/Component/Console/Output/ConsoleOutput))
#23 D:/Ngoding/RepoGithub/fiber-manager-G/vendor/laravel/framework/src/Illuminate/Foundation/Console/Kernel.php(198): Symfony/Component/Console/Application->run(Object(Symfony/Component/Console/Input/ArgvInput), Object(Symfony/Component/Console/Output/ConsoleOutput))
#24 D:/Ngoding/RepoGithub/fiber-manager-G/vendor/laravel/framework/src/Illuminate/Foundation/Application.php(1242): Illuminate/Foundation/Console/Kernel->handle(Object(Symfony/Component/Console/Input/ArgvInput), Object(Symfony/Component/Console/Output/ConsoleOutput))
#25 D:/Ngoding/RepoGithub/fiber-manager-G/artisan(16): Illuminate/Foundation/Application->handleCommand(Object(Symfony/Component/Console/Input/ArgvInput))
#26 {main}

[previous exception] [object] (PDOException(code: 2002): SQLSTATE[HY000] [2002] No connection could be made because the target machine actively refused it at D:/Ngoding/RepoGithub/fiber-manager-G/vendor/laravel/framework/src/Illuminate/Database/Connectors/Connector.php:66)
[stacktrace]
#0 D:/Ngoding/RepoGithub/fiber-manager-G/vendor/laravel/framework/src/Illuminate/Database/Connectors/Connector.php(66): PDO->__construct('mysql:host=127....', 'root', Object(SensitiveParameterValue), Array)
#1 D:/Ngoding/RepoGithub/fiber-manager-G/vendor/laravel/framework/src/Illuminate/Database/Connectors/Connector.php(85): Illuminate/Database/Connectors/Connector->createPdoConnection('mysql:host=127....', 'root', Object(SensitiveParameterValue), Array)
#2 D:/Ngoding/RepoGithub/fiber-manager-G/vendor/laravel/framework/src/Illuminate/Database/Connectors/Connector.php(48): Illuminate/Database/Connectors/Connector->tryAgainIfCausedByLostConnection(Object(PDOException), 'mysql:host=127....', 'root', Object(SensitiveParameterValue), Array)
#3 D:/Ngoding/RepoGithub/fiber-manager-G/vendor/laravel/framework/src/Illuminate/Database/Connectors/MySqlConnector.php(24): Illuminate/Database/Connectors/Connector->createConnection('mysql:host=127....', Array, Array)
#4 D:/Ngoding/RepoGithub/fiber-manager-G/vendor/laravel/framework/src/Illuminate/Database/Connectors/ConnectionFactory.php(220): Illuminate/Database/Connectors/MySqlConnector->connect(Array)
#5 [internal function]: Illuminate/Database/Connectors/ConnectionFactory->Illuminate/Database/Connectors/{closure}()
#6 D:/Ngoding/RepoGithub/fiber-manager-G/vendor/laravel/framework/src/Illuminate/Database/Connection.php(1297): call_user_func(Object(Closure))
#7 D:/Ngoding/RepoGithub/fiber-manager-G/vendor/laravel/framework/src/Illuminate/Database/Connection.php(1335): Illuminate/Database/Connection->getPdo()
#8 D:/Ngoding/RepoGithub/fiber-manager-G/vendor/laravel/framework/src/Illuminate/Database/Connection.php(542): Illuminate/Database/Connection->getReadPdo()
#9 D:/Ngoding/RepoGithub/fiber-manager-G/vendor/laravel/framework/src/Illuminate/Database/Connection.php(435): Illuminate/Database/Connection->getPdoForSelect(true)
#10 D:/Ngoding/RepoGithub/fiber-manager-G/vendor/laravel/framework/src/Illuminate/Database/Connection.php(846): Illuminate/Database/Connection->Illuminate/Database/{closure}('select exists (...', Array)
#11 D:/Ngoding/RepoGithub/fiber-manager-G/vendor/laravel/framework/src/Illuminate/Database/Connection.php(1037): Illuminate/Database/Connection->runQueryCallback('select exists (...', Array, Object(Closure))
#12 D:/Ngoding/RepoGithub/fiber-manager-G/vendor/laravel/framework/src/Illuminate/Database/Connection.php(1016): Illuminate/Database/Connection->tryAgainIfCausedByLostConnection(Object(Illuminate/Database/QueryException), 'select exists (...', Array, Object(Closure))
#13 D:/Ngoding/RepoGithub/fiber-manager-G/vendor/laravel/framework/src/Illuminate/Database/Connection.php(815): Illuminate/Database/Connection->handleQueryException(Object(Illuminate/Database/QueryException), 'select exists (...', Array, Object(Closure))
#14 D:/Ngoding/RepoGithub/fiber-manager-G/vendor/laravel/framework/src/Illuminate/Database/Connection.php(426): Illuminate/Database/Connection->run('select exists (...', Array, Object(Closure))
#15 D:/Ngoding/RepoGithub/fiber-manager-G/vendor/laravel/framework/src/Illuminate/Database/Connection.php(371): Illuminate/Database/Connection->select('select exists (...', Array, true)
#16 D:/Ngoding/RepoGithub/fiber-manager-G/vendor/laravel/framework/src/Illuminate/Database/Connection.php(388): Illuminate/Database/Connection->selectOne('select exists (...', Array, true)
#17 D:/Ngoding/RepoGithub/fiber-manager-G/vendor/laravel/framework/src/Illuminate/Database/Schema/Builder.php(176): Illuminate/Database/Connection->scalar('select exists (...')
#18 D:/Ngoding/RepoGithub/fiber-manager-G/vendor/laravel/framework/src/Illuminate/Database/Migrations/DatabaseMigrationRepository.php(185): Illuminate/Database/Schema/Builder->hasTable('migrations')
#19 D:/Ngoding/RepoGithub/fiber-manager-G/vendor/laravel/framework/src/Illuminate/Database/Migrations/Migrator.php(797): Illuminate/Database/Migrations/DatabaseMigrationRepository->repositoryExists()
#20 D:/Ngoding/RepoGithub/fiber-manager-G/vendor/laravel/framework/src/Illuminate/Database/Console/Migrations/StatusCommand.php(55): Illuminate/Database/Migrations/Migrator->repositoryExists()
#21 D:/Ngoding/RepoGithub/fiber-manager-G/vendor/laravel/framework/src/Illuminate/Database/Migrations/Migrator.php(672): Illuminate/Database/Console/Migrations/StatusCommand->Illuminate/Database/Console/Migrations/{closure}()
#22 D:/Ngoding/RepoGithub/fiber-manager-G/vendor/laravel/framework/src/Illuminate/Database/Console/Migrations/StatusCommand.php(54): Illuminate/Database/Migrations/Migrator->usingConnection(NULL, Object(Closure))
#23 D:/Ngoding/RepoGithub/fiber-manager-G/vendor/laravel/framework/src/Illuminate/Container/BoundMethod.php(36): Illuminate/Database/Console/Migrations/StatusCommand->handle()
#24 D:/Ngoding/RepoGithub/fiber-manager-G/vendor/laravel/framework/src/Illuminate/Container/Util.php(43): Illuminate/Container/BoundMethod::Illuminate/Container/{closure}()
#25 D:/Ngoding/RepoGithub/fiber-manager-G/vendor/laravel/framework/src/Illuminate/Container/BoundMethod.php(96): Illuminate/Container/Util::unwrapIfClosure(Object(Closure))
#26 D:/Ngoding/RepoGithub/fiber-manager-G/vendor/laravel/framework/src/Illuminate/Container/BoundMethod.php(35): Illuminate/Container/BoundMethod::callBoundMethod(Object(Illuminate/Foundation/Application), Array, Object(Closure))
#27 D:/Ngoding/RepoGithub/fiber-manager-G/vendor/laravel/framework/src/Illuminate/Container/Container.php(800): Illuminate/Container/BoundMethod::call(Object(Illuminate/Foundation/Application), Array, Array, NULL)
#28 D:/Ngoding/RepoGithub/fiber-manager-G/vendor/laravel/framework/src/Illuminate/Console/Command.php(280): Illuminate/Container/Container->call(Array)
#29 D:/Ngoding/RepoGithub/fiber-manager-G/vendor/symfony/console/Command/Command.php(341): Illuminate/Console/Command->execute(Object(Symfony/Component/Console/Input/ArgvInput), Object(Laravel/Pao/Laravel/PaoOutputStyle))
#30 D:/Ngoding/RepoGithub/fiber-manager-G/vendor/laravel/framework/src/Illuminate/Console/Command.php(249): Symfony/Component/Console/Command/Command->run(Object(Symfony/Component/Console/Input/ArgvInput), Object(Laravel/Pao/Laravel/PaoOutputStyle))
#31 D:/Ngoding/RepoGithub/fiber-manager-G/vendor/symfony/console/Application.php(1117): Illuminate/Console/Command->run(Object(Symfony/Component/Console/Input/ArgvInput), Object(Symfony/Component/Console/Output/ConsoleOutput))
#32 D:/Ngoding/RepoGithub/fiber-manager-G/vendor/symfony/console/Application.php(356): Symfony/Component/Console/Application->doRunCommand(Object(Illuminate/Database/Console/Migrations/StatusCommand), Object(Symfony/Component/Console/Input/ArgvInput), Object(Symfony/Component/Console/Output/ConsoleOutput))
#33 D:/Ngoding/RepoGithub/fiber-manager-G/vendor/symfony/console/Application.php(195): Symfony/Component/Console/Application->doRun(Object(Symfony/Component/Console/Input/ArgvInput), Object(Symfony/Component/Console/Output/ConsoleOutput))
#34 D:/Ngoding/RepoGithub/fiber-manager-G/vendor/laravel/framework/src/Illuminate/Foundation/Console/Kernel.php(198): Symfony/Component/Console/Application->run(Object(Symfony/Component/Console/Input/ArgvInput), Object(Symfony/Component/Console/Output/ConsoleOutput))
#35 D:/Ngoding/RepoGithub/fiber-manager-G/vendor/laravel/framework/src/Illuminate/Foundation/Application.php(1242): Illuminate/Foundation/Console/Kernel->handle(Object(Symfony/Component/Console/Input/ArgvInput), Object(Symfony/Component/Console/Output/ConsoleOutput))
#36 D:/Ngoding/RepoGithub/fiber-manager-G/artisan(16): Illuminate/Foundation/Application->handleCommand(Object(Symfony/Component/Console/Input/ArgvInput))
#37 {main}
"} 
[2026-07-28 05:33:54] local.ERROR: Database file at path [fiber_manager] does not exist. Ensure this is an absolute path to the database. (Connection: sqlite, Database: fiber_manager, SQL: select exists (select 1 from "main".sqlite_master where name = 'migrations' and type = 'table') as "exists") {"exception":"[object] (Illuminate\\Database\\QueryException(code: 0): Database file at path [fiber_manager] does not exist. Ensure this is an absolute path to the database. (Connection: sqlite, Database: fiber_manager, SQL: select exists (select 1 from \"main\".sqlite_master where name = 'migrations' and type = 'table') as \"exists\") at D:/Ngoding/RepoGithub/fiber-manager-G/vendor/laravel/framework/src/Illuminate/Database/Connection.php:857)
[stacktrace]
#0 D:/Ngoding/RepoGithub/fiber-manager-G/vendor/laravel/framework/src/Illuminate/Database/Connection.php(813): Illuminate/Database/Connection->runQueryCallback('select exists (...', Array, Object(Closure))
#1 D:/Ngoding/RepoGithub/fiber-manager-G/vendor/laravel/framework/src/Illuminate/Database/Connection.php(426): Illuminate/Database/Connection->run('select exists (...', Array, Object(Closure))
#2 D:/Ngoding/RepoGithub/fiber-manager-G/vendor/laravel/framework/src/Illuminate/Database/Connection.php(371): Illuminate/Database/Connection->select('select exists (...', Array, true)
#3 D:/Ngoding/RepoGithub/fiber-manager-G/vendor/laravel/framework/src/Illuminate/Database/Connection.php(388): Illuminate/Database/Connection->selectOne('select exists (...', Array, true)
#4 D:/Ngoding/RepoGithub/fiber-manager-G/vendor/laravel/framework/src/Illuminate/Database/Schema/Builder.php(176): Illuminate/Database/Connection->scalar('select exists (...')
#5 D:/Ngoding/RepoGithub/fiber-manager-G/vendor/laravel/framework/src/Illuminate/Database/Migrations/DatabaseMigrationRepository.php(185): Illuminate/Database/Schema/Builder->hasTable('migrations')
#6 D:/Ngoding/RepoGithub/fiber-manager-G/vendor/laravel/framework/src/Illuminate/Database/Migrations/Migrator.php(797): Illuminate/Database/Migrations/DatabaseMigrationRepository->repositoryExists()
#7 D:/Ngoding/RepoGithub/fiber-manager-G/vendor/laravel/framework/src/Illuminate/Database/Console/Migrations/StatusCommand.php(55): Illuminate/Database/Migrations/Migrator->repositoryExists()
#8 D:/Ngoding/RepoGithub/fiber-manager-G/vendor/laravel/framework/src/Illuminate/Database/Migrations/Migrator.php(672): Illuminate/Database/Console/Migrations/StatusCommand->Illuminate/Database/Console/Migrations/{closure}()
#9 D:/Ngoding/RepoGithub/fiber-manager-G/vendor/laravel/framework/src/Illuminate/Database/Console/Migrations/StatusCommand.php(54): Illuminate/Database/Migrations/Migrator->usingConnection('sqlite', Object(Closure))
#10 D:/Ngoding/RepoGithub/fiber-manager-G/vendor/laravel/framework/src/Illuminate/Container/BoundMethod.php(36): Illuminate/Database/Console/Migrations/StatusCommand->handle()
#11 D:/Ngoding/RepoGithub/fiber-manager-G/vendor/laravel/framework/src/Illuminate/Container/Util.php(43): Illuminate/Container/BoundMethod::Illuminate/Container/{closure}()
#12 D:/Ngoding/RepoGithub/fiber-manager-G/vendor/laravel/framework/src/Illuminate/Container/BoundMethod.php(96): Illuminate/Container/Util::unwrapIfClosure(Object(Closure))
#13 D:/Ngoding/RepoGithub/fiber-manager-G/vendor/laravel/framework/src/Illuminate/Container/BoundMethod.php(35): Illuminate/Container/BoundMethod::callBoundMethod(Object(Illuminate/Foundation/Application), Array, Object(Closure))
#14 D:/Ngoding/RepoGithub/fiber-manager-G/vendor/laravel/framework/src/Illuminate/Container/Container.php(800): Illuminate/Container/BoundMethod::call(Object(Illuminate/Foundation/Application), Array, Array, NULL)
#15 D:/Ngoding/RepoGithub/fiber-manager-G/vendor/laravel/framework/src/Illuminate/Console/Command.php(280): Illuminate/Container/Container->call(Array)
#16 D:/Ngoding/RepoGithub/fiber-manager-G/vendor/symfony/console/Command/Command.php(341): Illuminate/Console/Command->execute(Object(Symfony/Component/Console/Input/ArgvInput), Object(Laravel/Pao/Laravel/PaoOutputStyle))
#17 D:/Ngoding/RepoGithub/fiber-manager-G/vendor/laravel/framework/src/Illuminate/Console/Command.php(249): Symfony/Component/Console/Command/Command->run(Object(Symfony/Component/Console/Input/ArgvInput), Object(Laravel/Pao/Laravel/PaoOutputStyle))
#18 D:/Ngoding/RepoGithub/fiber-manager-G/vendor/symfony/console/Application.php(1117): Illuminate/Console/Command->run(Object(Symfony/Component/Console/Input/ArgvInput), Object(Symfony/Component/Console/Output/ConsoleOutput))
#19 D:/Ngoding/RepoGithub/fiber-manager-G/vendor/symfony/console/Application.php(356): Symfony/Component/Console/Application->doRunCommand(Object(Illuminate/Database/Console/Migrations/StatusCommand), Object(Symfony/Component/Console/Input/ArgvInput), Object(Symfony/Component/Console/Output/ConsoleOutput))
#20 D:/Ngoding/RepoGithub/fiber-manager-G/vendor/symfony/console/Application.php(195): Symfony/Component/Console/Application->doRun(Object(Symfony/Component/Console/Input/ArgvInput), Object(Symfony/Component/Console/Output/ConsoleOutput))
#21 D:/Ngoding/RepoGithub/fiber-manager-G/vendor/laravel/framework/src/Illuminate/Foundation/Console/Kernel.php(198): Symfony/Component/Console/Application->run(Object(Symfony/Component/Console/Input/ArgvInput), Object(Symfony/Component/Console/Output/ConsoleOutput))
#22 D:/Ngoding/RepoGithub/fiber-manager-G/vendor/laravel/framework/src/Illuminate/Foundation/Application.php(1242): Illuminate/Foundation/Console/Kernel->handle(Object(Symfony/Component/Console/Input/ArgvInput), Object(Symfony/Component/Console/Output/ConsoleOutput))
#23 D:/Ngoding/RepoGithub/fiber-manager-G/artisan(16): Illuminate/Foundation/Application->handleCommand(Object(Symfony/Component/Console/Input/ArgvInput))
#24 {main}

[previous exception] [object] (Illuminate\\Database\\SQLiteDatabaseDoesNotExistException(code: 0): Database file at path [fiber_manager] does not exist. Ensure this is an absolute path to the database. at D:/Ngoding/RepoGithub/fiber-manager-G/vendor/laravel/framework/src/Illuminate/Database/Connectors/SQLiteConnector.php:61)
[stacktrace]
#0 D:/Ngoding/RepoGithub/fiber-manager-G/vendor/laravel/framework/src/Illuminate/Database/Connectors/SQLiteConnector.php(19): Illuminate/Database/Connectors/SQLiteConnector->parseDatabasePath(false)
#1 D:/Ngoding/RepoGithub/fiber-manager-G/vendor/laravel/framework/src/Illuminate/Database/Connectors/ConnectionFactory.php(259): Illuminate/Database/Connectors/SQLiteConnector->connect(Array)
#2 [internal function]: Illuminate/Database/Connectors/ConnectionFactory->Illuminate/Database/Connectors/{closure}()
#3 D:/Ngoding/RepoGithub/fiber-manager-G/vendor/laravel/framework/src/Illuminate/Database/Connection.php(1297): call_user_func(Object(Closure))
#4 D:/Ngoding/RepoGithub/fiber-manager-G/vendor/laravel/framework/src/Illuminate/Database/Connection.php(1335): Illuminate/Database/Connection->getPdo()
#5 D:/Ngoding/RepoGithub/fiber-manager-G/vendor/laravel/framework/src/Illuminate/Database/Connection.php(542): Illuminate/Database/Connection->getReadPdo()
#6 D:/Ngoding/RepoGithub/fiber-manager-G/vendor/laravel/framework/src/Illuminate/Database/Connection.php(435): Illuminate/Database/Connection->getPdoForSelect(true)
#7 D:/Ngoding/RepoGithub/fiber-manager-G/vendor/laravel/framework/src/Illuminate/Database/Connection.php(846): Illuminate/Database/Connection->Illuminate/Database/{closure}('select exists (...', Array)
#8 D:/Ngoding/RepoGithub/fiber-manager-G/vendor/laravel/framework/src/Illuminate/Database/Connection.php(813): Illuminate/Database/Connection->runQueryCallback('select exists (...', Array, Object(Closure))
#9 D:/Ngoding/RepoGithub/fiber-manager-G/vendor/laravel/framework/src/Illuminate/Database/Connection.php(426): Illuminate/Database/Connection->run('select exists (...', Array, Object(Closure))
#10 D:/Ngoding/RepoGithub/fiber-manager-G/vendor/laravel/framework/src/Illuminate/Database/Connection.php(371): Illuminate/Database/Connection->select('select exists (...', Array, true)
#11 D:/Ngoding/RepoGithub/fiber-manager-G/vendor/laravel/framework/src/Illuminate/Database/Connection.php(388): Illuminate/Database/Connection->selectOne('select exists (...', Array, true)
#12 D:/Ngoding/RepoGithub/fiber-manager-G/vendor/laravel/framework/src/Illuminate/Database/Schema/Builder.php(176): Illuminate/Database/Connection->scalar('select exists (...')
#13 D:/Ngoding/RepoGithub/fiber-manager-G/vendor/laravel/framework/src/Illuminate/Database/Migrations/DatabaseMigrationRepository.php(185): Illuminate/Database/Schema/Builder->hasTable('migrations')
#14 D:/Ngoding/RepoGithub/fiber-manager-G/vendor/laravel/framework/src/Illuminate/Database/Migrations/Migrator.php(797): Illuminate/Database/Migrations/DatabaseMigrationRepository->repositoryExists()
#15 D:/Ngoding/RepoGithub/fiber-manager-G/vendor/laravel/framework/src/Illuminate/Database/Console/Migrations/StatusCommand.php(55): Illuminate/Database/Migrations/Migrator->repositoryExists()
#16 D:/Ngoding/RepoGithub/fiber-manager-G/vendor/laravel/framework/src/Illuminate/Database/Migrations/Migrator.php(672): Illuminate/Database/Console/Migrations/StatusCommand->Illuminate/Database/Console/Migrations/{closure}()
#17 D:/Ngoding/RepoGithub/fiber-manager-G/vendor/laravel/framework/src/Illuminate/Database/Console/Migrations/StatusCommand.php(54): Illuminate/Database/Migrations/Migrator->usingConnection('sqlite', Object(Closure))
#18 D:/Ngoding/RepoGithub/fiber-manager-G/vendor/laravel/framework/src/Illuminate/Container/BoundMethod.php(36): Illuminate/Database/Console/Migrations/StatusCommand->handle()
#19 D:/Ngoding/RepoGithub/fiber-manager-G/vendor/laravel/framework/src/Illuminate/Container/Util.php(43): Illuminate/Container/BoundMethod::Illuminate/Container/{closure}()
#20 D:/Ngoding/RepoGithub/fiber-manager-G/vendor/laravel/framework/src/Illuminate/Container/BoundMethod.php(96): Illuminate/Container/Util::unwrapIfClosure(Object(Closure))
#21 D:/Ngoding/RepoGithub/fiber-manager-G/vendor/laravel/framework/src/Illuminate/Container/BoundMethod.php(35): Illuminate/Container/BoundMethod::callBoundMethod(Object(Illuminate/Foundation/Application), Array, Object(Closure))
#22 D:/Ngoding/RepoGithub/fiber-manager-G/vendor/laravel/framework/src/Illuminate/Container/Container.php(800): Illuminate/Container/BoundMethod::call(Object(Illuminate/Foundation/Application), Array, Array, NULL)
#23 D:/Ngoding/RepoGithub/fiber-manager-G/vendor/laravel/framework/src/Illuminate/Console/Command.php(280): Illuminate/Container/Container->call(Array)
#24 D:/Ngoding/RepoGithub/fiber-manager-G/vendor/symfony/console/Command/Command.php(341): Illuminate/Console/Command->execute(Object(Symfony/Component/Console/Input/ArgvInput), Object(Laravel/Pao/Laravel/PaoOutputStyle))
#25 D:/Ngoding/RepoGithub/fiber-manager-G/vendor/laravel/framework/src/Illuminate/Console/Command.php(249): Symfony/Component/Console/Command/Command->run(Object(Symfony/Component/Console/Input/ArgvInput), Object(Laravel/Pao/Laravel/PaoOutputStyle))
#26 D:/Ngoding/RepoGithub/fiber-manager-G/vendor/symfony/console/Application.php(1117): Illuminate/Console/Command->run(Object(Symfony/Component/Console/Input/ArgvInput), Object(Symfony/Component/Console/Output/ConsoleOutput))
#27 D:/Ngoding/RepoGithub/fiber-manager-G/vendor/symfony/console/Application.php(356): Symfony/Component/Console/Application->doRunCommand(Object(Illuminate/Database/Console/Migrations/StatusCommand), Object(Symfony/Component/Console/Input/ArgvInput), Object(Symfony/Component/Console/Output/ConsoleOutput))
#28 D:/Ngoding/RepoGithub/fiber-manager-G/vendor/symfony/console/Application.php(195): Symfony/Component/Console/Application->doRun(Object(Symfony/Component/Console/Input/ArgvInput), Object(Symfony/Component/Console/Output/ConsoleOutput))
#29 D:/Ngoding/RepoGithub/fiber-manager-G/vendor/laravel/framework/src/Illuminate/Foundation/Console/Kernel.php(198): Symfony/Component/Console/Application->run(Object(Symfony/Component/Console/Input/ArgvInput), Object(Symfony/Component/Console/Output/ConsoleOutput))
#30 D:/Ngoding/RepoGithub/fiber-manager-G/vendor/laravel/framework/src/Illuminate/Foundation/Application.php(1242): Illuminate/Foundation/Console/Kernel->handle(Object(Symfony/Component/Console/Input/ArgvInput), Object(Symfony/Component/Console/Output/ConsoleOutput))
#31 D:/Ngoding/RepoGithub/fiber-manager-G/artisan(16): Illuminate/Foundation/Application->handleCommand(Object(Symfony/Component/Console/Input/ArgvInput))
#32 {main}
"} 
[2026-07-28 05:50:21] local.ERROR: SQLSTATE[HY000]: General error: 1 no such table: users (Connection: sqlite, Database: D:\Ngoding\RepoGithub\fiber-manager-G\database\database.sqlite, SQL: select * from "users" where "username" = admin limit 1) {"exception":"[object] (Illuminate\\Database\\QueryException(code: HY000): SQLSTATE[HY000]: General error: 1 no such table: users (Connection: sqlite, Database: D:\\Ngoding\\RepoGithub\\fiber-manager-G\\database\\database.sqlite, SQL: select * from \"users\" where \"username\" = admin limit 1) at D:/Ngoding/RepoGithub/fiber-manager-G/vendor/laravel/framework/src/Illuminate/Database/Connection.php:857)
[stacktrace]
#0 D:/Ngoding/RepoGithub/fiber-manager-G/vendor/laravel/framework/src/Illuminate/Database/Connection.php(813): Illuminate/Database/Connection->runQueryCallback('select * from \"...', Array, Object(Closure))
#1 D:/Ngoding/RepoGithub/fiber-manager-G/vendor/laravel/framework/src/Illuminate/Database/Connection.php(426): Illuminate/Database/Connection->run('select * from \"...', Array, Object(Closure))
#2 D:/Ngoding/RepoGithub/fiber-manager-G/vendor/laravel/framework/src/Illuminate/Database/Query/Builder.php(3574): Illuminate/Database/Connection->select('select * from \"...', Array, true, Array)
#3 D:/Ngoding/RepoGithub/fiber-manager-G/vendor/laravel/framework/src/Illuminate/Database/Query/Builder.php(3558): Illuminate/Database/Query/Builder->runSelect()
#4 D:/Ngoding/RepoGithub/fiber-manager-G/vendor/laravel/framework/src/Illuminate/Database/Eloquent/Builder.php(908): Illuminate/Database/Query/Builder->get(Array)
#5 D:/Ngoding/RepoGithub/fiber-manager-G/vendor/laravel/framework/src/Illuminate/Database/Eloquent/Builder.php(890): Illuminate/Database/Eloquent/Builder->getModels(Array)
#6 D:/Ngoding/RepoGithub/fiber-manager-G/vendor/laravel/framework/src/Illuminate/Database/Concerns/BuildsQueries.php(366): Illuminate/Database/Eloquent/Builder->get(Array)
#7 D:/Ngoding/RepoGithub/fiber-manager-G/app/Http/Controllers/AuthController.php(48): Illuminate/Database/Eloquent/Builder->first()
#8 D:/Ngoding/RepoGithub/fiber-manager-G/app/Http/Controllers/AuthController.php(19): App/Http/Controllers/AuthController->login(Object(Illuminate/Http/Request))
#9 D:/Ngoding/RepoGithub/fiber-manager-G/vendor/laravel/framework/src/Illuminate/Routing/ControllerDispatcher.php(46): App/Http/Controllers/AuthController->handle(Object(Illuminate/Http/Request))
#10 D:/Ngoding/RepoGithub/fiber-manager-G/vendor/laravel/framework/src/Illuminate/Routing/Route.php(276): Illuminate/Routing/ControllerDispatcher->dispatch(Object(Illuminate/Routing/Route), Object(App/Http/Controllers/AuthController), 'handle')
#11 D:/Ngoding/RepoGithub/fiber-manager-G/vendor/laravel/framework/src/Illuminate/Routing/Route.php(216): Illuminate/Routing/Route->runController()
#12 D:/Ngoding/RepoGithub/fiber-manager-G/vendor/laravel/framework/src/Illuminate/Routing/Router.php(822): Illuminate/Routing/Route->run()
#13 D:/Ngoding/RepoGithub/fiber-manager-G/vendor/laravel/framework/src/Illuminate/Pipeline/Pipeline.php(180): Illuminate/Routing/Router->Illuminate/Routing/{closure}(Object(Illuminate/Http/Request))
#14 D:/Ngoding/RepoGithub/fiber-manager-G/vendor/laravel/framework/src/Illuminate/Routing/Middleware/SubstituteBindings.php(52): Illuminate/Pipeline/Pipeline->Illuminate/Pipeline/{closure}(Object(Illuminate/Http/Request))
#15 D:/Ngoding/RepoGithub/fiber-manager-G/vendor/laravel/framework/src/Illuminate/Pipeline/Pipeline.php(219): Illuminate/Routing/Middleware/SubstituteBindings->handle(Object(Illuminate/Http/Request), Object(Closure))
#16 D:/Ngoding/RepoGithub/fiber-manager-G/vendor/laravel/framework/src/Illuminate/Foundation/Http/Middleware/PreventRequestForgery.php(104): Illuminate/Pipeline/Pipeline->Illuminate/Pipeline/{closure}(Object(Illuminate/Http/Request))
#17 D:/Ngoding/RepoGithub/fiber-manager-G/vendor/laravel/framework/src/Illuminate/Pipeline/Pipeline.php(219): Illuminate/Foundation/Http/Middleware/PreventRequestForgery->handle(Object(Illuminate/Http/Request), Object(Closure))
#18 D:/Ngoding/RepoGithub/fiber-manager-G/vendor/laravel/framework/src/Illuminate/View/Middleware/ShareErrorsFromSession.php(48): Illuminate/Pipeline/Pipeline->Illuminate/Pipeline/{closure}(Object(Illuminate/Http/Request))
#19 D:/Ngoding/RepoGithub/fiber-manager-G/vendor/laravel/framework/src/Illuminate/Pipeline/Pipeline.php(219): Illuminate/View/Middleware/ShareErrorsFromSession->handle(Object(Illuminate/Http/Request), Object(Closure))
#20 D:/Ngoding/RepoGithub/fiber-manager-G/vendor/laravel/framework/src/Illuminate/Session/Middleware/StartSession.php(120): Illuminate/Pipeline/Pipeline->Illuminate/Pipeline/{closure}(Object(Illuminate/Http/Request))
#21 D:/Ngoding/RepoGithub/fiber-manager-G/vendor/laravel/framework/src/Illuminate/Session/Middleware/StartSession.php(63): Illuminate/Session/Middleware/StartSession->handleStatefulRequest(Object(Illuminate/Http/Request), Object(Illuminate/Session/Store), Object(Closure))
#22 D:/Ngoding/RepoGithub/fiber-manager-G/vendor/laravel/framework/src/Illuminate/Pipeline/Pipeline.php(219): Illuminate/Session/Middleware/StartSession->handle(Object(Illuminate/Http/Request), Object(Closure))
#23 D:/Ngoding/RepoGithub/fiber-manager-G/vendor/laravel/framework/src/Illuminate/Cookie/Middleware/AddQueuedCookiesToResponse.php(36): Illuminate/Pipeline/Pipeline->Illuminate/Pipeline/{closure}(Object(Illuminate/Http/Request))
#24 D:/Ngoding/RepoGithub/fiber-manager-G/vendor/laravel/framework/src/Illuminate/Pipeline/Pipeline.php(219): Illuminate/Cookie/Middleware/AddQueuedCookiesToResponse->handle(Object(Illuminate/Http/Request), Object(Closure))
#25 D:/Ngoding/RepoGithub/fiber-manager-G/vendor/laravel/framework/src/Illuminate/Cookie/Middleware/EncryptCookies.php(74): Illuminate/Pipeline/Pipeline->Illuminate/Pipeline/{closure}(Object(Illuminate/Http/Request))
#26 D:/Ngoding/RepoGithub/fiber-manager-G/vendor/laravel/framework/src/Illuminate/Pipeline/Pipeline.php(219): Illuminate/Cookie/Middleware/EncryptCookies->handle(Object(Illuminate/Http/Request), Object(Closure))
#27 D:/Ngoding/RepoGithub/fiber-manager-G/vendor/laravel/framework/src/Illuminate/Pipeline/Pipeline.php(137): Illuminate/Pipeline/Pipeline->Illuminate/Pipeline/{closure}(Object(Illuminate/Http/Request))
#28 D:/Ngoding/RepoGithub/fiber-manager-G/vendor/laravel/framework/src/Illuminate/Routing/Router.php(821): Illuminate/Pipeline/Pipeline->then(Object(Closure))
#29 D:/Ngoding/RepoGithub/fiber-manager-G/vendor/laravel/framework/src/Illuminate/Routing/Router.php(800): Illuminate/Routing/Router->runRouteWithinStack(Object(Illuminate/Routing/Route), Object(Illuminate/Http/Request))
#30 D:/Ngoding/RepoGithub/fiber-manager-G/vendor/laravel/framework/src/Illuminate/Routing/Router.php(764): Illuminate/Routing/Router->runRoute(Object(Illuminate/Http/Request), Object(Illuminate/Routing/Route))
#31 D:/Ngoding/RepoGithub/fiber-manager-G/vendor/laravel/framework/src/Illuminate/Routing/Router.php(753): Illuminate/Routing/Router->dispatchToRoute(Object(Illuminate/Http/Request))
#32 D:/Ngoding/RepoGithub/fiber-manager-G/vendor/laravel/framework/src/Illuminate/Foundation/Http/Kernel.php(200): Illuminate/Routing/Router->dispatch(Object(Illuminate/Http/Request))
#33 D:/Ngoding/RepoGithub/fiber-manager-G/vendor/laravel/framework/src/Illuminate/Pipeline/Pipeline.php(180): Illuminate/Foundation/Http/Kernel->Illuminate/Foundation/Http/{closure}(Object(Illuminate/Http/Request))
#34 D:/Ngoding/RepoGithub/fiber-manager-G/vendor/laravel/framework/src/Illuminate/Foundation/Http/Middleware/TransformsRequest.php(21): Illuminate/Pipeline/Pipeline->Illuminate/Pipeline/{closure}(Object(Illuminate/Http/Request))
#35 D:/Ngoding/RepoGithub/fiber-manager-G/vendor/laravel/framework/src/Illuminate/Foundation/Http/Middleware/ConvertEmptyStringsToNull.php(31): Illuminate/Foundation/Http/Middleware/TransformsRequest->handle(Object(Illuminate/Http/Request), Object(Closure))
#36 D:/Ngoding/RepoGithub/fiber-manager-G/vendor/laravel/framework/src/Illuminate/Pipeline/Pipeline.php(219): Illuminate/Foundation/Http/Middleware/ConvertEmptyStringsToNull->handle(Object(Illuminate/Http/Request), Object(Closure))
#37 D:/Ngoding/RepoGithub/fiber-manager-G/vendor/laravel/framework/src/Illuminate/Foundation/Http/Middleware/TransformsRequest.php(21): Illuminate/Pipeline/Pipeline->Illuminate/Pipeline/{closure}(Object(Illuminate/Http/Request))
#38 D:/Ngoding/RepoGithub/fiber-manager-G/vendor/laravel/framework/src/Illuminate/Foundation/Http/Middleware/TrimStrings.php(51): Illuminate/Foundation/Http/Middleware/TransformsRequest->handle(Object(Illuminate/Http/Request), Object(Closure))
#39 D:/Ngoding/RepoGithub/fiber-manager-G/vendor/laravel/framework/src/Illuminate/Pipeline/Pipeline.php(219): Illuminate/Foundation/Http/Middleware/TrimStrings->handle(Object(Illuminate/Http/Request), Object(Closure))
#40 D:/Ngoding/RepoGithub/fiber-manager-G/vendor/laravel/framework/src/Illuminate/Http/Middleware/ValidatePostSize.php(27): Illuminate/Pipeline/Pipeline->Illuminate/Pipeline/{closure}(Object(Illuminate/Http/Request))
#41 D:/Ngoding/RepoGithub/fiber-manager-G/vendor/laravel/framework/src/Illuminate/Pipeline/Pipeline.php(219): Illuminate/Http/Middleware/ValidatePostSize->handle(Object(Illuminate/Http/Request), Object(Closure))
#42 D:/Ngoding/RepoGithub/fiber-manager-G/vendor/laravel/framework/src/Illuminate/Foundation/Http/Middleware/PreventRequestsDuringMaintenance.php(109): Illuminate/Pipeline/Pipeline->Illuminate/Pipeline/{closure}(Object(Illuminate/Http/Request))
#43 D:/Ngoding/RepoGithub/fiber-manager-G/vendor/laravel/framework/src/Illuminate/Pipeline/Pipeline.php(219): Illuminate/Foundation/Http/Middleware/PreventRequestsDuringMaintenance->handle(Object(Illuminate/Http/Request), Object(Closure))
#44 D:/Ngoding/RepoGithub/fiber-manager-G/vendor/laravel/framework/src/Illuminate/Http/Middleware/HandleCors.php(74): Illuminate/Pipeline/Pipeline->Illuminate/Pipeline/{closure}(Object(Illuminate/Http/Request))
#45 D:/Ngoding/RepoGithub/fiber-manager-G/vendor/laravel/framework/src/Illuminate/Pipeline/Pipeline.php(219): Illuminate/Http/Middleware/HandleCors->handle(Object(Illuminate/Http/Request), Object(Closure))
#46 D:/Ngoding/RepoGithub/fiber-manager-G/vendor/laravel/framework/src/Illuminate/Http/Middleware/TrustProxies.php(58): Illuminate/Pipeline/Pipeline->Illuminate/Pipeline/{closure}(Object(Illuminate/Http/Request))
#47 D:/Ngoding/RepoGithub/fiber-manager-G/vendor/laravel/framework/src/Illuminate/Pipeline/Pipeline.php(219): Illuminate/Http/Middleware/TrustProxies->handle(Object(Illuminate/Http/Request), Object(Closure))
#48 D:/Ngoding/RepoGithub/fiber-manager-G/vendor/laravel/framework/src/Illuminate/Foundation/Http/Middleware/InvokeDeferredCallbacks.php(22): Illuminate/Pipeline/Pipeline->Illuminate/Pipeline/{closure}(Object(Illuminate/Http/Request))
#49 D:/Ngoding/RepoGithub/fiber-manager-G/vendor/laravel/framework/src/Illuminate/Pipeline/Pipeline.php(219): Illuminate/Foundation/Http/Middleware/InvokeDeferredCallbacks->handle(Object(Illuminate/Http/Request), Object(Closure))
#50 D:/Ngoding/RepoGithub/fiber-manager-G/vendor/laravel/framework/src/Illuminate/Http/Middleware/ValidatePathEncoding.php(28): Illuminate/Pipeline/Pipeline->Illuminate/Pipeline/{closure}(Object(Illuminate/Http/Request))
#51 D:/Ngoding/RepoGithub/fiber-manager-G/vendor/laravel/framework/src/Illuminate/Pipeline/Pipeline.php(219): Illuminate/Http/Middleware/ValidatePathEncoding->handle(Object(Illuminate/Http/Request), Object(Closure))
#52 D:/Ngoding/RepoGithub/fiber-manager-G/vendor/laravel/framework/src/Illuminate/Pipeline/Pipeline.php(137): Illuminate/Pipeline/Pipeline->Illuminate/Pipeline/{closure}(Object(Illuminate/Http/Request))
#53 D:/Ngoding/RepoGithub/fiber-manager-G/vendor/laravel/framework/src/Illuminate/Foundation/Http/Kernel.php(175): Illuminate/Pipeline/Pipeline->then(Object(Closure))
#54 D:/Ngoding/RepoGithub/fiber-manager-G/vendor/laravel/framework/src/Illuminate/Foundation/Http/Kernel.php(144): Illuminate/Foundation/Http/Kernel->sendRequestThroughRouter(Object(Illuminate/Http/Request))
#55 D:/Ngoding/RepoGithub/fiber-manager-G/vendor/laravel/framework/src/Illuminate/Foundation/Application.php(1227): Illuminate/Foundation/Http/Kernel->handle(Object(Illuminate/Http/Request))
#56 D:/Ngoding/RepoGithub/fiber-manager-G/public/index.php(20): Illuminate/Foundation/Application->handleRequest(Object(Illuminate/Http/Request))
#57 D:/Ngoding/RepoGithub/fiber-manager-G/vendor/laravel/framework/src/Illuminate/Foundation/resources/server.php(23): require_once('D://Ngoding//Repo...')
#58 {main}

[previous exception] [object] (PDOException(code: HY000): SQLSTATE[HY000]: General error: 1 no such table: users at D:/Ngoding/RepoGithub/fiber-manager-G/vendor/laravel/framework/src/Illuminate/Database/Connection.php:435)
[stacktrace]
#0 D:/Ngoding/RepoGithub/fiber-manager-G/vendor/laravel/framework/src/Illuminate/Database/Connection.php(435): PDO->prepare('select * from \"...')
#1 D:/Ngoding/RepoGithub/fiber-manager-G/vendor/laravel/framework/src/Illuminate/Database/Connection.php(846): Illuminate/Database/Connection->Illuminate/Database/{closure}('select * from \"...', Array)
#2 D:/Ngoding/RepoGithub/fiber-manager-G/vendor/laravel/framework/src/Illuminate/Database/Connection.php(813): Illuminate/Database/Connection->runQueryCallback('select * from \"...', Array, Object(Closure))
#3 D:/Ngoding/RepoGithub/fiber-manager-G/vendor/laravel/framework/src/Illuminate/Database/Connection.php(426): Illuminate/Database/Connection->run('select * from \"...', Array, Object(Closure))
#4 D:/Ngoding/RepoGithub/fiber-manager-G/vendor/laravel/framework/src/Illuminate/Database/Query/Builder.php(3574): Illuminate/Database/Connection->select('select * from \"...', Array, true, Array)
#5 D:/Ngoding/RepoGithub/fiber-manager-G/vendor/laravel/framework/src/Illuminate/Database/Query/Builder.php(3558): Illuminate/Database/Query/Builder->runSelect()
#6 D:/Ngoding/RepoGithub/fiber-manager-G/vendor/laravel/framework/src/Illuminate/Database/Eloquent/Builder.php(908): Illuminate/Database/Query/Builder->get(Array)
#7 D:/Ngoding/RepoGithub/fiber-manager-G/vendor/laravel/framework/src/Illuminate/Database/Eloquent/Builder.php(890): Illuminate/Database/Eloquent/Builder->getModels(Array)
#8 D:/Ngoding/RepoGithub/fiber-manager-G/vendor/laravel/framework/src/Illuminate/Database/Concerns/BuildsQueries.php(366): Illuminate/Database/Eloquent/Builder->get(Array)
#9 D:/Ngoding/RepoGithub/fiber-manager-G/app/Http/Controllers/AuthController.php(48): Illuminate/Database/Eloquent/Builder->first()
#10 D:/Ngoding/RepoGithub/fiber-manager-G/app/Http/Controllers/AuthController.php(19): App/Http/Controllers/AuthController->login(Object(Illuminate/Http/Request))
#11 D:/Ngoding/RepoGithub/fiber-manager-G/vendor/laravel/framework/src/Illuminate/Routing/ControllerDispatcher.php(46): App/Http/Controllers/AuthController->handle(Object(Illuminate/Http/Request))
#12 D:/Ngoding/RepoGithub/fiber-manager-G/vendor/laravel/framework/src/Illuminate/Routing/Route.php(276): Illuminate/Routing/ControllerDispatcher->dispatch(Object(Illuminate/Routing/Route), Object(App/Http/Controllers/AuthController), 'handle')
#13 D:/Ngoding/RepoGithub/fiber-manager-G/vendor/laravel/framework/src/Illuminate/Routing/Route.php(216): Illuminate/Routing/Route->runController()
#14 D:/Ngoding/RepoGithub/fiber-manager-G/vendor/laravel/framework/src/Illuminate/Routing/Router.php(822): Illuminate/Routing/Route->run()
#15 D:/Ngoding/RepoGithub/fiber-manager-G/vendor/laravel/framework/src/Illuminate/Pipeline/Pipeline.php(180): Illuminate/Routing/Router->Illuminate/Routing/{closure}(Object(Illuminate/Http/Request))
#16 D:/Ngoding/RepoGithub/fiber-manager-G/vendor/laravel/framework/src/Illuminate/Routing/Middleware/SubstituteBindings.php(52): Illuminate/Pipeline/Pipeline->Illuminate/Pipeline/{closure}(Object(Illuminate/Http/Request))
#17 D:/Ngoding/RepoGithub/fiber-manager-G/vendor/laravel/framework/src/Illuminate/Pipeline/Pipeline.php(219): Illuminate/Routing/Middleware/SubstituteBindings->handle(Object(Illuminate/Http/Request), Object(Closure))
#18 D:/Ngoding/RepoGithub/fiber-manager-G/vendor/laravel/framework/src/Illuminate/Foundation/Http/Middleware/PreventRequestForgery.php(104): Illuminate/Pipeline/Pipeline->Illuminate/Pipeline/{closure}(Object(Illuminate/Http/Request))
#19 D:/Ngoding/RepoGithub/fiber-manager-G/vendor/laravel/framework/src/Illuminate/Pipeline/Pipeline.php(219): Illuminate/Foundation/Http/Middleware/PreventRequestForgery->handle(Object(Illuminate/Http/Request), Object(Closure))
#20 D:/Ngoding/RepoGithub/fiber-manager-G/vendor/laravel/framework/src/Illuminate/View/Middleware/ShareErrorsFromSession.php(48): Illuminate/Pipeline/Pipeline->Illuminate/Pipeline/{closure}(Object(Illuminate/Http/Request))
#21 D:/Ngoding/RepoGithub/fiber-manager-G/vendor/laravel/framework/src/Illuminate/Pipeline/Pipeline.php(219): Illuminate/View/Middleware/ShareErrorsFromSession->handle(Object(Illuminate/Http/Request), Object(Closure))
#22 D:/Ngoding/RepoGithub/fiber-manager-G/vendor/laravel/framework/src/Illuminate/Session/Middleware/StartSession.php(120): Illuminate/Pipeline/Pipeline->Illuminate/Pipeline/{closure}(Object(Illuminate/Http/Request))
#23 D:/Ngoding/RepoGithub/fiber-manager-G/vendor/laravel/framework/src/Illuminate/Session/Middleware/StartSession.php(63): Illuminate/Session/Middleware/StartSession->handleStatefulRequest(Object(Illuminate/Http/Request), Object(Illuminate/Session/Store), Object(Closure))
#24 D:/Ngoding/RepoGithub/fiber-manager-G/vendor/laravel/framework/src/Illuminate/Pipeline/Pipeline.php(219): Illuminate/Session/Middleware/StartSession->handle(Object(Illuminate/Http/Request), Object(Closure))
#25 D:/Ngoding/RepoGithub/fiber-manager-G/vendor/laravel/framework/src/Illuminate/Cookie/Middleware/AddQueuedCookiesToResponse.php(36): Illuminate/Pipeline/Pipeline->Illuminate/Pipeline/{closure}(Object(Illuminate/Http/Request))
#26 D:/Ngoding/RepoGithub/fiber-manager-G/vendor/laravel/framework/src/Illuminate/Pipeline/Pipeline.php(219): Illuminate/Cookie/Middleware/AddQueuedCookiesToResponse->handle(Object(Illuminate/Http/Request), Object(Closure))
#27 D:/Ngoding/RepoGithub/fiber-manager-G/vendor/laravel/framework/src/Illuminate/Cookie/Middleware/EncryptCookies.php(74): Illuminate/Pipeline/Pipeline->Illuminate/Pipeline/{closure}(Object(Illuminate/Http/Request))
#28 D:/Ngoding/RepoGithub/fiber-manager-G/vendor/laravel/framework/src/Illuminate/Pipeline/Pipeline.php(219): Illuminate/Cookie/Middleware/EncryptCookies->handle(Object(Illuminate/Http/Request), Object(Closure))
#29 D:/Ngoding/RepoGithub/fiber-manager-G/vendor/laravel/framework/src/Illuminate/Pipeline/Pipeline.php(137): Illuminate/Pipeline/Pipeline->Illuminate/Pipeline/{closure}(Object(Illuminate/Http/Request))
#30 D:/Ngoding/RepoGithub/fiber-manager-G/vendor/laravel/framework/src/Illuminate/Routing/Router.php(821): Illuminate/Pipeline/Pipeline->then(Object(Closure))
#31 D:/Ngoding/RepoGithub/fiber-manager-G/vendor/laravel/framework/src/Illuminate/Routing/Router.php(800): Illuminate/Routing/Router->runRouteWithinStack(Object(Illuminate/Routing/Route), Object(Illuminate/Http/Request))
#32 D:/Ngoding/RepoGithub/fiber-manager-G/vendor/laravel/framework/src/Illuminate/Routing/Router.php(764): Illuminate/Routing/Router->runRoute(Object(Illuminate/Http/Request), Object(Illuminate/Routing/Route))
#33 D:/Ngoding/RepoGithub/fiber-manager-G/vendor/laravel/framework/src/Illuminate/Routing/Router.php(753): Illuminate/Routing/Router->dispatchToRoute(Object(Illuminate/Http/Request))
#34 D:/Ngoding/RepoGithub/fiber-manager-G/vendor/laravel/framework/src/Illuminate/Foundation/Http/Kernel.php(200): Illuminate/Routing/Router->dispatch(Object(Illuminate/Http/Request))
#35 D:/Ngoding/RepoGithub/fiber-manager-G/vendor/laravel/framework/src/Illuminate/Pipeline/Pipeline.php(180): Illuminate/Foundation/Http/Kernel->Illuminate/Foundation/Http/{closure}(Object(Illuminate/Http/Request))
#36 D:/Ngoding/RepoGithub/fiber-manager-G/vendor/laravel/framework/src/Illuminate/Foundation/Http/Middleware/TransformsRequest.php(21): Illuminate/Pipeline/Pipeline->Illuminate/Pipeline/{closure}(Object(Illuminate/Http/Request))
#37 D:/Ngoding/RepoGithub/fiber-manager-G/vendor/laravel/framework/src/Illuminate/Foundation/Http/Middleware/ConvertEmptyStringsToNull.php(31): Illuminate/Foundation/Http/Middleware/TransformsRequest->handle(Object(Illuminate/Http/Request), Object(Closure))
#38 D:/Ngoding/RepoGithub/fiber-manager-G/vendor/laravel/framework/src/Illuminate/Pipeline/Pipeline.php(219): Illuminate/Foundation/Http/Middleware/ConvertEmptyStringsToNull->handle(Object(Illuminate/Http/Request), Object(Closure))
#39 D:/Ngoding/RepoGithub/fiber-manager-G/vendor/laravel/framework/src/Illuminate/Foundation/Http/Middleware/TransformsRequest.php(21): Illuminate/Pipeline/Pipeline->Illuminate/Pipeline/{closure}(Object(Illuminate/Http/Request))
#40 D:/Ngoding/RepoGithub/fiber-manager-G/vendor/laravel/framework/src/Illuminate/Foundation/Http/Middleware/TrimStrings.php(51): Illuminate/Foundation/Http/Middleware/TransformsRequest->handle(Object(Illuminate/Http/Request), Object(Closure))
#41 D:/Ngoding/RepoGithub/fiber-manager-G/vendor/laravel/framework/src/Illuminate/Pipeline/Pipeline.php(219): Illuminate/Foundation/Http/Middleware/TrimStrings->handle(Object(Illuminate/Http/Request), Object(Closure))
#42 D:/Ngoding/RepoGithub/fiber-manager-G/vendor/laravel/framework/src/Illuminate/Http/Middleware/ValidatePostSize.php(27): Illuminate/Pipeline/Pipeline->Illuminate/Pipeline/{closure}(Object(Illuminate/Http/Request))
#43 D:/Ngoding/RepoGithub/fiber-manager-G/vendor/laravel/framework/src/Illuminate/Pipeline/Pipeline.php(219): Illuminate/Http/Middleware/ValidatePostSize->handle(Object(Illuminate/Http/Request), Object(Closure))
#44 D:/Ngoding/RepoGithub/fiber-manager-G/vendor/laravel/framework/src/Illuminate/Foundation/Http/Middleware/PreventRequestsDuringMaintenance.php(109): Illuminate/Pipeline/Pipeline->Illuminate/Pipeline/{closure}(Object(Illuminate/Http/Request))
#45 D:/Ngoding/RepoGithub/fiber-manager-G/vendor/laravel/framework/src/Illuminate/Pipeline/Pipeline.php(219): Illuminate/Foundation/Http/Middleware/PreventRequestsDuringMaintenance->handle(Object(Illuminate/Http/Request), Object(Closure))
#46 D:/Ngoding/RepoGithub/fiber-manager-G/vendor/laravel/framework/src/Illuminate/Http/Middleware/HandleCors.php(74): Illuminate/Pipeline/Pipeline->Illuminate/Pipeline/{closure}(Object(Illuminate/Http/Request))
#47 D:/Ngoding/RepoGithub/fiber-manager-G/vendor/laravel/framework/src/Illuminate/Pipeline/Pipeline.php(219): Illuminate/Http/Middleware/HandleCors->handle(Object(Illuminate/Http/Request), Object(Closure))
#48 D:/Ngoding/RepoGithub/fiber-manager-G/vendor/laravel/framework/src/Illuminate/Http/Middleware/TrustProxies.php(58): Illuminate/Pipeline/Pipeline->Illuminate/Pipeline/{closure}(Object(Illuminate/Http/Request))
#49 D:/Ngoding/RepoGithub/fiber-manager-G/vendor/laravel/framework/src/Illuminate/Pipeline/Pipeline.php(219): Illuminate/Http/Middleware/TrustProxies->handle(Object(Illuminate/Http/Request), Object(Closure))
#50 D:/Ngoding/RepoGithub/fiber-manager-G/vendor/laravel/framework/src/Illuminate/Foundation/Http/Middleware/InvokeDeferredCallbacks.php(22): Illuminate/Pipeline/Pipeline->Illuminate/Pipeline/{closure}(Object(Illuminate/Http/Request))
#51 D:/Ngoding/RepoGithub/fiber-manager-G/vendor/laravel/framework/src/Illuminate/Pipeline/Pipeline.php(219): Illuminate/Foundation/Http/Middleware/InvokeDeferredCallbacks->handle(Object(Illuminate/Http/Request), Object(Closure))
#52 D:/Ngoding/RepoGithub/fiber-manager-G/vendor/laravel/framework/src/Illuminate/Http/Middleware/ValidatePathEncoding.php(28): Illuminate/Pipeline/Pipeline->Illuminate/Pipeline/{closure}(Object(Illuminate/Http/Request))
#53 D:/Ngoding/RepoGithub/fiber-manager-G/vendor/laravel/framework/src/Illuminate/Pipeline/Pipeline.php(219): Illuminate/Http/Middleware/ValidatePathEncoding->handle(Object(Illuminate/Http/Request), Object(Closure))
#54 D:/Ngoding/RepoGithub/fiber-manager-G/vendor/laravel/framework/src/Illuminate/Pipeline/Pipeline.php(137): Illuminate/Pipeline/Pipeline->Illuminate/Pipeline/{closure}(Object(Illuminate/Http/Request))
#55 D:/Ngoding/RepoGithub/fiber-manager-G/vendor/laravel/framework/src/Illuminate/Foundation/Http/Kernel.php(175): Illuminate/Pipeline/Pipeline->then(Object(Closure))
#56 D:/Ngoding/RepoGithub/fiber-manager-G/vendor/laravel/framework/src/Illuminate/Foundation/Http/Kernel.php(144): Illuminate/Foundation/Http/Kernel->sendRequestThroughRouter(Object(Illuminate/Http/Request))
#57 D:/Ngoding/RepoGithub/fiber-manager-G/vendor/laravel/framework/src/Illuminate/Foundation/Application.php(1227): Illuminate/Foundation/Http/Kernel->handle(Object(Illuminate/Http/Request))
#58 D:/Ngoding/RepoGithub/fiber-manager-G/public/index.php(20): Illuminate/Foundation/Application->handleRequest(Object(Illuminate/Http/Request))
#59 D:/Ngoding/RepoGithub/fiber-manager-G/vendor/laravel/framework/src/Illuminate/Foundation/resources/server.php(23): require_once('D://Ngoding//Repo...')
#60 {main}
"} 
[2026-07-28 05:51:30] local.ERROR: SQLSTATE[HY000]: General error: 1 no such table: users (Connection: sqlite, Database: D:\Ngoding\RepoGithub\fiber-manager-G\database\database.sqlite, SQL: select * from "users" where "username" = fadil limit 1) {"exception":"[object] (Illuminate\\Database\\QueryException(code: HY000): SQLSTATE[HY000]: General error: 1 no such table: users (Connection: sqlite, Database: D:\\Ngoding\\RepoGithub\\fiber-manager-G\\database\\database.sqlite, SQL: select * from \"users\" where \"username\" = fadil limit 1) at D:/Ngoding/RepoGithub/fiber-manager-G/vendor/laravel/framework/src/Illuminate/Database/Connection.php:857)
[stacktrace]
#0 D:/Ngoding/RepoGithub/fiber-manager-G/vendor/laravel/framework/src/Illuminate/Database/Connection.php(813): Illuminate/Database/Connection->runQueryCallback('select * from \"...', Array, Object(Closure))
#1 D:/Ngoding/RepoGithub/fiber-manager-G/vendor/laravel/framework/src/Illuminate/Database/Connection.php(426): Illuminate/Database/Connection->run('select * from \"...', Array, Object(Closure))
#2 D:/Ngoding/RepoGithub/fiber-manager-G/vendor/laravel/framework/src/Illuminate/Database/Query/Builder.php(3574): Illuminate/Database/Connection->select('select * from \"...', Array, true, Array)
#3 D:/Ngoding/RepoGithub/fiber-manager-G/vendor/laravel/framework/src/Illuminate/Database/Query/Builder.php(3558): Illuminate/Database/Query/Builder->runSelect()
#4 D:/Ngoding/RepoGithub/fiber-manager-G/vendor/laravel/framework/src/Illuminate/Database/Eloquent/Builder.php(908): Illuminate/Database/Query/Builder->get(Array)
#5 D:/Ngoding/RepoGithub/fiber-manager-G/vendor/laravel/framework/src/Illuminate/Database/Eloquent/Builder.php(890): Illuminate/Database/Eloquent/Builder->getModels(Array)
#6 D:/Ngoding/RepoGithub/fiber-manager-G/vendor/laravel/framework/src/Illuminate/Database/Concerns/BuildsQueries.php(366): Illuminate/Database/Eloquent/Builder->get(Array)
#7 D:/Ngoding/RepoGithub/fiber-manager-G/app/Http/Controllers/AuthController.php(48): Illuminate/Database/Eloquent/Builder->first()
#8 D:/Ngoding/RepoGithub/fiber-manager-G/app/Http/Controllers/AuthController.php(19): App/Http/Controllers/AuthController->login(Object(Illuminate/Http/Request))
#9 D:/Ngoding/RepoGithub/fiber-manager-G/vendor/laravel/framework/src/Illuminate/Routing/ControllerDispatcher.php(46): App/Http/Controllers/AuthController->handle(Object(Illuminate/Http/Request))
#10 D:/Ngoding/RepoGithub/fiber-manager-G/vendor/laravel/framework/src/Illuminate/Routing/Route.php(276): Illuminate/Routing/ControllerDispatcher->dispatch(Object(Illuminate/Routing/Route), Object(App/Http/Controllers/AuthController), 'handle')
#11 D:/Ngoding/RepoGithub/fiber-manager-G/vendor/laravel/framework/src/Illuminate/Routing/Route.php(216): Illuminate/Routing/Route->runController()
#12 D:/Ngoding/RepoGithub/fiber-manager-G/vendor/laravel/framework/src/Illuminate/Routing/Router.php(822): Illuminate/Routing/Route->run()
#13 D:/Ngoding/RepoGithub/fiber-manager-G/vendor/laravel/framework/src/Illuminate/Pipeline/Pipeline.php(180): Illuminate/Routing/Router->Illuminate/Routing/{closure}(Object(Illuminate/Http/Request))
#14 D:/Ngoding/RepoGithub/fiber-manager-G/vendor/laravel/framework/src/Illuminate/Routing/Middleware/SubstituteBindings.php(52): Illuminate/Pipeline/Pipeline->Illuminate/Pipeline/{closure}(Object(Illuminate/Http/Request))
#15 D:/Ngoding/RepoGithub/fiber-manager-G/vendor/laravel/framework/src/Illuminate/Pipeline/Pipeline.php(219): Illuminate/Routing/Middleware/SubstituteBindings->handle(Object(Illuminate/Http/Request), Object(Closure))
#16 D:/Ngoding/RepoGithub/fiber-manager-G/vendor/laravel/framework/src/Illuminate/Foundation/Http/Middleware/PreventRequestForgery.php(104): Illuminate/Pipeline/Pipeline->Illuminate/Pipeline/{closure}(Object(Illuminate/Http/Request))
#17 D:/Ngoding/RepoGithub/fiber-manager-G/vendor/laravel/framework/src/Illuminate/Pipeline/Pipeline.php(219): Illuminate/Foundation/Http/Middleware/PreventRequestForgery->handle(Object(Illuminate/Http/Request), Object(Closure))
#18 D:/Ngoding/RepoGithub/fiber-manager-G/vendor/laravel/framework/src/Illuminate/View/Middleware/ShareErrorsFromSession.php(48): Illuminate/Pipeline/Pipeline->Illuminate/Pipeline/{closure}(Object(Illuminate/Http/Request))
#19 D:/Ngoding/RepoGithub/fiber-manager-G/vendor/laravel/framework/src/Illuminate/Pipeline/Pipeline.php(219): Illuminate/View/Middleware/ShareErrorsFromSession->handle(Object(Illuminate/Http/Request), Object(Closure))
#20 D:/Ngoding/RepoGithub/fiber-manager-G/vendor/laravel/framework/src/Illuminate/Session/Middleware/StartSession.php(120): Illuminate/Pipeline/Pipeline->Illuminate/Pipeline/{closure}(Object(Illuminate/Http/Request))
#21 D:/Ngoding/RepoGithub/fiber-manager-G/vendor/laravel/framework/src/Illuminate/Session/Middleware/StartSession.php(63): Illuminate/Session/Middleware/StartSession->handleStatefulRequest(Object(Illuminate/Http/Request), Object(Illuminate/Session/Store), Object(Closure))
#22 D:/Ngoding/RepoGithub/fiber-manager-G/vendor/laravel/framework/src/Illuminate/Pipeline/Pipeline.php(219): Illuminate/Session/Middleware/StartSession->handle(Object(Illuminate/Http/Request), Object(Closure))
#23 D:/Ngoding/RepoGithub/fiber-manager-G/vendor/laravel/framework/src/Illuminate/Cookie/Middleware/AddQueuedCookiesToResponse.php(36): Illuminate/Pipeline/Pipeline->Illuminate/Pipeline/{closure}(Object(Illuminate/Http/Request))
#24 D:/Ngoding/RepoGithub/fiber-manager-G/vendor/laravel/framework/src/Illuminate/Pipeline/Pipeline.php(219): Illuminate/Cookie/Middleware/AddQueuedCookiesToResponse->handle(Object(Illuminate/Http/Request), Object(Closure))
#25 D:/Ngoding/RepoGithub/fiber-manager-G/vendor/laravel/framework/src/Illuminate/Cookie/Middleware/EncryptCookies.php(74): Illuminate/Pipeline/Pipeline->Illuminate/Pipeline/{closure}(Object(Illuminate/Http/Request))
#26 D:/Ngoding/RepoGithub/fiber-manager-G/vendor/laravel/framework/src/Illuminate/Pipeline/Pipeline.php(219): Illuminate/Cookie/Middleware/EncryptCookies->handle(Object(Illuminate/Http/Request), Object(Closure))
#27 D:/Ngoding/RepoGithub/fiber-manager-G/vendor/laravel/framework/src/Illuminate/Pipeline/Pipeline.php(137): Illuminate/Pipeline/Pipeline->Illuminate/Pipeline/{closure}(Object(Illuminate/Http/Request))
#28 D:/Ngoding/RepoGithub/fiber-manager-G/vendor/laravel/framework/src/Illuminate/Routing/Router.php(821): Illuminate/Pipeline/Pipeline->then(Object(Closure))
#29 D:/Ngoding/RepoGithub/fiber-manager-G/vendor/laravel/framework/src/Illuminate/Routing/Router.php(800): Illuminate/Routing/Router->runRouteWithinStack(Object(Illuminate/Routing/Route), Object(Illuminate/Http/Request))
#30 D:/Ngoding/RepoGithub/fiber-manager-G/vendor/laravel/framework/src/Illuminate/Routing/Router.php(764): Illuminate/Routing/Router->runRoute(Object(Illuminate/Http/Request), Object(Illuminate/Routing/Route))
#31 D:/Ngoding/RepoGithub/fiber-manager-G/vendor/laravel/framework/src/Illuminate/Routing/Router.php(753): Illuminate/Routing/Router->dispatchToRoute(Object(Illuminate/Http/Request))
#32 D:/Ngoding/RepoGithub/fiber-manager-G/vendor/laravel/framework/src/Illuminate/Foundation/Http/Kernel.php(200): Illuminate/Routing/Router->dispatch(Object(Illuminate/Http/Request))
#33 D:/Ngoding/RepoGithub/fiber-manager-G/vendor/laravel/framework/src/Illuminate/Pipeline/Pipeline.php(180): Illuminate/Foundation/Http/Kernel->Illuminate/Foundation/Http/{closure}(Object(Illuminate/Http/Request))
#34 D:/Ngoding/RepoGithub/fiber-manager-G/vendor/laravel/framework/src/Illuminate/Foundation/Http/Middleware/TransformsRequest.php(21): Illuminate/Pipeline/Pipeline->Illuminate/Pipeline/{closure}(Object(Illuminate/Http/Request))
#35 D:/Ngoding/RepoGithub/fiber-manager-G/vendor/laravel/framework/src/Illuminate/Foundation/Http/Middleware/ConvertEmptyStringsToNull.php(31): Illuminate/Foundation/Http/Middleware/TransformsRequest->handle(Object(Illuminate/Http/Request), Object(Closure))
#36 D:/Ngoding/RepoGithub/fiber-manager-G/vendor/laravel/framework/src/Illuminate/Pipeline/Pipeline.php(219): Illuminate/Foundation/Http/Middleware/ConvertEmptyStringsToNull->handle(Object(Illuminate/Http/Request), Object(Closure))
#37 D:/Ngoding/RepoGithub/fiber-manager-G/vendor/laravel/framework/src/Illuminate/Foundation/Http/Middleware/TransformsRequest.php(21): Illuminate/Pipeline/Pipeline->Illuminate/Pipeline/{closure}(Object(Illuminate/Http/Request))
#38 D:/Ngoding/RepoGithub/fiber-manager-G/vendor/laravel/framework/src/Illuminate/Foundation/Http/Middleware/TrimStrings.php(51): Illuminate/Foundation/Http/Middleware/TransformsRequest->handle(Object(Illuminate/Http/Request), Object(Closure))
#39 D:/Ngoding/RepoGithub/fiber-manager-G/vendor/laravel/framework/src/Illuminate/Pipeline/Pipeline.php(219): Illuminate/Foundation/Http/Middleware/TrimStrings->handle(Object(Illuminate/Http/Request), Object(Closure))
#40 D:/Ngoding/RepoGithub/fiber-manager-G/vendor/laravel/framework/src/Illuminate/Http/Middleware/ValidatePostSize.php(27): Illuminate/Pipeline/Pipeline->Illuminate/Pipeline/{closure}(Object(Illuminate/Http/Request))
#41 D:/Ngoding/RepoGithub/fiber-manager-G/vendor/laravel/framework/src/Illuminate/Pipeline/Pipeline.php(219): Illuminate/Http/Middleware/ValidatePostSize->handle(Object(Illuminate/Http/Request), Object(Closure))
#42 D:/Ngoding/RepoGithub/fiber-manager-G/vendor/laravel/framework/src/Illuminate/Foundation/Http/Middleware/PreventRequestsDuringMaintenance.php(109): Illuminate/Pipeline/Pipeline->Illuminate/Pipeline/{closure}(Object(Illuminate/Http/Request))
#43 D:/Ngoding/RepoGithub/fiber-manager-G/vendor/laravel/framework/src/Illuminate/Pipeline/Pipeline.php(219): Illuminate/Foundation/Http/Middleware/PreventRequestsDuringMaintenance->handle(Object(Illuminate/Http/Request), Object(Closure))
#44 D:/Ngoding/RepoGithub/fiber-manager-G/vendor/laravel/framework/src/Illuminate/Http/Middleware/HandleCors.php(74): Illuminate/Pipeline/Pipeline->Illuminate/Pipeline/{closure}(Object(Illuminate/Http/Request))
#45 D:/Ngoding/RepoGithub/fiber-manager-G/vendor/laravel/framework/src/Illuminate/Pipeline/Pipeline.php(219): Illuminate/Http/Middleware/HandleCors->handle(Object(Illuminate/Http/Request), Object(Closure))
#46 D:/Ngoding/RepoGithub/fiber-manager-G/vendor/laravel/framework/src/Illuminate/Http/Middleware/TrustProxies.php(58): Illuminate/Pipeline/Pipeline->Illuminate/Pipeline/{closure}(Object(Illuminate/Http/Request))
#47 D:/Ngoding/RepoGithub/fiber-manager-G/vendor/laravel/framework/src/Illuminate/Pipeline/Pipeline.php(219): Illuminate/Http/Middleware/TrustProxies->handle(Object(Illuminate/Http/Request), Object(Closure))
#48 D:/Ngoding/RepoGithub/fiber-manager-G/vendor/laravel/framework/src/Illuminate/Foundation/Http/Middleware/InvokeDeferredCallbacks.php(22): Illuminate/Pipeline/Pipeline->Illuminate/Pipeline/{closure}(Object(Illuminate/Http/Request))
#49 D:/Ngoding/RepoGithub/fiber-manager-G/vendor/laravel/framework/src/Illuminate/Pipeline/Pipeline.php(219): Illuminate/Foundation/Http/Middleware/InvokeDeferredCallbacks->handle(Object(Illuminate/Http/Request), Object(Closure))
#50 D:/Ngoding/RepoGithub/fiber-manager-G/vendor/laravel/framework/src/Illuminate/Http/Middleware/ValidatePathEncoding.php(28): Illuminate/Pipeline/Pipeline->Illuminate/Pipeline/{closure}(Object(Illuminate/Http/Request))
#51 D:/Ngoding/RepoGithub/fiber-manager-G/vendor/laravel/framework/src/Illuminate/Pipeline/Pipeline.php(219): Illuminate/Http/Middleware/ValidatePathEncoding->handle(Object(Illuminate/Http/Request), Object(Closure))
#52 D:/Ngoding/RepoGithub/fiber-manager-G/vendor/laravel/framework/src/Illuminate/Pipeline/Pipeline.php(137): Illuminate/Pipeline/Pipeline->Illuminate/Pipeline/{closure}(Object(Illuminate/Http/Request))
#53 D:/Ngoding/RepoGithub/fiber-manager-G/vendor/laravel/framework/src/Illuminate/Foundation/Http/Kernel.php(175): Illuminate/Pipeline/Pipeline->then(Object(Closure))
#54 D:/Ngoding/RepoGithub/fiber-manager-G/vendor/laravel/framework/src/Illuminate/Foundation/Http/Kernel.php(144): Illuminate/Foundation/Http/Kernel->sendRequestThroughRouter(Object(Illuminate/Http/Request))
#55 D:/Ngoding/RepoGithub/fiber-manager-G/vendor/laravel/framework/src/Illuminate/Foundation/Application.php(1227): Illuminate/Foundation/Http/Kernel->handle(Object(Illuminate/Http/Request))
#56 D:/Ngoding/RepoGithub/fiber-manager-G/public/index.php(20): Illuminate/Foundation/Application->handleRequest(Object(Illuminate/Http/Request))
#57 D:/Ngoding/RepoGithub/fiber-manager-G/vendor/laravel/framework/src/Illuminate/Foundation/resources/server.php(23): require_once('D://Ngoding//Repo...')
#58 {main}

[previous exception] [object] (PDOException(code: HY000): SQLSTATE[HY000]: General error: 1 no such table: users at D:/Ngoding/RepoGithub/fiber-manager-G/vendor/laravel/framework/src/Illuminate/Database/Connection.php:435)
[stacktrace]
#0 D:/Ngoding/RepoGithub/fiber-manager-G/vendor/laravel/framework/src/Illuminate/Database/Connection.php(435): PDO->prepare('select * from \"...')
#1 D:/Ngoding/RepoGithub/fiber-manager-G/vendor/laravel/framework/src/Illuminate/Database/Connection.php(846): Illuminate/Database/Connection->Illuminate/Database/{closure}('select * from \"...', Array)
#2 D:/Ngoding/RepoGithub/fiber-manager-G/vendor/laravel/framework/src/Illuminate/Database/Connection.php(813): Illuminate/Database/Connection->runQueryCallback('select * from \"...', Array, Object(Closure))
#3 D:/Ngoding/RepoGithub/fiber-manager-G/vendor/laravel/framework/src/Illuminate/Database/Connection.php(426): Illuminate/Database/Connection->run('select * from \"...', Array, Object(Closure))
#4 D:/Ngoding/RepoGithub/fiber-manager-G/vendor/laravel/framework/src/Illuminate/Database/Query/Builder.php(3574): Illuminate/Database/Connection->select('select * from \"...', Array, true, Array)
#5 D:/Ngoding/RepoGithub/fiber-manager-G/vendor/laravel/framework/src/Illuminate/Database/Query/Builder.php(3558): Illuminate/Database/Query/Builder->runSelect()
#6 D:/Ngoding/RepoGithub/fiber-manager-G/vendor/laravel/framework/src/Illuminate/Database/Eloquent/Builder.php(908): Illuminate/Database/Query/Builder->get(Array)
#7 D:/Ngoding/RepoGithub/fiber-manager-G/vendor/laravel/framework/src/Illuminate/Database/Eloquent/Builder.php(890): Illuminate/Database/Eloquent/Builder->getModels(Array)
#8 D:/Ngoding/RepoGithub/fiber-manager-G/vendor/laravel/framework/src/Illuminate/Database/Concerns/BuildsQueries.php(366): Illuminate/Database/Eloquent/Builder->get(Array)
#9 D:/Ngoding/RepoGithub/fiber-manager-G/app/Http/Controllers/AuthController.php(48): Illuminate/Database/Eloquent/Builder->first()
#10 D:/Ngoding/RepoGithub/fiber-manager-G/app/Http/Controllers/AuthController.php(19): App/Http/Controllers/AuthController->login(Object(Illuminate/Http/Request))
#11 D:/Ngoding/RepoGithub/fiber-manager-G/vendor/laravel/framework/src/Illuminate/Routing/ControllerDispatcher.php(46): App/Http/Controllers/AuthController->handle(Object(Illuminate/Http/Request))
#12 D:/Ngoding/RepoGithub/fiber-manager-G/vendor/laravel/framework/src/Illuminate/Routing/Route.php(276): Illuminate/Routing/ControllerDispatcher->dispatch(Object(Illuminate/Routing/Route), Object(App/Http/Controllers/AuthController), 'handle')
#13 D:/Ngoding/RepoGithub/fiber-manager-G/vendor/laravel/framework/src/Illuminate/Routing/Route.php(216): Illuminate/Routing/Route->runController()
#14 D:/Ngoding/RepoGithub/fiber-manager-G/vendor/laravel/framework/src/Illuminate/Routing/Router.php(822): Illuminate/Routing/Route->run()
#15 D:/Ngoding/RepoGithub/fiber-manager-G/vendor/laravel/framework/src/Illuminate/Pipeline/Pipeline.php(180): Illuminate/Routing/Router->Illuminate/Routing/{closure}(Object(Illuminate/Http/Request))
#16 D:/Ngoding/RepoGithub/fiber-manager-G/vendor/laravel/framework/src/Illuminate/Routing/Middleware/SubstituteBindings.php(52): Illuminate/Pipeline/Pipeline->Illuminate/Pipeline/{closure}(Object(Illuminate/Http/Request))
#17 D:/Ngoding/RepoGithub/fiber-manager-G/vendor/laravel/framework/src/Illuminate/Pipeline/Pipeline.php(219): Illuminate/Routing/Middleware/SubstituteBindings->handle(Object(Illuminate/Http/Request), Object(Closure))
#18 D:/Ngoding/RepoGithub/fiber-manager-G/vendor/laravel/framework/src/Illuminate/Foundation/Http/Middleware/PreventRequestForgery.php(104): Illuminate/Pipeline/Pipeline->Illuminate/Pipeline/{closure}(Object(Illuminate/Http/Request))
#19 D:/Ngoding/RepoGithub/fiber-manager-G/vendor/laravel/framework/src/Illuminate/Pipeline/Pipeline.php(219): Illuminate/Foundation/Http/Middleware/PreventRequestForgery->handle(Object(Illuminate/Http/Request), Object(Closure))
#20 D:/Ngoding/RepoGithub/fiber-manager-G/vendor/laravel/framework/src/Illuminate/View/Middleware/ShareErrorsFromSession.php(48): Illuminate/Pipeline/Pipeline->Illuminate/Pipeline/{closure}(Object(Illuminate/Http/Request))
#21 D:/Ngoding/RepoGithub/fiber-manager-G/vendor/laravel/framework/src/Illuminate/Pipeline/Pipeline.php(219): Illuminate/View/Middleware/ShareErrorsFromSession->handle(Object(Illuminate/Http/Request), Object(Closure))
#22 D:/Ngoding/RepoGithub/fiber-manager-G/vendor/laravel/framework/src/Illuminate/Session/Middleware/StartSession.php(120): Illuminate/Pipeline/Pipeline->Illuminate/Pipeline/{closure}(Object(Illuminate/Http/Request))
#23 D:/Ngoding/RepoGithub/fiber-manager-G/vendor/laravel/framework/src/Illuminate/Session/Middleware/StartSession.php(63): Illuminate/Session/Middleware/StartSession->handleStatefulRequest(Object(Illuminate/Http/Request), Object(Illuminate/Session/Store), Object(Closure))
#24 D:/Ngoding/RepoGithub/fiber-manager-G/vendor/laravel/framework/src/Illuminate/Pipeline/Pipeline.php(219): Illuminate/Session/Middleware/StartSession->handle(Object(Illuminate/Http/Request), Object(Closure))
#25 D:/Ngoding/RepoGithub/fiber-manager-G/vendor/laravel/framework/src/Illuminate/Cookie/Middleware/AddQueuedCookiesToResponse.php(36): Illuminate/Pipeline/Pipeline->Illuminate/Pipeline/{closure}(Object(Illuminate/Http/Request))
#26 D:/Ngoding/RepoGithub/fiber-manager-G/vendor/laravel/framework/src/Illuminate/Pipeline/Pipeline.php(219): Illuminate/Cookie/Middleware/AddQueuedCookiesToResponse->handle(Object(Illuminate/Http/Request), Object(Closure))
#27 D:/Ngoding/RepoGithub/fiber-manager-G/vendor/laravel/framework/src/Illuminate/Cookie/Middleware/EncryptCookies.php(74): Illuminate/Pipeline/Pipeline->Illuminate/Pipeline/{closure}(Object(Illuminate/Http/Request))
#28 D:/Ngoding/RepoGithub/fiber-manager-G/vendor/laravel/framework/src/Illuminate/Pipeline/Pipeline.php(219): Illuminate/Cookie/Middleware/EncryptCookies->handle(Object(Illuminate/Http/Request), Object(Closure))
#29 D:/Ngoding/RepoGithub/fiber-manager-G/vendor/laravel/framework/src/Illuminate/Pipeline/Pipeline.php(137): Illuminate/Pipeline/Pipeline->Illuminate/Pipeline/{closure}(Object(Illuminate/Http/Request))
#30 D:/Ngoding/RepoGithub/fiber-manager-G/vendor/laravel/framework/src/Illuminate/Routing/Router.php(821): Illuminate/Pipeline/Pipeline->then(Object(Closure))
#31 D:/Ngoding/RepoGithub/fiber-manager-G/vendor/laravel/framework/src/Illuminate/Routing/Router.php(800): Illuminate/Routing/Router->runRouteWithinStack(Object(Illuminate/Routing/Route), Object(Illuminate/Http/Request))
#32 D:/Ngoding/RepoGithub/fiber-manager-G/vendor/laravel/framework/src/Illuminate/Routing/Router.php(764): Illuminate/Routing/Router->runRoute(Object(Illuminate/Http/Request), Object(Illuminate/Routing/Route))
#33 D:/Ngoding/RepoGithub/fiber-manager-G/vendor/laravel/framework/src/Illuminate/Routing/Router.php(753): Illuminate/Routing/Router->dispatchToRoute(Object(Illuminate/Http/Request))
#34 D:/Ngoding/RepoGithub/fiber-manager-G/vendor/laravel/framework/src/Illuminate/Foundation/Http/Kernel.php(200): Illuminate/Routing/Router->dispatch(Object(Illuminate/Http/Request))
#35 D:/Ngoding/RepoGithub/fiber-manager-G/vendor/laravel/framework/src/Illuminate/Pipeline/Pipeline.php(180): Illuminate/Foundation/Http/Kernel->Illuminate/Foundation/Http/{closure}(Object(Illuminate/Http/Request))
#36 D:/Ngoding/RepoGithub/fiber-manager-G/vendor/laravel/framework/src/Illuminate/Foundation/Http/Middleware/TransformsRequest.php(21): Illuminate/Pipeline/Pipeline->Illuminate/Pipeline/{closure}(Object(Illuminate/Http/Request))
#37 D:/Ngoding/RepoGithub/fiber-manager-G/vendor/laravel/framework/src/Illuminate/Foundation/Http/Middleware/ConvertEmptyStringsToNull.php(31): Illuminate/Foundation/Http/Middleware/TransformsRequest->handle(Object(Illuminate/Http/Request), Object(Closure))
#38 D:/Ngoding/RepoGithub/fiber-manager-G/vendor/laravel/framework/src/Illuminate/Pipeline/Pipeline.php(219): Illuminate/Foundation/Http/Middleware/ConvertEmptyStringsToNull->handle(Object(Illuminate/Http/Request), Object(Closure))
#39 D:/Ngoding/RepoGithub/fiber-manager-G/vendor/laravel/framework/src/Illuminate/Foundation/Http/Middleware/TransformsRequest.php(21): Illuminate/Pipeline/Pipeline->Illuminate/Pipeline/{closure}(Object(Illuminate/Http/Request))
#40 D:/Ngoding/RepoGithub/fiber-manager-G/vendor/laravel/framework/src/Illuminate/Foundation/Http/Middleware/TrimStrings.php(51): Illuminate/Foundation/Http/Middleware/TransformsRequest->handle(Object(Illuminate/Http/Request), Object(Closure))
#41 D:/Ngoding/RepoGithub/fiber-manager-G/vendor/laravel/framework/src/Illuminate/Pipeline/Pipeline.php(219): Illuminate/Foundation/Http/Middleware/TrimStrings->handle(Object(Illuminate/Http/Request), Object(Closure))
#42 D:/Ngoding/RepoGithub/fiber-manager-G/vendor/laravel/framework/src/Illuminate/Http/Middleware/ValidatePostSize.php(27): Illuminate/Pipeline/Pipeline->Illuminate/Pipeline/{closure}(Object(Illuminate/Http/Request))
#43 D:/Ngoding/RepoGithub/fiber-manager-G/vendor/laravel/framework/src/Illuminate/Pipeline/Pipeline.php(219): Illuminate/Http/Middleware/ValidatePostSize->handle(Object(Illuminate/Http/Request), Object(Closure))
#44 D:/Ngoding/RepoGithub/fiber-manager-G/vendor/laravel/framework/src/Illuminate/Foundation/Http/Middleware/PreventRequestsDuringMaintenance.php(109): Illuminate/Pipeline/Pipeline->Illuminate/Pipeline/{closure}(Object(Illuminate/Http/Request))
#45 D:/Ngoding/RepoGithub/fiber-manager-G/vendor/laravel/framework/src/Illuminate/Pipeline/Pipeline.php(219): Illuminate/Foundation/Http/Middleware/PreventRequestsDuringMaintenance->handle(Object(Illuminate/Http/Request), Object(Closure))
#46 D:/Ngoding/RepoGithub/fiber-manager-G/vendor/laravel/framework/src/Illuminate/Http/Middleware/HandleCors.php(74): Illuminate/Pipeline/Pipeline->Illuminate/Pipeline/{closure}(Object(Illuminate/Http/Request))
#47 D:/Ngoding/RepoGithub/fiber-manager-G/vendor/laravel/framework/src/Illuminate/Pipeline/Pipeline.php(219): Illuminate/Http/Middleware/HandleCors->handle(Object(Illuminate/Http/Request), Object(Closure))
#48 D:/Ngoding/RepoGithub/fiber-manager-G/vendor/laravel/framework/src/Illuminate/Http/Middleware/TrustProxies.php(58): Illuminate/Pipeline/Pipeline->Illuminate/Pipeline/{closure}(Object(Illuminate/Http/Request))
#49 D:/Ngoding/RepoGithub/fiber-manager-G/vendor/laravel/framework/src/Illuminate/Pipeline/Pipeline.php(219): Illuminate/Http/Middleware/TrustProxies->handle(Object(Illuminate/Http/Request), Object(Closure))
#50 D:/Ngoding/RepoGithub/fiber-manager-G/vendor/laravel/framework/src/Illuminate/Foundation/Http/Middleware/InvokeDeferredCallbacks.php(22): Illuminate/Pipeline/Pipeline->Illuminate/Pipeline/{closure}(Object(Illuminate/Http/Request))
#51 D:/Ngoding/RepoGithub/fiber-manager-G/vendor/laravel/framework/src/Illuminate/Pipeline/Pipeline.php(219): Illuminate/Foundation/Http/Middleware/InvokeDeferredCallbacks->handle(Object(Illuminate/Http/Request), Object(Closure))
#52 D:/Ngoding/RepoGithub/fiber-manager-G/vendor/laravel/framework/src/Illuminate/Http/Middleware/ValidatePathEncoding.php(28): Illuminate/Pipeline/Pipeline->Illuminate/Pipeline/{closure}(Object(Illuminate/Http/Request))
#53 D:/Ngoding/RepoGithub/fiber-manager-G/vendor/laravel/framework/src/Illuminate/Pipeline/Pipeline.php(219): Illuminate/Http/Middleware/ValidatePathEncoding->handle(Object(Illuminate/Http/Request), Object(Closure))
#54 D:/Ngoding/RepoGithub/fiber-manager-G/vendor/laravel/framework/src/Illuminate/Pipeline/Pipeline.php(137): Illuminate/Pipeline/Pipeline->Illuminate/Pipeline/{closure}(Object(Illuminate/Http/Request))
#55 D:/Ngoding/RepoGithub/fiber-manager-G/vendor/laravel/framework/src/Illuminate/Foundation/Http/Kernel.php(175): Illuminate/Pipeline/Pipeline->then(Object(Closure))
#56 D:/Ngoding/RepoGithub/fiber-manager-G/vendor/laravel/framework/src/Illuminate/Foundation/Http/Kernel.php(144): Illuminate/Foundation/Http/Kernel->sendRequestThroughRouter(Object(Illuminate/Http/Request))
#57 D:/Ngoding/RepoGithub/fiber-manager-G/vendor/laravel/framework/src/Illuminate/Foundation/Application.php(1227): Illuminate/Foundation/Http/Kernel->handle(Object(Illuminate/Http/Request))
#58 D:/Ngoding/RepoGithub/fiber-manager-G/public/index.php(20): Illuminate/Foundation/Application->handleRequest(Object(Illuminate/Http/Request))
#59 D:/Ngoding/RepoGithub/fiber-manager-G/vendor/laravel/framework/src/Illuminate/Foundation/resources/server.php(23): require_once('D://Ngoding//Repo...')
#60 {main}
"} 
[2026-07-28 05:52:16] local.ERROR: SQLSTATE[HY000]: General error: 1 no such table: users (Connection: sqlite, Database: D:\Ngoding\RepoGithub\fiber-manager-G\database\database.sqlite, SQL: select * from "users" where "username" = fadil limit 1) {"exception":"[object] (Illuminate\\Database\\QueryException(code: HY000): SQLSTATE[HY000]: General error: 1 no such table: users (Connection: sqlite, Database: D:\\Ngoding\\RepoGithub\\fiber-manager-G\\database\\database.sqlite, SQL: select * from \"users\" where \"username\" = fadil limit 1) at D:/Ngoding/RepoGithub/fiber-manager-G/vendor/laravel/framework/src/Illuminate/Database/Connection.php:857)
[stacktrace]
#0 D:/Ngoding/RepoGithub/fiber-manager-G/vendor/laravel/framework/src/Illuminate/Database/Connection.php(813): Illuminate/Database/Connection->runQueryCallback('select * from \"...', Array, Object(Closure))
#1 D:/Ngoding/RepoGithub/fiber-manager-G/vendor/laravel/framework/src/Illuminate/Database/Connection.php(426): Illuminate/Database/Connection->run('select * from \"...', Array, Object(Closure))
#2 D:/Ngoding/RepoGithub/fiber-manager-G/vendor/laravel/framework/src/Illuminate/Database/Query/Builder.php(3574): Illuminate/Database/Connection->select('select * from \"...', Array, true, Array)
#3 D:/Ngoding/RepoGithub/fiber-manager-G/vendor/laravel/framework/src/Illuminate/Database/Query/Builder.php(3558): Illuminate/Database/Query/Builder->runSelect()
#4 D:/Ngoding/RepoGithub/fiber-manager-G/vendor/laravel/framework/src/Illuminate/Database/Eloquent/Builder.php(908): Illuminate/Database/Query/Builder->get(Array)
#5 D:/Ngoding/RepoGithub/fiber-manager-G/vendor/laravel/framework/src/Illuminate/Database/Eloquent/Builder.php(890): Illuminate/Database/Eloquent/Builder->getModels(Array)
#6 D:/Ngoding/RepoGithub/fiber-manager-G/vendor/laravel/framework/src/Illuminate/Database/Concerns/BuildsQueries.php(366): Illuminate/Database/Eloquent/Builder->get(Array)
#7 D:/Ngoding/RepoGithub/fiber-manager-G/app/Http/Controllers/AuthController.php(48): Illuminate/Database/Eloquent/Builder->first()
#8 D:/Ngoding/RepoGithub/fiber-manager-G/app/Http/Controllers/AuthController.php(19): App/Http/Controllers/AuthController->login(Object(Illuminate/Http/Request))
#9 D:/Ngoding/RepoGithub/fiber-manager-G/vendor/laravel/framework/src/Illuminate/Routing/ControllerDispatcher.php(46): App/Http/Controllers/AuthController->handle(Object(Illuminate/Http/Request))
#10 D:/Ngoding/RepoGithub/fiber-manager-G/vendor/laravel/framework/src/Illuminate/Routing/Route.php(276): Illuminate/Routing/ControllerDispatcher->dispatch(Object(Illuminate/Routing/Route), Object(App/Http/Controllers/AuthController), 'handle')
#11 D:/Ngoding/RepoGithub/fiber-manager-G/vendor/laravel/framework/src/Illuminate/Routing/Route.php(216): Illuminate/Routing/Route->runController()
#12 D:/Ngoding/RepoGithub/fiber-manager-G/vendor/laravel/framework/src/Illuminate/Routing/Router.php(822): Illuminate/Routing/Route->run()
#13 D:/Ngoding/RepoGithub/fiber-manager-G/vendor/laravel/framework/src/Illuminate/Pipeline/Pipeline.php(180): Illuminate/Routing/Router->Illuminate/Routing/{closure}(Object(Illuminate/Http/Request))
#14 D:/Ngoding/RepoGithub/fiber-manager-G/vendor/laravel/framework/src/Illuminate/Routing/Middleware/SubstituteBindings.php(52): Illuminate/Pipeline/Pipeline->Illuminate/Pipeline/{closure}(Object(Illuminate/Http/Request))
#15 D:/Ngoding/RepoGithub/fiber-manager-G/vendor/laravel/framework/src/Illuminate/Pipeline/Pipeline.php(219): Illuminate/Routing/Middleware/SubstituteBindings->handle(Object(Illuminate/Http/Request), Object(Closure))
#16 D:/Ngoding/RepoGithub/fiber-manager-G/vendor/laravel/framework/src/Illuminate/Foundation/Http/Middleware/PreventRequestForgery.php(104): Illuminate/Pipeline/Pipeline->Illuminate/Pipeline/{closure}(Object(Illuminate/Http/Request))
#17 D:/Ngoding/RepoGithub/fiber-manager-G/vendor/laravel/framework/src/Illuminate/Pipeline/Pipeline.php(219): Illuminate/Foundation/Http/Middleware/PreventRequestForgery->handle(Object(Illuminate/Http/Request), Object(Closure))
#18 D:/Ngoding/RepoGithub/fiber-manager-G/vendor/laravel/framework/src/Illuminate/View/Middleware/ShareErrorsFromSession.php(48): Illuminate/Pipeline/Pipeline->Illuminate/Pipeline/{closure}(Object(Illuminate/Http/Request))
#19 D:/Ngoding/RepoGithub/fiber-manager-G/vendor/laravel/framework/src/Illuminate/Pipeline/Pipeline.php(219): Illuminate/View/Middleware/ShareErrorsFromSession->handle(Object(Illuminate/Http/Request), Object(Closure))
#20 D:/Ngoding/RepoGithub/fiber-manager-G/vendor/laravel/framework/src/Illuminate/Session/Middleware/StartSession.php(120): Illuminate/Pipeline/Pipeline->Illuminate/Pipeline/{closure}(Object(Illuminate/Http/Request))
#21 D:/Ngoding/RepoGithub/fiber-manager-G/vendor/laravel/framework/src/Illuminate/Session/Middleware/StartSession.php(63): Illuminate/Session/Middleware/StartSession->handleStatefulRequest(Object(Illuminate/Http/Request), Object(Illuminate/Session/Store), Object(Closure))
#22 D:/Ngoding/RepoGithub/fiber-manager-G/vendor/laravel/framework/src/Illuminate/Pipeline/Pipeline.php(219): Illuminate/Session/Middleware/StartSession->handle(Object(Illuminate/Http/Request), Object(Closure))
#23 D:/Ngoding/RepoGithub/fiber-manager-G/vendor/laravel/framework/src/Illuminate/Cookie/Middleware/AddQueuedCookiesToResponse.php(36): Illuminate/Pipeline/Pipeline->Illuminate/Pipeline/{closure}(Object(Illuminate/Http/Request))
#24 D:/Ngoding/RepoGithub/fiber-manager-G/vendor/laravel/framework/src/Illuminate/Pipeline/Pipeline.php(219): Illuminate/Cookie/Middleware/AddQueuedCookiesToResponse->handle(Object(Illuminate/Http/Request), Object(Closure))
#25 D:/Ngoding/RepoGithub/fiber-manager-G/vendor/laravel/framework/src/Illuminate/Cookie/Middleware/EncryptCookies.php(74): Illuminate/Pipeline/Pipeline->Illuminate/Pipeline/{closure}(Object(Illuminate/Http/Request))
#26 D:/Ngoding/RepoGithub/fiber-manager-G/vendor/laravel/framework/src/Illuminate/Pipeline/Pipeline.php(219): Illuminate/Cookie/Middleware/EncryptCookies->handle(Object(Illuminate/Http/Request), Object(Closure))
#27 D:/Ngoding/RepoGithub/fiber-manager-G/vendor/laravel/framework/src/Illuminate/Pipeline/Pipeline.php(137): Illuminate/Pipeline/Pipeline->Illuminate/Pipeline/{closure}(Object(Illuminate/Http/Request))
#28 D:/Ngoding/RepoGithub/fiber-manager-G/vendor/laravel/framework/src/Illuminate/Routing/Router.php(821): Illuminate/Pipeline/Pipeline->then(Object(Closure))
#29 D:/Ngoding/RepoGithub/fiber-manager-G/vendor/laravel/framework/src/Illuminate/Routing/Router.php(800): Illuminate/Routing/Router->runRouteWithinStack(Object(Illuminate/Routing/Route), Object(Illuminate/Http/Request))
#30 D:/Ngoding/RepoGithub/fiber-manager-G/vendor/laravel/framework/src/Illuminate/Routing/Router.php(764): Illuminate/Routing/Router->runRoute(Object(Illuminate/Http/Request), Object(Illuminate/Routing/Route))
#31 D:/Ngoding/RepoGithub/fiber-manager-G/vendor/laravel/framework/src/Illuminate/Routing/Router.php(753): Illuminate/Routing/Router->dispatchToRoute(Object(Illuminate/Http/Request))
#32 D:/Ngoding/RepoGithub/fiber-manager-G/vendor/laravel/framework/src/Illuminate/Foundation/Http/Kernel.php(200): Illuminate/Routing/Router->dispatch(Object(Illuminate/Http/Request))
#33 D:/Ngoding/RepoGithub/fiber-manager-G/vendor/laravel/framework/src/Illuminate/Pipeline/Pipeline.php(180): Illuminate/Foundation/Http/Kernel->Illuminate/Foundation/Http/{closure}(Object(Illuminate/Http/Request))
#34 D:/Ngoding/RepoGithub/fiber-manager-G/vendor/laravel/framework/src/Illuminate/Foundation/Http/Middleware/TransformsRequest.php(21): Illuminate/Pipeline/Pipeline->Illuminate/Pipeline/{closure}(Object(Illuminate/Http/Request))
#35 D:/Ngoding/RepoGithub/fiber-manager-G/vendor/laravel/framework/src/Illuminate/Foundation/Http/Middleware/ConvertEmptyStringsToNull.php(31): Illuminate/Foundation/Http/Middleware/TransformsRequest->handle(Object(Illuminate/Http/Request), Object(Closure))
#36 D:/Ngoding/RepoGithub/fiber-manager-G/vendor/laravel/framework/src/Illuminate/Pipeline/Pipeline.php(219): Illuminate/Foundation/Http/Middleware/ConvertEmptyStringsToNull->handle(Object(Illuminate/Http/Request), Object(Closure))
#37 D:/Ngoding/RepoGithub/fiber-manager-G/vendor/laravel/framework/src/Illuminate/Foundation/Http/Middleware/TransformsRequest.php(21): Illuminate/Pipeline/Pipeline->Illuminate/Pipeline/{closure}(Object(Illuminate/Http/Request))
#38 D:/Ngoding/RepoGithub/fiber-manager-G/vendor/laravel/framework/src/Illuminate/Foundation/Http/Middleware/TrimStrings.php(51): Illuminate/Foundation/Http/Middleware/TransformsRequest->handle(Object(Illuminate/Http/Request), Object(Closure))
#39 D:/Ngoding/RepoGithub/fiber-manager-G/vendor/laravel/framework/src/Illuminate/Pipeline/Pipeline.php(219): Illuminate/Foundation/Http/Middleware/TrimStrings->handle(Object(Illuminate/Http/Request), Object(Closure))
#40 D:/Ngoding/RepoGithub/fiber-manager-G/vendor/laravel/framework/src/Illuminate/Http/Middleware/ValidatePostSize.php(27): Illuminate/Pipeline/Pipeline->Illuminate/Pipeline/{closure}(Object(Illuminate/Http/Request))
#41 D:/Ngoding/RepoGithub/fiber-manager-G/vendor/laravel/framework/src/Illuminate/Pipeline/Pipeline.php(219): Illuminate/Http/Middleware/ValidatePostSize->handle(Object(Illuminate/Http/Request), Object(Closure))
#42 D:/Ngoding/RepoGithub/fiber-manager-G/vendor/laravel/framework/src/Illuminate/Foundation/Http/Middleware/PreventRequestsDuringMaintenance.php(109): Illuminate/Pipeline/Pipeline->Illuminate/Pipeline/{closure}(Object(Illuminate/Http/Request))
#43 D:/Ngoding/RepoGithub/fiber-manager-G/vendor/laravel/framework/src/Illuminate/Pipeline/Pipeline.php(219): Illuminate/Foundation/Http/Middleware/PreventRequestsDuringMaintenance->handle(Object(Illuminate/Http/Request), Object(Closure))
#44 D:/Ngoding/RepoGithub/fiber-manager-G/vendor/laravel/framework/src/Illuminate/Http/Middleware/HandleCors.php(74): Illuminate/Pipeline/Pipeline->Illuminate/Pipeline/{closure}(Object(Illuminate/Http/Request))
#45 D:/Ngoding/RepoGithub/fiber-manager-G/vendor/laravel/framework/src/Illuminate/Pipeline/Pipeline.php(219): Illuminate/Http/Middleware/HandleCors->handle(Object(Illuminate/Http/Request), Object(Closure))
#46 D:/Ngoding/RepoGithub/fiber-manager-G/vendor/laravel/framework/src/Illuminate/Http/Middleware/TrustProxies.php(58): Illuminate/Pipeline/Pipeline->Illuminate/Pipeline/{closure}(Object(Illuminate/Http/Request))
#47 D:/Ngoding/RepoGithub/fiber-manager-G/vendor/laravel/framework/src/Illuminate/Pipeline/Pipeline.php(219): Illuminate/Http/Middleware/TrustProxies->handle(Object(Illuminate/Http/Request), Object(Closure))
#48 D:/Ngoding/RepoGithub/fiber-manager-G/vendor/laravel/framework/src/Illuminate/Foundation/Http/Middleware/InvokeDeferredCallbacks.php(22): Illuminate/Pipeline/Pipeline->Illuminate/Pipeline/{closure}(Object(Illuminate/Http/Request))
#49 D:/Ngoding/RepoGithub/fiber-manager-G/vendor/laravel/framework/src/Illuminate/Pipeline/Pipeline.php(219): Illuminate/Foundation/Http/Middleware/InvokeDeferredCallbacks->handle(Object(Illuminate/Http/Request), Object(Closure))
#50 D:/Ngoding/RepoGithub/fiber-manager-G/vendor/laravel/framework/src/Illuminate/Http/Middleware/ValidatePathEncoding.php(28): Illuminate/Pipeline/Pipeline->Illuminate/Pipeline/{closure}(Object(Illuminate/Http/Request))
#51 D:/Ngoding/RepoGithub/fiber-manager-G/vendor/laravel/framework/src/Illuminate/Pipeline/Pipeline.php(219): Illuminate/Http/Middleware/ValidatePathEncoding->handle(Object(Illuminate/Http/Request), Object(Closure))
#52 D:/Ngoding/RepoGithub/fiber-manager-G/vendor/laravel/framework/src/Illuminate/Pipeline/Pipeline.php(137): Illuminate/Pipeline/Pipeline->Illuminate/Pipeline/{closure}(Object(Illuminate/Http/Request))
#53 D:/Ngoding/RepoGithub/fiber-manager-G/vendor/laravel/framework/src/Illuminate/Foundation/Http/Kernel.php(175): Illuminate/Pipeline/Pipeline->then(Object(Closure))
#54 D:/Ngoding/RepoGithub/fiber-manager-G/vendor/laravel/framework/src/Illuminate/Foundation/Http/Kernel.php(144): Illuminate/Foundation/Http/Kernel->sendRequestThroughRouter(Object(Illuminate/Http/Request))
#55 D:/Ngoding/RepoGithub/fiber-manager-G/vendor/laravel/framework/src/Illuminate/Foundation/Application.php(1227): Illuminate/Foundation/Http/Kernel->handle(Object(Illuminate/Http/Request))
#56 D:/Ngoding/RepoGithub/fiber-manager-G/public/index.php(20): Illuminate/Foundation/Application->handleRequest(Object(Illuminate/Http/Request))
#57 D:/Ngoding/RepoGithub/fiber-manager-G/vendor/laravel/framework/src/Illuminate/Foundation/resources/server.php(23): require_once('D://Ngoding//Repo...')
#58 {main}

[previous exception] [object] (PDOException(code: HY000): SQLSTATE[HY000]: General error: 1 no such table: users at D:/Ngoding/RepoGithub/fiber-manager-G/vendor/laravel/framework/src/Illuminate/Database/Connection.php:435)
[stacktrace]
#0 D:/Ngoding/RepoGithub/fiber-manager-G/vendor/laravel/framework/src/Illuminate/Database/Connection.php(435): PDO->prepare('select * from \"...')
#1 D:/Ngoding/RepoGithub/fiber-manager-G/vendor/laravel/framework/src/Illuminate/Database/Connection.php(846): Illuminate/Database/Connection->Illuminate/Database/{closure}('select * from \"...', Array)
#2 D:/Ngoding/RepoGithub/fiber-manager-G/vendor/laravel/framework/src/Illuminate/Database/Connection.php(813): Illuminate/Database/Connection->runQueryCallback('select * from \"...', Array, Object(Closure))
#3 D:/Ngoding/RepoGithub/fiber-manager-G/vendor/laravel/framework/src/Illuminate/Database/Connection.php(426): Illuminate/Database/Connection->run('select * from \"...', Array, Object(Closure))
#4 D:/Ngoding/RepoGithub/fiber-manager-G/vendor/laravel/framework/src/Illuminate/Database/Query/Builder.php(3574): Illuminate/Database/Connection->select('select * from \"...', Array, true, Array)
#5 D:/Ngoding/RepoGithub/fiber-manager-G/vendor/laravel/framework/src/Illuminate/Database/Query/Builder.php(3558): Illuminate/Database/Query/Builder->runSelect()
#6 D:/Ngoding/RepoGithub/fiber-manager-G/vendor/laravel/framework/src/Illuminate/Database/Eloquent/Builder.php(908): Illuminate/Database/Query/Builder->get(Array)
#7 D:/Ngoding/RepoGithub/fiber-manager-G/vendor/laravel/framework/src/Illuminate/Database/Eloquent/Builder.php(890): Illuminate/Database/Eloquent/Builder->getModels(Array)
#8 D:/Ngoding/RepoGithub/fiber-manager-G/vendor/laravel/framework/src/Illuminate/Database/Concerns/BuildsQueries.php(366): Illuminate/Database/Eloquent/Builder->get(Array)
#9 D:/Ngoding/RepoGithub/fiber-manager-G/app/Http/Controllers/AuthController.php(48): Illuminate/Database/Eloquent/Builder->first()
#10 D:/Ngoding/RepoGithub/fiber-manager-G/app/Http/Controllers/AuthController.php(19): App/Http/Controllers/AuthController->login(Object(Illuminate/Http/Request))
#11 D:/Ngoding/RepoGithub/fiber-manager-G/vendor/laravel/framework/src/Illuminate/Routing/ControllerDispatcher.php(46): App/Http/Controllers/AuthController->handle(Object(Illuminate/Http/Request))
#12 D:/Ngoding/RepoGithub/fiber-manager-G/vendor/laravel/framework/src/Illuminate/Routing/Route.php(276): Illuminate/Routing/ControllerDispatcher->dispatch(Object(Illuminate/Routing/Route), Object(App/Http/Controllers/AuthController), 'handle')
#13 D:/Ngoding/RepoGithub/fiber-manager-G/vendor/laravel/framework/src/Illuminate/Routing/Route.php(216): Illuminate/Routing/Route->runController()
#14 D:/Ngoding/RepoGithub/fiber-manager-G/vendor/laravel/framework/src/Illuminate/Routing/Router.php(822): Illuminate/Routing/Route->run()
#15 D:/Ngoding/RepoGithub/fiber-manager-G/vendor/laravel/framework/src/Illuminate/Pipeline/Pipeline.php(180): Illuminate/Routing/Router->Illuminate/Routing/{closure}(Object(Illuminate/Http/Request))
#16 D:/Ngoding/RepoGithub/fiber-manager-G/vendor/laravel/framework/src/Illuminate/Routing/Middleware/SubstituteBindings.php(52): Illuminate/Pipeline/Pipeline->Illuminate/Pipeline/{closure}(Object(Illuminate/Http/Request))
#17 D:/Ngoding/RepoGithub/fiber-manager-G/vendor/laravel/framework/src/Illuminate/Pipeline/Pipeline.php(219): Illuminate/Routing/Middleware/SubstituteBindings->handle(Object(Illuminate/Http/Request), Object(Closure))
#18 D:/Ngoding/RepoGithub/fiber-manager-G/vendor/laravel/framework/src/Illuminate/Foundation/Http/Middleware/PreventRequestForgery.php(104): Illuminate/Pipeline/Pipeline->Illuminate/Pipeline/{closure}(Object(Illuminate/Http/Request))
#19 D:/Ngoding/RepoGithub/fiber-manager-G/vendor/laravel/framework/src/Illuminate/Pipeline/Pipeline.php(219): Illuminate/Foundation/Http/Middleware/PreventRequestForgery->handle(Object(Illuminate/Http/Request), Object(Closure))
#20 D:/Ngoding/RepoGithub/fiber-manager-G/vendor/laravel/framework/src/Illuminate/View/Middleware/ShareErrorsFromSession.php(48): Illuminate/Pipeline/Pipeline->Illuminate/Pipeline/{closure}(Object(Illuminate/Http/Request))
#21 D:/Ngoding/RepoGithub/fiber-manager-G/vendor/laravel/framework/src/Illuminate/Pipeline/Pipeline.php(219): Illuminate/View/Middleware/ShareErrorsFromSession->handle(Object(Illuminate/Http/Request), Object(Closure))
#22 D:/Ngoding/RepoGithub/fiber-manager-G/vendor/laravel/framework/src/Illuminate/Session/Middleware/StartSession.php(120): Illuminate/Pipeline/Pipeline->Illuminate/Pipeline/{closure}(Object(Illuminate/Http/Request))
#23 D:/Ngoding/RepoGithub/fiber-manager-G/vendor/laravel/framework/src/Illuminate/Session/Middleware/StartSession.php(63): Illuminate/Session/Middleware/StartSession->handleStatefulRequest(Object(Illuminate/Http/Request), Object(Illuminate/Session/Store), Object(Closure))
#24 D:/Ngoding/RepoGithub/fiber-manager-G/vendor/laravel/framework/src/Illuminate/Pipeline/Pipeline.php(219): Illuminate/Session/Middleware/StartSession->handle(Object(Illuminate/Http/Request), Object(Closure))
#25 D:/Ngoding/RepoGithub/fiber-manager-G/vendor/laravel/framework/src/Illuminate/Cookie/Middleware/AddQueuedCookiesToResponse.php(36): Illuminate/Pipeline/Pipeline->Illuminate/Pipeline/{closure}(Object(Illuminate/Http/Request))
#26 D:/Ngoding/RepoGithub/fiber-manager-G/vendor/laravel/framework/src/Illuminate/Pipeline/Pipeline.php(219): Illuminate/Cookie/Middleware/AddQueuedCookiesToResponse->handle(Object(Illuminate/Http/Request), Object(Closure))
#27 D:/Ngoding/RepoGithub/fiber-manager-G/vendor/laravel/framework/src/Illuminate/Cookie/Middleware/EncryptCookies.php(74): Illuminate/Pipeline/Pipeline->Illuminate/Pipeline/{closure}(Object(Illuminate/Http/Request))
#28 D:/Ngoding/RepoGithub/fiber-manager-G/vendor/laravel/framework/src/Illuminate/Pipeline/Pipeline.php(219): Illuminate/Cookie/Middleware/EncryptCookies->handle(Object(Illuminate/Http/Request), Object(Closure))
#29 D:/Ngoding/RepoGithub/fiber-manager-G/vendor/laravel/framework/src/Illuminate/Pipeline/Pipeline.php(137): Illuminate/Pipeline/Pipeline->Illuminate/Pipeline/{closure}(Object(Illuminate/Http/Request))
#30 D:/Ngoding/RepoGithub/fiber-manager-G/vendor/laravel/framework/src/Illuminate/Routing/Router.php(821): Illuminate/Pipeline/Pipeline->then(Object(Closure))
#31 D:/Ngoding/RepoGithub/fiber-manager-G/vendor/laravel/framework/src/Illuminate/Routing/Router.php(800): Illuminate/Routing/Router->runRouteWithinStack(Object(Illuminate/Routing/Route), Object(Illuminate/Http/Request))
#32 D:/Ngoding/RepoGithub/fiber-manager-G/vendor/laravel/framework/src/Illuminate/Routing/Router.php(764): Illuminate/Routing/Router->runRoute(Object(Illuminate/Http/Request), Object(Illuminate/Routing/Route))
#33 D:/Ngoding/RepoGithub/fiber-manager-G/vendor/laravel/framework/src/Illuminate/Routing/Router.php(753): Illuminate/Routing/Router->dispatchToRoute(Object(Illuminate/Http/Request))
#34 D:/Ngoding/RepoGithub/fiber-manager-G/vendor/laravel/framework/src/Illuminate/Foundation/Http/Kernel.php(200): Illuminate/Routing/Router->dispatch(Object(Illuminate/Http/Request))
#35 D:/Ngoding/RepoGithub/fiber-manager-G/vendor/laravel/framework/src/Illuminate/Pipeline/Pipeline.php(180): Illuminate/Foundation/Http/Kernel->Illuminate/Foundation/Http/{closure}(Object(Illuminate/Http/Request))
#36 D:/Ngoding/RepoGithub/fiber-manager-G/vendor/laravel/framework/src/Illuminate/Foundation/Http/Middleware/TransformsRequest.php(21): Illuminate/Pipeline/Pipeline->Illuminate/Pipeline/{closure}(Object(Illuminate/Http/Request))
#37 D:/Ngoding/RepoGithub/fiber-manager-G/vendor/laravel/framework/src/Illuminate/Foundation/Http/Middleware/ConvertEmptyStringsToNull.php(31): Illuminate/Foundation/Http/Middleware/TransformsRequest->handle(Object(Illuminate/Http/Request), Object(Closure))
#38 D:/Ngoding/RepoGithub/fiber-manager-G/vendor/laravel/framework/src/Illuminate/Pipeline/Pipeline.php(219): Illuminate/Foundation/Http/Middleware/ConvertEmptyStringsToNull->handle(Object(Illuminate/Http/Request), Object(Closure))
#39 D:/Ngoding/RepoGithub/fiber-manager-G/vendor/laravel/framework/src/Illuminate/Foundation/Http/Middleware/TransformsRequest.php(21): Illuminate/Pipeline/Pipeline->Illuminate/Pipeline/{closure}(Object(Illuminate/Http/Request))
#40 D:/Ngoding/RepoGithub/fiber-manager-G/vendor/laravel/framework/src/Illuminate/Foundation/Http/Middleware/TrimStrings.php(51): Illuminate/Foundation/Http/Middleware/TransformsRequest->handle(Object(Illuminate/Http/Request), Object(Closure))
#41 D:/Ngoding/RepoGithub/fiber-manager-G/vendor/laravel/framework/src/Illuminate/Pipeline/Pipeline.php(219): Illuminate/Foundation/Http/Middleware/TrimStrings->handle(Object(Illuminate/Http/Request), Object(Closure))
#42 D:/Ngoding/RepoGithub/fiber-manager-G/vendor/laravel/framework/src/Illuminate/Http/Middleware/ValidatePostSize.php(27): Illuminate/Pipeline/Pipeline->Illuminate/Pipeline/{closure}(Object(Illuminate/Http/Request))
#43 D:/Ngoding/RepoGithub/fiber-manager-G/vendor/laravel/framework/src/Illuminate/Pipeline/Pipeline.php(219): Illuminate/Http/Middleware/ValidatePostSize->handle(Object(Illuminate/Http/Request), Object(Closure))
#44 D:/Ngoding/RepoGithub/fiber-manager-G/vendor/laravel/framework/src/Illuminate/Foundation/Http/Middleware/PreventRequestsDuringMaintenance.php(109): Illuminate/Pipeline/Pipeline->Illuminate/Pipeline/{closure}(Object(Illuminate/Http/Request))
#45 D:/Ngoding/RepoGithub/fiber-manager-G/vendor/laravel/framework/src/Illuminate/Pipeline/Pipeline.php(219): Illuminate/Foundation/Http/Middleware/PreventRequestsDuringMaintenance->handle(Object(Illuminate/Http/Request), Object(Closure))
#46 D:/Ngoding/RepoGithub/fiber-manager-G/vendor/laravel/framework/src/Illuminate/Http/Middleware/HandleCors.php(74): Illuminate/Pipeline/Pipeline->Illuminate/Pipeline/{closure}(Object(Illuminate/Http/Request))
#47 D:/Ngoding/RepoGithub/fiber-manager-G/vendor/laravel/framework/src/Illuminate/Pipeline/Pipeline.php(219): Illuminate/Http/Middleware/HandleCors->handle(Object(Illuminate/Http/Request), Object(Closure))
#48 D:/Ngoding/RepoGithub/fiber-manager-G/vendor/laravel/framework/src/Illuminate/Http/Middleware/TrustProxies.php(58): Illuminate/Pipeline/Pipeline->Illuminate/Pipeline/{closure}(Object(Illuminate/Http/Request))
#49 D:/Ngoding/RepoGithub/fiber-manager-G/vendor/laravel/framework/src/Illuminate/Pipeline/Pipeline.php(219): Illuminate/Http/Middleware/TrustProxies->handle(Object(Illuminate/Http/Request), Object(Closure))
#50 D:/Ngoding/RepoGithub/fiber-manager-G/vendor/laravel/framework/src/Illuminate/Foundation/Http/Middleware/InvokeDeferredCallbacks.php(22): Illuminate/Pipeline/Pipeline->Illuminate/Pipeline/{closure}(Object(Illuminate/Http/Request))
#51 D:/Ngoding/RepoGithub/fiber-manager-G/vendor/laravel/framework/src/Illuminate/Pipeline/Pipeline.php(219): Illuminate/Foundation/Http/Middleware/InvokeDeferredCallbacks->handle(Object(Illuminate/Http/Request), Object(Closure))
#52 D:/Ngoding/RepoGithub/fiber-manager-G/vendor/laravel/framework/src/Illuminate/Http/Middleware/ValidatePathEncoding.php(28): Illuminate/Pipeline/Pipeline->Illuminate/Pipeline/{closure}(Object(Illuminate/Http/Request))
#53 D:/Ngoding/RepoGithub/fiber-manager-G/vendor/laravel/framework/src/Illuminate/Pipeline/Pipeline.php(219): Illuminate/Http/Middleware/ValidatePathEncoding->handle(Object(Illuminate/Http/Request), Object(Closure))
#54 D:/Ngoding/RepoGithub/fiber-manager-G/vendor/laravel/framework/src/Illuminate/Pipeline/Pipeline.php(137): Illuminate/Pipeline/Pipeline->Illuminate/Pipeline/{closure}(Object(Illuminate/Http/Request))
#55 D:/Ngoding/RepoGithub/fiber-manager-G/vendor/laravel/framework/src/Illuminate/Foundation/Http/Kernel.php(175): Illuminate/Pipeline/Pipeline->then(Object(Closure))
#56 D:/Ngoding/RepoGithub/fiber-manager-G/vendor/laravel/framework/src/Illuminate/Foundation/Http/Kernel.php(144): Illuminate/Foundation/Http/Kernel->sendRequestThroughRouter(Object(Illuminate/Http/Request))
#57 D:/Ngoding/RepoGithub/fiber-manager-G/vendor/laravel/framework/src/Illuminate/Foundation/Application.php(1227): Illuminate/Foundation/Http/Kernel->handle(Object(Illuminate/Http/Request))
#58 D:/Ngoding/RepoGithub/fiber-manager-G/public/index.php(20): Illuminate/Foundation/Application->handleRequest(Object(Illuminate/Http/Request))
#59 D:/Ngoding/RepoGithub/fiber-manager-G/vendor/laravel/framework/src/Illuminate/Foundation/resources/server.php(23): require_once('D://Ngoding//Repo...')
#60 {main}
"} 
[2026-07-28 05:54:40] local.ERROR: SQLSTATE[HY000]: General error: 1 no such table: users (Connection: sqlite, Database: D:\Ngoding\RepoGithub\fiber-manager-G\database\database.sqlite, SQL: select * from "users" where "username" = username limit 1) {"exception":"[object] (Illuminate\\Database\\QueryException(code: HY000): SQLSTATE[HY000]: General error: 1 no such table: users (Connection: sqlite, Database: D:\\Ngoding\\RepoGithub\\fiber-manager-G\\database\\database.sqlite, SQL: select * from \"users\" where \"username\" = username limit 1) at D:/Ngoding/RepoGithub/fiber-manager-G/vendor/laravel/framework/src/Illuminate/Database/Connection.php:857)
[stacktrace]
#0 D:/Ngoding/RepoGithub/fiber-manager-G/vendor/laravel/framework/src/Illuminate/Database/Connection.php(813): Illuminate/Database/Connection->runQueryCallback('select * from \"...', Array, Object(Closure))
#1 D:/Ngoding/RepoGithub/fiber-manager-G/vendor/laravel/framework/src/Illuminate/Database/Connection.php(426): Illuminate/Database/Connection->run('select * from \"...', Array, Object(Closure))
#2 D:/Ngoding/RepoGithub/fiber-manager-G/vendor/laravel/framework/src/Illuminate/Database/Query/Builder.php(3574): Illuminate/Database/Connection->select('select * from \"...', Array, true, Array)
#3 D:/Ngoding/RepoGithub/fiber-manager-G/vendor/laravel/framework/src/Illuminate/Database/Query/Builder.php(3558): Illuminate/Database/Query/Builder->runSelect()
#4 D:/Ngoding/RepoGithub/fiber-manager-G/vendor/laravel/framework/src/Illuminate/Database/Eloquent/Builder.php(908): Illuminate/Database/Query/Builder->get(Array)
#5 D:/Ngoding/RepoGithub/fiber-manager-G/vendor/laravel/framework/src/Illuminate/Database/Eloquent/Builder.php(890): Illuminate/Database/Eloquent/Builder->getModels(Array)
#6 D:/Ngoding/RepoGithub/fiber-manager-G/vendor/laravel/framework/src/Illuminate/Database/Concerns/BuildsQueries.php(366): Illuminate/Database/Eloquent/Builder->get(Array)
#7 D:/Ngoding/RepoGithub/fiber-manager-G/app/Http/Controllers/AuthController.php(48): Illuminate/Database/Eloquent/Builder->first()
#8 D:/Ngoding/RepoGithub/fiber-manager-G/app/Http/Controllers/AuthController.php(19): App/Http/Controllers/AuthController->login(Object(Illuminate/Http/Request))
#9 D:/Ngoding/RepoGithub/fiber-manager-G/vendor/laravel/framework/src/Illuminate/Routing/ControllerDispatcher.php(46): App/Http/Controllers/AuthController->handle(Object(Illuminate/Http/Request))
#10 D:/Ngoding/RepoGithub/fiber-manager-G/vendor/laravel/framework/src/Illuminate/Routing/Route.php(276): Illuminate/Routing/ControllerDispatcher->dispatch(Object(Illuminate/Routing/Route), Object(App/Http/Controllers/AuthController), 'handle')
#11 D:/Ngoding/RepoGithub/fiber-manager-G/vendor/laravel/framework/src/Illuminate/Routing/Route.php(216): Illuminate/Routing/Route->runController()
#12 D:/Ngoding/RepoGithub/fiber-manager-G/vendor/laravel/framework/src/Illuminate/Routing/Router.php(822): Illuminate/Routing/Route->run()
#13 D:/Ngoding/RepoGithub/fiber-manager-G/vendor/laravel/framework/src/Illuminate/Pipeline/Pipeline.php(180): Illuminate/Routing/Router->Illuminate/Routing/{closure}(Object(Illuminate/Http/Request))
#14 D:/Ngoding/RepoGithub/fiber-manager-G/vendor/laravel/framework/src/Illuminate/Routing/Middleware/SubstituteBindings.php(52): Illuminate/Pipeline/Pipeline->Illuminate/Pipeline/{closure}(Object(Illuminate/Http/Request))
#15 D:/Ngoding/RepoGithub/fiber-manager-G/vendor/laravel/framework/src/Illuminate/Pipeline/Pipeline.php(219): Illuminate/Routing/Middleware/SubstituteBindings->handle(Object(Illuminate/Http/Request), Object(Closure))
#16 D:/Ngoding/RepoGithub/fiber-manager-G/vendor/laravel/framework/src/Illuminate/Foundation/Http/Middleware/PreventRequestForgery.php(104): Illuminate/Pipeline/Pipeline->Illuminate/Pipeline/{closure}(Object(Illuminate/Http/Request))
#17 D:/Ngoding/RepoGithub/fiber-manager-G/vendor/laravel/framework/src/Illuminate/Pipeline/Pipeline.php(219): Illuminate/Foundation/Http/Middleware/PreventRequestForgery->handle(Object(Illuminate/Http/Request), Object(Closure))
#18 D:/Ngoding/RepoGithub/fiber-manager-G/vendor/laravel/framework/src/Illuminate/View/Middleware/ShareErrorsFromSession.php(48): Illuminate/Pipeline/Pipeline->Illuminate/Pipeline/{closure}(Object(Illuminate/Http/Request))
#19 D:/Ngoding/RepoGithub/fiber-manager-G/vendor/laravel/framework/src/Illuminate/Pipeline/Pipeline.php(219): Illuminate/View/Middleware/ShareErrorsFromSession->handle(Object(Illuminate/Http/Request), Object(Closure))
#20 D:/Ngoding/RepoGithub/fiber-manager-G/vendor/laravel/framework/src/Illuminate/Session/Middleware/StartSession.php(120): Illuminate/Pipeline/Pipeline->Illuminate/Pipeline/{closure}(Object(Illuminate/Http/Request))
#21 D:/Ngoding/RepoGithub/fiber-manager-G/vendor/laravel/framework/src/Illuminate/Session/Middleware/StartSession.php(63): Illuminate/Session/Middleware/StartSession->handleStatefulRequest(Object(Illuminate/Http/Request), Object(Illuminate/Session/Store), Object(Closure))
#22 D:/Ngoding/RepoGithub/fiber-manager-G/vendor/laravel/framework/src/Illuminate/Pipeline/Pipeline.php(219): Illuminate/Session/Middleware/StartSession->handle(Object(Illuminate/Http/Request), Object(Closure))
#23 D:/Ngoding/RepoGithub/fiber-manager-G/vendor/laravel/framework/src/Illuminate/Cookie/Middleware/AddQueuedCookiesToResponse.php(36): Illuminate/Pipeline/Pipeline->Illuminate/Pipeline/{closure}(Object(Illuminate/Http/Request))
#24 D:/Ngoding/RepoGithub/fiber-manager-G/vendor/laravel/framework/src/Illuminate/Pipeline/Pipeline.php(219): Illuminate/Cookie/Middleware/AddQueuedCookiesToResponse->handle(Object(Illuminate/Http/Request), Object(Closure))
#25 D:/Ngoding/RepoGithub/fiber-manager-G/vendor/laravel/framework/src/Illuminate/Cookie/Middleware/EncryptCookies.php(74): Illuminate/Pipeline/Pipeline->Illuminate/Pipeline/{closure}(Object(Illuminate/Http/Request))
#26 D:/Ngoding/RepoGithub/fiber-manager-G/vendor/laravel/framework/src/Illuminate/Pipeline/Pipeline.php(219): Illuminate/Cookie/Middleware/EncryptCookies->handle(Object(Illuminate/Http/Request), Object(Closure))
#27 D:/Ngoding/RepoGithub/fiber-manager-G/vendor/laravel/framework/src/Illuminate/Pipeline/Pipeline.php(137): Illuminate/Pipeline/Pipeline->Illuminate/Pipeline/{closure}(Object(Illuminate/Http/Request))
#28 D:/Ngoding/RepoGithub/fiber-manager-G/vendor/laravel/framework/src/Illuminate/Routing/Router.php(821): Illuminate/Pipeline/Pipeline->then(Object(Closure))
#29 D:/Ngoding/RepoGithub/fiber-manager-G/vendor/laravel/framework/src/Illuminate/Routing/Router.php(800): Illuminate/Routing/Router->runRouteWithinStack(Object(Illuminate/Routing/Route), Object(Illuminate/Http/Request))
#30 D:/Ngoding/RepoGithub/fiber-manager-G/vendor/laravel/framework/src/Illuminate/Routing/Router.php(764): Illuminate/Routing/Router->runRoute(Object(Illuminate/Http/Request), Object(Illuminate/Routing/Route))
#31 D:/Ngoding/RepoGithub/fiber-manager-G/vendor/laravel/framework/src/Illuminate/Routing/Router.php(753): Illuminate/Routing/Router->dispatchToRoute(Object(Illuminate/Http/Request))
#32 D:/Ngoding/RepoGithub/fiber-manager-G/vendor/laravel/framework/src/Illuminate/Foundation/Http/Kernel.php(200): Illuminate/Routing/Router->dispatch(Object(Illuminate/Http/Request))
#33 D:/Ngoding/RepoGithub/fiber-manager-G/vendor/laravel/framework/src/Illuminate/Pipeline/Pipeline.php(180): Illuminate/Foundation/Http/Kernel->Illuminate/Foundation/Http/{closure}(Object(Illuminate/Http/Request))
#34 D:/Ngoding/RepoGithub/fiber-manager-G/vendor/laravel/framework/src/Illuminate/Foundation/Http/Middleware/TransformsRequest.php(21): Illuminate/Pipeline/Pipeline->Illuminate/Pipeline/{closure}(Object(Illuminate/Http/Request))
#35 D:/Ngoding/RepoGithub/fiber-manager-G/vendor/laravel/framework/src/Illuminate/Foundation/Http/Middleware/ConvertEmptyStringsToNull.php(31): Illuminate/Foundation/Http/Middleware/TransformsRequest->handle(Object(Illuminate/Http/Request), Object(Closure))
#36 D:/Ngoding/RepoGithub/fiber-manager-G/vendor/laravel/framework/src/Illuminate/Pipeline/Pipeline.php(219): Illuminate/Foundation/Http/Middleware/ConvertEmptyStringsToNull->handle(Object(Illuminate/Http/Request), Object(Closure))
#37 D:/Ngoding/RepoGithub/fiber-manager-G/vendor/laravel/framework/src/Illuminate/Foundation/Http/Middleware/TransformsRequest.php(21): Illuminate/Pipeline/Pipeline->Illuminate/Pipeline/{closure}(Object(Illuminate/Http/Request))
#38 D:/Ngoding/RepoGithub/fiber-manager-G/vendor/laravel/framework/src/Illuminate/Foundation/Http/Middleware/TrimStrings.php(51): Illuminate/Foundation/Http/Middleware/TransformsRequest->handle(Object(Illuminate/Http/Request), Object(Closure))
#39 D:/Ngoding/RepoGithub/fiber-manager-G/vendor/laravel/framework/src/Illuminate/Pipeline/Pipeline.php(219): Illuminate/Foundation/Http/Middleware/TrimStrings->handle(Object(Illuminate/Http/Request), Object(Closure))
#40 D:/Ngoding/RepoGithub/fiber-manager-G/vendor/laravel/framework/src/Illuminate/Http/Middleware/ValidatePostSize.php(27): Illuminate/Pipeline/Pipeline->Illuminate/Pipeline/{closure}(Object(Illuminate/Http/Request))
#41 D:/Ngoding/RepoGithub/fiber-manager-G/vendor/laravel/framework/src/Illuminate/Pipeline/Pipeline.php(219): Illuminate/Http/Middleware/ValidatePostSize->handle(Object(Illuminate/Http/Request), Object(Closure))
#42 D:/Ngoding/RepoGithub/fiber-manager-G/vendor/laravel/framework/src/Illuminate/Foundation/Http/Middleware/PreventRequestsDuringMaintenance.php(109): Illuminate/Pipeline/Pipeline->Illuminate/Pipeline/{closure}(Object(Illuminate/Http/Request))
#43 D:/Ngoding/RepoGithub/fiber-manager-G/vendor/laravel/framework/src/Illuminate/Pipeline/Pipeline.php(219): Illuminate/Foundation/Http/Middleware/PreventRequestsDuringMaintenance->handle(Object(Illuminate/Http/Request), Object(Closure))
#44 D:/Ngoding/RepoGithub/fiber-manager-G/vendor/laravel/framework/src/Illuminate/Http/Middleware/HandleCors.php(74): Illuminate/Pipeline/Pipeline->Illuminate/Pipeline/{closure}(Object(Illuminate/Http/Request))
#45 D:/Ngoding/RepoGithub/fiber-manager-G/vendor/laravel/framework/src/Illuminate/Pipeline/Pipeline.php(219): Illuminate/Http/Middleware/HandleCors->handle(Object(Illuminate/Http/Request), Object(Closure))
#46 D:/Ngoding/RepoGithub/fiber-manager-G/vendor/laravel/framework/src/Illuminate/Http/Middleware/TrustProxies.php(58): Illuminate/Pipeline/Pipeline->Illuminate/Pipeline/{closure}(Object(Illuminate/Http/Request))
#47 D:/Ngoding/RepoGithub/fiber-manager-G/vendor/laravel/framework/src/Illuminate/Pipeline/Pipeline.php(219): Illuminate/Http/Middleware/TrustProxies->handle(Object(Illuminate/Http/Request), Object(Closure))
#48 D:/Ngoding/RepoGithub/fiber-manager-G/vendor/laravel/framework/src/Illuminate/Foundation/Http/Middleware/InvokeDeferredCallbacks.php(22): Illuminate/Pipeline/Pipeline->Illuminate/Pipeline/{closure}(Object(Illuminate/Http/Request))
#49 D:/Ngoding/RepoGithub/fiber-manager-G/vendor/laravel/framework/src/Illuminate/Pipeline/Pipeline.php(219): Illuminate/Foundation/Http/Middleware/InvokeDeferredCallbacks->handle(Object(Illuminate/Http/Request), Object(Closure))
#50 D:/Ngoding/RepoGithub/fiber-manager-G/vendor/laravel/framework/src/Illuminate/Http/Middleware/ValidatePathEncoding.php(28): Illuminate/Pipeline/Pipeline->Illuminate/Pipeline/{closure}(Object(Illuminate/Http/Request))
#51 D:/Ngoding/RepoGithub/fiber-manager-G/vendor/laravel/framework/src/Illuminate/Pipeline/Pipeline.php(219): Illuminate/Http/Middleware/ValidatePathEncoding->handle(Object(Illuminate/Http/Request), Object(Closure))
#52 D:/Ngoding/RepoGithub/fiber-manager-G/vendor/laravel/framework/src/Illuminate/Pipeline/Pipeline.php(137): Illuminate/Pipeline/Pipeline->Illuminate/Pipeline/{closure}(Object(Illuminate/Http/Request))
#53 D:/Ngoding/RepoGithub/fiber-manager-G/vendor/laravel/framework/src/Illuminate/Foundation/Http/Kernel.php(175): Illuminate/Pipeline/Pipeline->then(Object(Closure))
#54 D:/Ngoding/RepoGithub/fiber-manager-G/vendor/laravel/framework/src/Illuminate/Foundation/Http/Kernel.php(144): Illuminate/Foundation/Http/Kernel->sendRequestThroughRouter(Object(Illuminate/Http/Request))
#55 D:/Ngoding/RepoGithub/fiber-manager-G/vendor/laravel/framework/src/Illuminate/Foundation/Application.php(1227): Illuminate/Foundation/Http/Kernel->handle(Object(Illuminate/Http/Request))
#56 D:/Ngoding/RepoGithub/fiber-manager-G/public/index.php(20): Illuminate/Foundation/Application->handleRequest(Object(Illuminate/Http/Request))
#57 D:/Ngoding/RepoGithub/fiber-manager-G/vendor/laravel/framework/src/Illuminate/Foundation/resources/server.php(23): require_once('D://Ngoding//Repo...')
#58 {main}

[previous exception] [object] (PDOException(code: HY000): SQLSTATE[HY000]: General error: 1 no such table: users at D:/Ngoding/RepoGithub/fiber-manager-G/vendor/laravel/framework/src/Illuminate/Database/Connection.php:435)
[stacktrace]
#0 D:/Ngoding/RepoGithub/fiber-manager-G/vendor/laravel/framework/src/Illuminate/Database/Connection.php(435): PDO->prepare('select * from \"...')
#1 D:/Ngoding/RepoGithub/fiber-manager-G/vendor/laravel/framework/src/Illuminate/Database/Connection.php(846): Illuminate/Database/Connection->Illuminate/Database/{closure}('select * from \"...', Array)
#2 D:/Ngoding/RepoGithub/fiber-manager-G/vendor/laravel/framework/src/Illuminate/Database/Connection.php(813): Illuminate/Database/Connection->runQueryCallback('select * from \"...', Array, Object(Closure))
#3 D:/Ngoding/RepoGithub/fiber-manager-G/vendor/laravel/framework/src/Illuminate/Database/Connection.php(426): Illuminate/Database/Connection->run('select * from \"...', Array, Object(Closure))
#4 D:/Ngoding/RepoGithub/fiber-manager-G/vendor/laravel/framework/src/Illuminate/Database/Query/Builder.php(3574): Illuminate/Database/Connection->select('select * from \"...', Array, true, Array)
#5 D:/Ngoding/RepoGithub/fiber-manager-G/vendor/laravel/framework/src/Illuminate/Database/Query/Builder.php(3558): Illuminate/Database/Query/Builder->runSelect()
#6 D:/Ngoding/RepoGithub/fiber-manager-G/vendor/laravel/framework/src/Illuminate/Database/Eloquent/Builder.php(908): Illuminate/Database/Query/Builder->get(Array)
#7 D:/Ngoding/RepoGithub/fiber-manager-G/vendor/laravel/framework/src/Illuminate/Database/Eloquent/Builder.php(890): Illuminate/Database/Eloquent/Builder->getModels(Array)
#8 D:/Ngoding/RepoGithub/fiber-manager-G/vendor/laravel/framework/src/Illuminate/Database/Concerns/BuildsQueries.php(366): Illuminate/Database/Eloquent/Builder->get(Array)
#9 D:/Ngoding/RepoGithub/fiber-manager-G/app/Http/Controllers/AuthController.php(48): Illuminate/Database/Eloquent/Builder->first()
#10 D:/Ngoding/RepoGithub/fiber-manager-G/app/Http/Controllers/AuthController.php(19): App/Http/Controllers/AuthController->login(Object(Illuminate/Http/Request))
#11 D:/Ngoding/RepoGithub/fiber-manager-G/vendor/laravel/framework/src/Illuminate/Routing/ControllerDispatcher.php(46): App/Http/Controllers/AuthController->handle(Object(Illuminate/Http/Request))
#12 D:/Ngoding/RepoGithub/fiber-manager-G/vendor/laravel/framework/src/Illuminate/Routing/Route.php(276): Illuminate/Routing/ControllerDispatcher->dispatch(Object(Illuminate/Routing/Route), Object(App/Http/Controllers/AuthController), 'handle')
#13 D:/Ngoding/RepoGithub/fiber-manager-G/vendor/laravel/framework/src/Illuminate/Routing/Route.php(216): Illuminate/Routing/Route->runController()
#14 D:/Ngoding/RepoGithub/fiber-manager-G/vendor/laravel/framework/src/Illuminate/Routing/Router.php(822): Illuminate/Routing/Route->run()
#15 D:/Ngoding/RepoGithub/fiber-manager-G/vendor/laravel/framework/src/Illuminate/Pipeline/Pipeline.php(180): Illuminate/Routing/Router->Illuminate/Routing/{closure}(Object(Illuminate/Http/Request))
#16 D:/Ngoding/RepoGithub/fiber-manager-G/vendor/laravel/framework/src/Illuminate/Routing/Middleware/SubstituteBindings.php(52): Illuminate/Pipeline/Pipeline->Illuminate/Pipeline/{closure}(Object(Illuminate/Http/Request))
#17 D:/Ngoding/RepoGithub/fiber-manager-G/vendor/laravel/framework/src/Illuminate/Pipeline/Pipeline.php(219): Illuminate/Routing/Middleware/SubstituteBindings->handle(Object(Illuminate/Http/Request), Object(Closure))
#18 D:/Ngoding/RepoGithub/fiber-manager-G/vendor/laravel/framework/src/Illuminate/Foundation/Http/Middleware/PreventRequestForgery.php(104): Illuminate/Pipeline/Pipeline->Illuminate/Pipeline/{closure}(Object(Illuminate/Http/Request))
#19 D:/Ngoding/RepoGithub/fiber-manager-G/vendor/laravel/framework/src/Illuminate/Pipeline/Pipeline.php(219): Illuminate/Foundation/Http/Middleware/PreventRequestForgery->handle(Object(Illuminate/Http/Request), Object(Closure))
#20 D:/Ngoding/RepoGithub/fiber-manager-G/vendor/laravel/framework/src/Illuminate/View/Middleware/ShareErrorsFromSession.php(48): Illuminate/Pipeline/Pipeline->Illuminate/Pipeline/{closure}(Object(Illuminate/Http/Request))
#21 D:/Ngoding/RepoGithub/fiber-manager-G/vendor/laravel/framework/src/Illuminate/Pipeline/Pipeline.php(219): Illuminate/View/Middleware/ShareErrorsFromSession->handle(Object(Illuminate/Http/Request), Object(Closure))
#22 D:/Ngoding/RepoGithub/fiber-manager-G/vendor/laravel/framework/src/Illuminate/Session/Middleware/StartSession.php(120): Illuminate/Pipeline/Pipeline->Illuminate/Pipeline/{closure}(Object(Illuminate/Http/Request))
#23 D:/Ngoding/RepoGithub/fiber-manager-G/vendor/laravel/framework/src/Illuminate/Session/Middleware/StartSession.php(63): Illuminate/Session/Middleware/StartSession->handleStatefulRequest(Object(Illuminate/Http/Request), Object(Illuminate/Session/Store), Object(Closure))
#24 D:/Ngoding/RepoGithub/fiber-manager-G/vendor/laravel/framework/src/Illuminate/Pipeline/Pipeline.php(219): Illuminate/Session/Middleware/StartSession->handle(Object(Illuminate/Http/Request), Object(Closure))
#25 D:/Ngoding/RepoGithub/fiber-manager-G/vendor/laravel/framework/src/Illuminate/Cookie/Middleware/AddQueuedCookiesToResponse.php(36): Illuminate/Pipeline/Pipeline->Illuminate/Pipeline/{closure}(Object(Illuminate/Http/Request))
#26 D:/Ngoding/RepoGithub/fiber-manager-G/vendor/laravel/framework/src/Illuminate/Pipeline/Pipeline.php(219): Illuminate/Cookie/Middleware/AddQueuedCookiesToResponse->handle(Object(Illuminate/Http/Request), Object(Closure))
#27 D:/Ngoding/RepoGithub/fiber-manager-G/vendor/laravel/framework/src/Illuminate/Cookie/Middleware/EncryptCookies.php(74): Illuminate/Pipeline/Pipeline->Illuminate/Pipeline/{closure}(Object(Illuminate/Http/Request))
#28 D:/Ngoding/RepoGithub/fiber-manager-G/vendor/laravel/framework/src/Illuminate/Pipeline/Pipeline.php(219): Illuminate/Cookie/Middleware/EncryptCookies->handle(Object(Illuminate/Http/Request), Object(Closure))
#29 D:/Ngoding/RepoGithub/fiber-manager-G/vendor/laravel/framework/src/Illuminate/Pipeline/Pipeline.php(137): Illuminate/Pipeline/Pipeline->Illuminate/Pipeline/{closure}(Object(Illuminate/Http/Request))
#30 D:/Ngoding/RepoGithub/fiber-manager-G/vendor/laravel/framework/src/Illuminate/Routing/Router.php(821): Illuminate/Pipeline/Pipeline->then(Object(Closure))
#31 D:/Ngoding/RepoGithub/fiber-manager-G/vendor/laravel/framework/src/Illuminate/Routing/Router.php(800): Illuminate/Routing/Router->runRouteWithinStack(Object(Illuminate/Routing/Route), Object(Illuminate/Http/Request))
#32 D:/Ngoding/RepoGithub/fiber-manager-G/vendor/laravel/framework/src/Illuminate/Routing/Router.php(764): Illuminate/Routing/Router->runRoute(Object(Illuminate/Http/Request), Object(Illuminate/Routing/Route))
#33 D:/Ngoding/RepoGithub/fiber-manager-G/vendor/laravel/framework/src/Illuminate/Routing/Router.php(753): Illuminate/Routing/Router->dispatchToRoute(Object(Illuminate/Http/Request))
#34 D:/Ngoding/RepoGithub/fiber-manager-G/vendor/laravel/framework/src/Illuminate/Foundation/Http/Kernel.php(200): Illuminate/Routing/Router->dispatch(Object(Illuminate/Http/Request))
#35 D:/Ngoding/RepoGithub/fiber-manager-G/vendor/laravel/framework/src/Illuminate/Pipeline/Pipeline.php(180): Illuminate/Foundation/Http/Kernel->Illuminate/Foundation/Http/{closure}(Object(Illuminate/Http/Request))
#36 D:/Ngoding/RepoGithub/fiber-manager-G/vendor/laravel/framework/src/Illuminate/Foundation/Http/Middleware/TransformsRequest.php(21): Illuminate/Pipeline/Pipeline->Illuminate/Pipeline/{closure}(Object(Illuminate/Http/Request))
#37 D:/Ngoding/RepoGithub/fiber-manager-G/vendor/laravel/framework/src/Illuminate/Foundation/Http/Middleware/ConvertEmptyStringsToNull.php(31): Illuminate/Foundation/Http/Middleware/TransformsRequest->handle(Object(Illuminate/Http/Request), Object(Closure))
#38 D:/Ngoding/RepoGithub/fiber-manager-G/vendor/laravel/framework/src/Illuminate/Pipeline/Pipeline.php(219): Illuminate/Foundation/Http/Middleware/ConvertEmptyStringsToNull->handle(Object(Illuminate/Http/Request), Object(Closure))
#39 D:/Ngoding/RepoGithub/fiber-manager-G/vendor/laravel/framework/src/Illuminate/Foundation/Http/Middleware/TransformsRequest.php(21): Illuminate/Pipeline/Pipeline->Illuminate/Pipeline/{closure}(Object(Illuminate/Http/Request))
#40 D:/Ngoding/RepoGithub/fiber-manager-G/vendor/laravel/framework/src/Illuminate/Foundation/Http/Middleware/TrimStrings.php(51): Illuminate/Foundation/Http/Middleware/TransformsRequest->handle(Object(Illuminate/Http/Request), Object(Closure))
#41 D:/Ngoding/RepoGithub/fiber-manager-G/vendor/laravel/framework/src/Illuminate/Pipeline/Pipeline.php(219): Illuminate/Foundation/Http/Middleware/TrimStrings->handle(Object(Illuminate/Http/Request), Object(Closure))
#42 D:/Ngoding/RepoGithub/fiber-manager-G/vendor/laravel/framework/src/Illuminate/Http/Middleware/ValidatePostSize.php(27): Illuminate/Pipeline/Pipeline->Illuminate/Pipeline/{closure}(Object(Illuminate/Http/Request))
#43 D:/Ngoding/RepoGithub/fiber-manager-G/vendor/laravel/framework/src/Illuminate/Pipeline/Pipeline.php(219): Illuminate/Http/Middleware/ValidatePostSize->handle(Object(Illuminate/Http/Request), Object(Closure))
#44 D:/Ngoding/RepoGithub/fiber-manager-G/vendor/laravel/framework/src/Illuminate/Foundation/Http/Middleware/PreventRequestsDuringMaintenance.php(109): Illuminate/Pipeline/Pipeline->Illuminate/Pipeline/{closure}(Object(Illuminate/Http/Request))
#45 D:/Ngoding/RepoGithub/fiber-manager-G/vendor/laravel/framework/src/Illuminate/Pipeline/Pipeline.php(219): Illuminate/Foundation/Http/Middleware/PreventRequestsDuringMaintenance->handle(Object(Illuminate/Http/Request), Object(Closure))
#46 D:/Ngoding/RepoGithub/fiber-manager-G/vendor/laravel/framework/src/Illuminate/Http/Middleware/HandleCors.php(74): Illuminate/Pipeline/Pipeline->Illuminate/Pipeline/{closure}(Object(Illuminate/Http/Request))
#47 D:/Ngoding/RepoGithub/fiber-manager-G/vendor/laravel/framework/src/Illuminate/Pipeline/Pipeline.php(219): Illuminate/Http/Middleware/HandleCors->handle(Object(Illuminate/Http/Request), Object(Closure))
#48 D:/Ngoding/RepoGithub/fiber-manager-G/vendor/laravel/framework/src/Illuminate/Http/Middleware/TrustProxies.php(58): Illuminate/Pipeline/Pipeline->Illuminate/Pipeline/{closure}(Object(Illuminate/Http/Request))
#49 D:/Ngoding/RepoGithub/fiber-manager-G/vendor/laravel/framework/src/Illuminate/Pipeline/Pipeline.php(219): Illuminate/Http/Middleware/TrustProxies->handle(Object(Illuminate/Http/Request), Object(Closure))
#50 D:/Ngoding/RepoGithub/fiber-manager-G/vendor/laravel/framework/src/Illuminate/Foundation/Http/Middleware/InvokeDeferredCallbacks.php(22): Illuminate/Pipeline/Pipeline->Illuminate/Pipeline/{closure}(Object(Illuminate/Http/Request))
#51 D:/Ngoding/RepoGithub/fiber-manager-G/vendor/laravel/framework/src/Illuminate/Pipeline/Pipeline.php(219): Illuminate/Foundation/Http/Middleware/InvokeDeferredCallbacks->handle(Object(Illuminate/Http/Request), Object(Closure))
#52 D:/Ngoding/RepoGithub/fiber-manager-G/vendor/laravel/framework/src/Illuminate/Http/Middleware/ValidatePathEncoding.php(28): Illuminate/Pipeline/Pipeline->Illuminate/Pipeline/{closure}(Object(Illuminate/Http/Request))
#53 D:/Ngoding/RepoGithub/fiber-manager-G/vendor/laravel/framework/src/Illuminate/Pipeline/Pipeline.php(219): Illuminate/Http/Middleware/ValidatePathEncoding->handle(Object(Illuminate/Http/Request), Object(Closure))
#54 D:/Ngoding/RepoGithub/fiber-manager-G/vendor/laravel/framework/src/Illuminate/Pipeline/Pipeline.php(137): Illuminate/Pipeline/Pipeline->Illuminate/Pipeline/{closure}(Object(Illuminate/Http/Request))
#55 D:/Ngoding/RepoGithub/fiber-manager-G/vendor/laravel/framework/src/Illuminate/Foundation/Http/Kernel.php(175): Illuminate/Pipeline/Pipeline->then(Object(Closure))
#56 D:/Ngoding/RepoGithub/fiber-manager-G/vendor/laravel/framework/src/Illuminate/Foundation/Http/Kernel.php(144): Illuminate/Foundation/Http/Kernel->sendRequestThroughRouter(Object(Illuminate/Http/Request))
#57 D:/Ngoding/RepoGithub/fiber-manager-G/vendor/laravel/framework/src/Illuminate/Foundation/Application.php(1227): Illuminate/Foundation/Http/Kernel->handle(Object(Illuminate/Http/Request))
#58 D:/Ngoding/RepoGithub/fiber-manager-G/public/index.php(20): Illuminate/Foundation/Application->handleRequest(Object(Illuminate/Http/Request))
#59 D:/Ngoding/RepoGithub/fiber-manager-G/vendor/laravel/framework/src/Illuminate/Foundation/resources/server.php(23): require_once('D://Ngoding//Repo...')
#60 {main}
"} 
[2026-07-28 05:59:31] local.ERROR: SQLSTATE[HY000]: General error: 1 no such table: users (Connection: sqlite, Database: D:\Ngoding\RepoGithub\fiber-manager-G\database\database.sqlite, SQL: select * from "users" where "username" = admin limit 1) {"exception":"[object] (Illuminate\\Database\\QueryException(code: HY000): SQLSTATE[HY000]: General error: 1 no such table: users (Connection: sqlite, Database: D:\\Ngoding\\RepoGithub\\fiber-manager-G\\database\\database.sqlite, SQL: select * from \"users\" where \"username\" = admin limit 1) at D:/Ngoding/RepoGithub/fiber-manager-G/vendor/laravel/framework/src/Illuminate/Database/Connection.php:857)
[stacktrace]
#0 D:/Ngoding/RepoGithub/fiber-manager-G/vendor/laravel/framework/src/Illuminate/Database/Connection.php(813): Illuminate/Database/Connection->runQueryCallback('select * from \"...', Array, Object(Closure))
#1 D:/Ngoding/RepoGithub/fiber-manager-G/vendor/laravel/framework/src/Illuminate/Database/Connection.php(426): Illuminate/Database/Connection->run('select * from \"...', Array, Object(Closure))
#2 D:/Ngoding/RepoGithub/fiber-manager-G/vendor/laravel/framework/src/Illuminate/Database/Query/Builder.php(3574): Illuminate/Database/Connection->select('select * from \"...', Array, true, Array)
#3 D:/Ngoding/RepoGithub/fiber-manager-G/vendor/laravel/framework/src/Illuminate/Database/Query/Builder.php(3558): Illuminate/Database/Query/Builder->runSelect()
#4 D:/Ngoding/RepoGithub/fiber-manager-G/vendor/laravel/framework/src/Illuminate/Database/Eloquent/Builder.php(908): Illuminate/Database/Query/Builder->get(Array)
#5 D:/Ngoding/RepoGithub/fiber-manager-G/vendor/laravel/framework/src/Illuminate/Database/Eloquent/Builder.php(890): Illuminate/Database/Eloquent/Builder->getModels(Array)
#6 D:/Ngoding/RepoGithub/fiber-manager-G/vendor/laravel/framework/src/Illuminate/Database/Concerns/BuildsQueries.php(366): Illuminate/Database/Eloquent/Builder->get(Array)
#7 D:/Ngoding/RepoGithub/fiber-manager-G/app/Http/Controllers/AuthController.php(48): Illuminate/Database/Eloquent/Builder->first()
#8 D:/Ngoding/RepoGithub/fiber-manager-G/app/Http/Controllers/AuthController.php(19): App/Http/Controllers/AuthController->login(Object(Illuminate/Http/Request))
#9 D:/Ngoding/RepoGithub/fiber-manager-G/vendor/laravel/framework/src/Illuminate/Routing/ControllerDispatcher.php(46): App/Http/Controllers/AuthController->handle(Object(Illuminate/Http/Request))
#10 D:/Ngoding/RepoGithub/fiber-manager-G/vendor/laravel/framework/src/Illuminate/Routing/Route.php(276): Illuminate/Routing/ControllerDispatcher->dispatch(Object(Illuminate/Routing/Route), Object(App/Http/Controllers/AuthController), 'handle')
#11 D:/Ngoding/RepoGithub/fiber-manager-G/vendor/laravel/framework/src/Illuminate/Routing/Route.php(216): Illuminate/Routing/Route->runController()
#12 D:/Ngoding/RepoGithub/fiber-manager-G/vendor/laravel/framework/src/Illuminate/Routing/Router.php(822): Illuminate/Routing/Route->run()
#13 D:/Ngoding/RepoGithub/fiber-manager-G/vendor/laravel/framework/src/Illuminate/Pipeline/Pipeline.php(180): Illuminate/Routing/Router->Illuminate/Routing/{closure}(Object(Illuminate/Http/Request))
#14 D:/Ngoding/RepoGithub/fiber-manager-G/vendor/laravel/framework/src/Illuminate/Routing/Middleware/SubstituteBindings.php(52): Illuminate/Pipeline/Pipeline->Illuminate/Pipeline/{closure}(Object(Illuminate/Http/Request))
#15 D:/Ngoding/RepoGithub/fiber-manager-G/vendor/laravel/framework/src/Illuminate/Pipeline/Pipeline.php(219): Illuminate/Routing/Middleware/SubstituteBindings->handle(Object(Illuminate/Http/Request), Object(Closure))
#16 D:/Ngoding/RepoGithub/fiber-manager-G/vendor/laravel/framework/src/Illuminate/Foundation/Http/Middleware/PreventRequestForgery.php(104): Illuminate/Pipeline/Pipeline->Illuminate/Pipeline/{closure}(Object(Illuminate/Http/Request))
#17 D:/Ngoding/RepoGithub/fiber-manager-G/vendor/laravel/framework/src/Illuminate/Pipeline/Pipeline.php(219): Illuminate/Foundation/Http/Middleware/PreventRequestForgery->handle(Object(Illuminate/Http/Request), Object(Closure))
#18 D:/Ngoding/RepoGithub/fiber-manager-G/vendor/laravel/framework/src/Illuminate/View/Middleware/ShareErrorsFromSession.php(48): Illuminate/Pipeline/Pipeline->Illuminate/Pipeline/{closure}(Object(Illuminate/Http/Request))
#19 D:/Ngoding/RepoGithub/fiber-manager-G/vendor/laravel/framework/src/Illuminate/Pipeline/Pipeline.php(219): Illuminate/View/Middleware/ShareErrorsFromSession->handle(Object(Illuminate/Http/Request), Object(Closure))
#20 D:/Ngoding/RepoGithub/fiber-manager-G/vendor/laravel/framework/src/Illuminate/Session/Middleware/StartSession.php(120): Illuminate/Pipeline/Pipeline->Illuminate/Pipeline/{closure}(Object(Illuminate/Http/Request))
#21 D:/Ngoding/RepoGithub/fiber-manager-G/vendor/laravel/framework/src/Illuminate/Session/Middleware/StartSession.php(63): Illuminate/Session/Middleware/StartSession->handleStatefulRequest(Object(Illuminate/Http/Request), Object(Illuminate/Session/Store), Object(Closure))
#22 D:/Ngoding/RepoGithub/fiber-manager-G/vendor/laravel/framework/src/Illuminate/Pipeline/Pipeline.php(219): Illuminate/Session/Middleware/StartSession->handle(Object(Illuminate/Http/Request), Object(Closure))
#23 D:/Ngoding/RepoGithub/fiber-manager-G/vendor/laravel/framework/src/Illuminate/Cookie/Middleware/AddQueuedCookiesToResponse.php(36): Illuminate/Pipeline/Pipeline->Illuminate/Pipeline/{closure}(Object(Illuminate/Http/Request))
#24 D:/Ngoding/RepoGithub/fiber-manager-G/vendor/laravel/framework/src/Illuminate/Pipeline/Pipeline.php(219): Illuminate/Cookie/Middleware/AddQueuedCookiesToResponse->handle(Object(Illuminate/Http/Request), Object(Closure))
#25 D:/Ngoding/RepoGithub/fiber-manager-G/vendor/laravel/framework/src/Illuminate/Cookie/Middleware/EncryptCookies.php(74): Illuminate/Pipeline/Pipeline->Illuminate/Pipeline/{closure}(Object(Illuminate/Http/Request))
#26 D:/Ngoding/RepoGithub/fiber-manager-G/vendor/laravel/framework/src/Illuminate/Pipeline/Pipeline.php(219): Illuminate/Cookie/Middleware/EncryptCookies->handle(Object(Illuminate/Http/Request), Object(Closure))
#27 D:/Ngoding/RepoGithub/fiber-manager-G/vendor/laravel/framework/src/Illuminate/Pipeline/Pipeline.php(137): Illuminate/Pipeline/Pipeline->Illuminate/Pipeline/{closure}(Object(Illuminate/Http/Request))
#28 D:/Ngoding/RepoGithub/fiber-manager-G/vendor/laravel/framework/src/Illuminate/Routing/Router.php(821): Illuminate/Pipeline/Pipeline->then(Object(Closure))
#29 D:/Ngoding/RepoGithub/fiber-manager-G/vendor/laravel/framework/src/Illuminate/Routing/Router.php(800): Illuminate/Routing/Router->runRouteWithinStack(Object(Illuminate/Routing/Route), Object(Illuminate/Http/Request))
#30 D:/Ngoding/RepoGithub/fiber-manager-G/vendor/laravel/framework/src/Illuminate/Routing/Router.php(764): Illuminate/Routing/Router->runRoute(Object(Illuminate/Http/Request), Object(Illuminate/Routing/Route))
#31 D:/Ngoding/RepoGithub/fiber-manager-G/vendor/laravel/framework/src/Illuminate/Routing/Router.php(753): Illuminate/Routing/Router->dispatchToRoute(Object(Illuminate/Http/Request))
#32 D:/Ngoding/RepoGithub/fiber-manager-G/vendor/laravel/framework/src/Illuminate/Foundation/Http/Kernel.php(200): Illuminate/Routing/Router->dispatch(Object(Illuminate/Http/Request))
#33 D:/Ngoding/RepoGithub/fiber-manager-G/vendor/laravel/framework/src/Illuminate/Pipeline/Pipeline.php(180): Illuminate/Foundation/Http/Kernel->Illuminate/Foundation/Http/{closure}(Object(Illuminate/Http/Request))
#34 D:/Ngoding/RepoGithub/fiber-manager-G/vendor/laravel/framework/src/Illuminate/Foundation/Http/Middleware/TransformsRequest.php(21): Illuminate/Pipeline/Pipeline->Illuminate/Pipeline/{closure}(Object(Illuminate/Http/Request))
#35 D:/Ngoding/RepoGithub/fiber-manager-G/vendor/laravel/framework/src/Illuminate/Foundation/Http/Middleware/ConvertEmptyStringsToNull.php(31): Illuminate/Foundation/Http/Middleware/TransformsRequest->handle(Object(Illuminate/Http/Request), Object(Closure))
#36 D:/Ngoding/RepoGithub/fiber-manager-G/vendor/laravel/framework/src/Illuminate/Pipeline/Pipeline.php(219): Illuminate/Foundation/Http/Middleware/ConvertEmptyStringsToNull->handle(Object(Illuminate/Http/Request), Object(Closure))
#37 D:/Ngoding/RepoGithub/fiber-manager-G/vendor/laravel/framework/src/Illuminate/Foundation/Http/Middleware/TransformsRequest.php(21): Illuminate/Pipeline/Pipeline->Illuminate/Pipeline/{closure}(Object(Illuminate/Http/Request))
#38 D:/Ngoding/RepoGithub/fiber-manager-G/vendor/laravel/framework/src/Illuminate/Foundation/Http/Middleware/TrimStrings.php(51): Illuminate/Foundation/Http/Middleware/TransformsRequest->handle(Object(Illuminate/Http/Request), Object(Closure))
#39 D:/Ngoding/RepoGithub/fiber-manager-G/vendor/laravel/framework/src/Illuminate/Pipeline/Pipeline.php(219): Illuminate/Foundation/Http/Middleware/TrimStrings->handle(Object(Illuminate/Http/Request), Object(Closure))
#40 D:/Ngoding/RepoGithub/fiber-manager-G/vendor/laravel/framework/src/Illuminate/Http/Middleware/ValidatePostSize.php(27): Illuminate/Pipeline/Pipeline->Illuminate/Pipeline/{closure}(Object(Illuminate/Http/Request))
#41 D:/Ngoding/RepoGithub/fiber-manager-G/vendor/laravel/framework/src/Illuminate/Pipeline/Pipeline.php(219): Illuminate/Http/Middleware/ValidatePostSize->handle(Object(Illuminate/Http/Request), Object(Closure))
#42 D:/Ngoding/RepoGithub/fiber-manager-G/vendor/laravel/framework/src/Illuminate/Foundation/Http/Middleware/PreventRequestsDuringMaintenance.php(109): Illuminate/Pipeline/Pipeline->Illuminate/Pipeline/{closure}(Object(Illuminate/Http/Request))
#43 D:/Ngoding/RepoGithub/fiber-manager-G/vendor/laravel/framework/src/Illuminate/Pipeline/Pipeline.php(219): Illuminate/Foundation/Http/Middleware/PreventRequestsDuringMaintenance->handle(Object(Illuminate/Http/Request), Object(Closure))
#44 D:/Ngoding/RepoGithub/fiber-manager-G/vendor/laravel/framework/src/Illuminate/Http/Middleware/HandleCors.php(74): Illuminate/Pipeline/Pipeline->Illuminate/Pipeline/{closure}(Object(Illuminate/Http/Request))
#45 D:/Ngoding/RepoGithub/fiber-manager-G/vendor/laravel/framework/src/Illuminate/Pipeline/Pipeline.php(219): Illuminate/Http/Middleware/HandleCors->handle(Object(Illuminate/Http/Request), Object(Closure))
#46 D:/Ngoding/RepoGithub/fiber-manager-G/vendor/laravel/framework/src/Illuminate/Http/Middleware/TrustProxies.php(58): Illuminate/Pipeline/Pipeline->Illuminate/Pipeline/{closure}(Object(Illuminate/Http/Request))
#47 D:/Ngoding/RepoGithub/fiber-manager-G/vendor/laravel/framework/src/Illuminate/Pipeline/Pipeline.php(219): Illuminate/Http/Middleware/TrustProxies->handle(Object(Illuminate/Http/Request), Object(Closure))
#48 D:/Ngoding/RepoGithub/fiber-manager-G/vendor/laravel/framework/src/Illuminate/Foundation/Http/Middleware/InvokeDeferredCallbacks.php(22): Illuminate/Pipeline/Pipeline->Illuminate/Pipeline/{closure}(Object(Illuminate/Http/Request))
#49 D:/Ngoding/RepoGithub/fiber-manager-G/vendor/laravel/framework/src/Illuminate/Pipeline/Pipeline.php(219): Illuminate/Foundation/Http/Middleware/InvokeDeferredCallbacks->handle(Object(Illuminate/Http/Request), Object(Closure))
#50 D:/Ngoding/RepoGithub/fiber-manager-G/vendor/laravel/framework/src/Illuminate/Http/Middleware/ValidatePathEncoding.php(28): Illuminate/Pipeline/Pipeline->Illuminate/Pipeline/{closure}(Object(Illuminate/Http/Request))
#51 D:/Ngoding/RepoGithub/fiber-manager-G/vendor/laravel/framework/src/Illuminate/Pipeline/Pipeline.php(219): Illuminate/Http/Middleware/ValidatePathEncoding->handle(Object(Illuminate/Http/Request), Object(Closure))
#52 D:/Ngoding/RepoGithub/fiber-manager-G/vendor/laravel/framework/src/Illuminate/Pipeline/Pipeline.php(137): Illuminate/Pipeline/Pipeline->Illuminate/Pipeline/{closure}(Object(Illuminate/Http/Request))
#53 D:/Ngoding/RepoGithub/fiber-manager-G/vendor/laravel/framework/src/Illuminate/Foundation/Http/Kernel.php(175): Illuminate/Pipeline/Pipeline->then(Object(Closure))
#54 D:/Ngoding/RepoGithub/fiber-manager-G/vendor/laravel/framework/src/Illuminate/Foundation/Http/Kernel.php(144): Illuminate/Foundation/Http/Kernel->sendRequestThroughRouter(Object(Illuminate/Http/Request))
#55 D:/Ngoding/RepoGithub/fiber-manager-G/vendor/laravel/framework/src/Illuminate/Foundation/Application.php(1227): Illuminate/Foundation/Http/Kernel->handle(Object(Illuminate/Http/Request))
#56 D:/Ngoding/RepoGithub/fiber-manager-G/public/index.php(20): Illuminate/Foundation/Application->handleRequest(Object(Illuminate/Http/Request))
#57 D:/Ngoding/RepoGithub/fiber-manager-G/vendor/laravel/framework/src/Illuminate/Foundation/resources/server.php(23): require_once('D://Ngoding//Repo...')
#58 {main}

[previous exception] [object] (PDOException(code: HY000): SQLSTATE[HY000]: General error: 1 no such table: users at D:/Ngoding/RepoGithub/fiber-manager-G/vendor/laravel/framework/src/Illuminate/Database/Connection.php:435)
[stacktrace]
#0 D:/Ngoding/RepoGithub/fiber-manager-G/vendor/laravel/framework/src/Illuminate/Database/Connection.php(435): PDO->prepare('select * from \"...')
#1 D:/Ngoding/RepoGithub/fiber-manager-G/vendor/laravel/framework/src/Illuminate/Database/Connection.php(846): Illuminate/Database/Connection->Illuminate/Database/{closure}('select * from \"...', Array)
#2 D:/Ngoding/RepoGithub/fiber-manager-G/vendor/laravel/framework/src/Illuminate/Database/Connection.php(813): Illuminate/Database/Connection->runQueryCallback('select * from \"...', Array, Object(Closure))
#3 D:/Ngoding/RepoGithub/fiber-manager-G/vendor/laravel/framework/src/Illuminate/Database/Connection.php(426): Illuminate/Database/Connection->run('select * from \"...', Array, Object(Closure))
#4 D:/Ngoding/RepoGithub/fiber-manager-G/vendor/laravel/framework/src/Illuminate/Database/Query/Builder.php(3574): Illuminate/Database/Connection->select('select * from \"...', Array, true, Array)
#5 D:/Ngoding/RepoGithub/fiber-manager-G/vendor/laravel/framework/src/Illuminate/Database/Query/Builder.php(3558): Illuminate/Database/Query/Builder->runSelect()
#6 D:/Ngoding/RepoGithub/fiber-manager-G/vendor/laravel/framework/src/Illuminate/Database/Eloquent/Builder.php(908): Illuminate/Database/Query/Builder->get(Array)
#7 D:/Ngoding/RepoGithub/fiber-manager-G/vendor/laravel/framework/src/Illuminate/Database/Eloquent/Builder.php(890): Illuminate/Database/Eloquent/Builder->getModels(Array)
#8 D:/Ngoding/RepoGithub/fiber-manager-G/vendor/laravel/framework/src/Illuminate/Database/Concerns/BuildsQueries.php(366): Illuminate/Database/Eloquent/Builder->get(Array)
#9 D:/Ngoding/RepoGithub/fiber-manager-G/app/Http/Controllers/AuthController.php(48): Illuminate/Database/Eloquent/Builder->first()
#10 D:/Ngoding/RepoGithub/fiber-manager-G/app/Http/Controllers/AuthController.php(19): App/Http/Controllers/AuthController->login(Object(Illuminate/Http/Request))
#11 D:/Ngoding/RepoGithub/fiber-manager-G/vendor/laravel/framework/src/Illuminate/Routing/ControllerDispatcher.php(46): App/Http/Controllers/AuthController->handle(Object(Illuminate/Http/Request))
#12 D:/Ngoding/RepoGithub/fiber-manager-G/vendor/laravel/framework/src/Illuminate/Routing/Route.php(276): Illuminate/Routing/ControllerDispatcher->dispatch(Object(Illuminate/Routing/Route), Object(App/Http/Controllers/AuthController), 'handle')
#13 D:/Ngoding/RepoGithub/fiber-manager-G/vendor/laravel/framework/src/Illuminate/Routing/Route.php(216): Illuminate/Routing/Route->runController()
#14 D:/Ngoding/RepoGithub/fiber-manager-G/vendor/laravel/framework/src/Illuminate/Routing/Router.php(822): Illuminate/Routing/Route->run()
#15 D:/Ngoding/RepoGithub/fiber-manager-G/vendor/laravel/framework/src/Illuminate/Pipeline/Pipeline.php(180): Illuminate/Routing/Router->Illuminate/Routing/{closure}(Object(Illuminate/Http/Request))
#16 D:/Ngoding/RepoGithub/fiber-manager-G/vendor/laravel/framework/src/Illuminate/Routing/Middleware/SubstituteBindings.php(52): Illuminate/Pipeline/Pipeline->Illuminate/Pipeline/{closure}(Object(Illuminate/Http/Request))
#17 D:/Ngoding/RepoGithub/fiber-manager-G/vendor/laravel/framework/src/Illuminate/Pipeline/Pipeline.php(219): Illuminate/Routing/Middleware/SubstituteBindings->handle(Object(Illuminate/Http/Request), Object(Closure))
#18 D:/Ngoding/RepoGithub/fiber-manager-G/vendor/laravel/framework/src/Illuminate/Foundation/Http/Middleware/PreventRequestForgery.php(104): Illuminate/Pipeline/Pipeline->Illuminate/Pipeline/{closure}(Object(Illuminate/Http/Request))
#19 D:/Ngoding/RepoGithub/fiber-manager-G/vendor/laravel/framework/src/Illuminate/Pipeline/Pipeline.php(219): Illuminate/Foundation/Http/Middleware/PreventRequestForgery->handle(Object(Illuminate/Http/Request), Object(Closure))
#20 D:/Ngoding/RepoGithub/fiber-manager-G/vendor/laravel/framework/src/Illuminate/View/Middleware/ShareErrorsFromSession.php(48): Illuminate/Pipeline/Pipeline->Illuminate/Pipeline/{closure}(Object(Illuminate/Http/Request))
#21 D:/Ngoding/RepoGithub/fiber-manager-G/vendor/laravel/framework/src/Illuminate/Pipeline/Pipeline.php(219): Illuminate/View/Middleware/ShareErrorsFromSession->handle(Object(Illuminate/Http/Request), Object(Closure))
#22 D:/Ngoding/RepoGithub/fiber-manager-G/vendor/laravel/framework/src/Illuminate/Session/Middleware/StartSession.php(120): Illuminate/Pipeline/Pipeline->Illuminate/Pipeline/{closure}(Object(Illuminate/Http/Request))
#23 D:/Ngoding/RepoGithub/fiber-manager-G/vendor/laravel/framework/src/Illuminate/Session/Middleware/StartSession.php(63): Illuminate/Session/Middleware/StartSession->handleStatefulRequest(Object(Illuminate/Http/Request), Object(Illuminate/Session/Store), Object(Closure))
#24 D:/Ngoding/RepoGithub/fiber-manager-G/vendor/laravel/framework/src/Illuminate/Pipeline/Pipeline.php(219): Illuminate/Session/Middleware/StartSession->handle(Object(Illuminate/Http/Request), Object(Closure))
#25 D:/Ngoding/RepoGithub/fiber-manager-G/vendor/laravel/framework/src/Illuminate/Cookie/Middleware/AddQueuedCookiesToResponse.php(36): Illuminate/Pipeline/Pipeline->Illuminate/Pipeline/{closure}(Object(Illuminate/Http/Request))
#26 D:/Ngoding/RepoGithub/fiber-manager-G/vendor/laravel/framework/src/Illuminate/Pipeline/Pipeline.php(219): Illuminate/Cookie/Middleware/AddQueuedCookiesToResponse->handle(Object(Illuminate/Http/Request), Object(Closure))
#27 D:/Ngoding/RepoGithub/fiber-manager-G/vendor/laravel/framework/src/Illuminate/Cookie/Middleware/EncryptCookies.php(74): Illuminate/Pipeline/Pipeline->Illuminate/Pipeline/{closure}(Object(Illuminate/Http/Request))
#28 D:/Ngoding/RepoGithub/fiber-manager-G/vendor/laravel/framework/src/Illuminate/Pipeline/Pipeline.php(219): Illuminate/Cookie/Middleware/EncryptCookies->handle(Object(Illuminate/Http/Request), Object(Closure))
#29 D:/Ngoding/RepoGithub/fiber-manager-G/vendor/laravel/framework/src/Illuminate/Pipeline/Pipeline.php(137): Illuminate/Pipeline/Pipeline->Illuminate/Pipeline/{closure}(Object(Illuminate/Http/Request))
#30 D:/Ngoding/RepoGithub/fiber-manager-G/vendor/laravel/framework/src/Illuminate/Routing/Router.php(821): Illuminate/Pipeline/Pipeline->then(Object(Closure))
#31 D:/Ngoding/RepoGithub/fiber-manager-G/vendor/laravel/framework/src/Illuminate/Routing/Router.php(800): Illuminate/Routing/Router->runRouteWithinStack(Object(Illuminate/Routing/Route), Object(Illuminate/Http/Request))
#32 D:/Ngoding/RepoGithub/fiber-manager-G/vendor/laravel/framework/src/Illuminate/Routing/Router.php(764): Illuminate/Routing/Router->runRoute(Object(Illuminate/Http/Request), Object(Illuminate/Routing/Route))
#33 D:/Ngoding/RepoGithub/fiber-manager-G/vendor/laravel/framework/src/Illuminate/Routing/Router.php(753): Illuminate/Routing/Router->dispatchToRoute(Object(Illuminate/Http/Request))
#34 D:/Ngoding/RepoGithub/fiber-manager-G/vendor/laravel/framework/src/Illuminate/Foundation/Http/Kernel.php(200): Illuminate/Routing/Router->dispatch(Object(Illuminate/Http/Request))
#35 D:/Ngoding/RepoGithub/fiber-manager-G/vendor/laravel/framework/src/Illuminate/Pipeline/Pipeline.php(180): Illuminate/Foundation/Http/Kernel->Illuminate/Foundation/Http/{closure}(Object(Illuminate/Http/Request))
#36 D:/Ngoding/RepoGithub/fiber-manager-G/vendor/laravel/framework/src/Illuminate/Foundation/Http/Middleware/TransformsRequest.php(21): Illuminate/Pipeline/Pipeline->Illuminate/Pipeline/{closure}(Object(Illuminate/Http/Request))
#37 D:/Ngoding/RepoGithub/fiber-manager-G/vendor/laravel/framework/src/Illuminate/Foundation/Http/Middleware/ConvertEmptyStringsToNull.php(31): Illuminate/Foundation/Http/Middleware/TransformsRequest->handle(Object(Illuminate/Http/Request), Object(Closure))
#38 D:/Ngoding/RepoGithub/fiber-manager-G/vendor/laravel/framework/src/Illuminate/Pipeline/Pipeline.php(219): Illuminate/Foundation/Http/Middleware/ConvertEmptyStringsToNull->handle(Object(Illuminate/Http/Request), Object(Closure))
#39 D:/Ngoding/RepoGithub/fiber-manager-G/vendor/laravel/framework/src/Illuminate/Foundation/Http/Middleware/TransformsRequest.php(21): Illuminate/Pipeline/Pipeline->Illuminate/Pipeline/{closure}(Object(Illuminate/Http/Request))
#40 D:/Ngoding/RepoGithub/fiber-manager-G/vendor/laravel/framework/src/Illuminate/Foundation/Http/Middleware/TrimStrings.php(51): Illuminate/Foundation/Http/Middleware/TransformsRequest->handle(Object(Illuminate/Http/Request), Object(Closure))
#41 D:/Ngoding/RepoGithub/fiber-manager-G/vendor/laravel/framework/src/Illuminate/Pipeline/Pipeline.php(219): Illuminate/Foundation/Http/Middleware/TrimStrings->handle(Object(Illuminate/Http/Request), Object(Closure))
#42 D:/Ngoding/RepoGithub/fiber-manager-G/vendor/laravel/framework/src/Illuminate/Http/Middleware/ValidatePostSize.php(27): Illuminate/Pipeline/Pipeline->Illuminate/Pipeline/{closure}(Object(Illuminate/Http/Request))
#43 D:/Ngoding/RepoGithub/fiber-manager-G/vendor/laravel/framework/src/Illuminate/Pipeline/Pipeline.php(219): Illuminate/Http/Middleware/ValidatePostSize->handle(Object(Illuminate/Http/Request), Object(Closure))
#44 D:/Ngoding/RepoGithub/fiber-manager-G/vendor/laravel/framework/src/Illuminate/Foundation/Http/Middleware/PreventRequestsDuringMaintenance.php(109): Illuminate/Pipeline/Pipeline->Illuminate/Pipeline/{closure}(Object(Illuminate/Http/Request))
#45 D:/Ngoding/RepoGithub/fiber-manager-G/vendor/laravel/framework/src/Illuminate/Pipeline/Pipeline.php(219): Illuminate/Foundation/Http/Middleware/PreventRequestsDuringMaintenance->handle(Object(Illuminate/Http/Request), Object(Closure))
#46 D:/Ngoding/RepoGithub/fiber-manager-G/vendor/laravel/framework/src/Illuminate/Http/Middleware/HandleCors.php(74): Illuminate/Pipeline/Pipeline->Illuminate/Pipeline/{closure}(Object(Illuminate/Http/Request))
#47 D:/Ngoding/RepoGithub/fiber-manager-G/vendor/laravel/framework/src/Illuminate/Pipeline/Pipeline.php(219): Illuminate/Http/Middleware/HandleCors->handle(Object(Illuminate/Http/Request), Object(Closure))
#48 D:/Ngoding/RepoGithub/fiber-manager-G/vendor/laravel/framework/src/Illuminate/Http/Middleware/TrustProxies.php(58): Illuminate/Pipeline/Pipeline->Illuminate/Pipeline/{closure}(Object(Illuminate/Http/Request))
#49 D:/Ngoding/RepoGithub/fiber-manager-G/vendor/laravel/framework/src/Illuminate/Pipeline/Pipeline.php(219): Illuminate/Http/Middleware/TrustProxies->handle(Object(Illuminate/Http/Request), Object(Closure))
#50 D:/Ngoding/RepoGithub/fiber-manager-G/vendor/laravel/framework/src/Illuminate/Foundation/Http/Middleware/InvokeDeferredCallbacks.php(22): Illuminate/Pipeline/Pipeline->Illuminate/Pipeline/{closure}(Object(Illuminate/Http/Request))
#51 D:/Ngoding/RepoGithub/fiber-manager-G/vendor/laravel/framework/src/Illuminate/Pipeline/Pipeline.php(219): Illuminate/Foundation/Http/Middleware/InvokeDeferredCallbacks->handle(Object(Illuminate/Http/Request), Object(Closure))
#52 D:/Ngoding/RepoGithub/fiber-manager-G/vendor/laravel/framework/src/Illuminate/Http/Middleware/ValidatePathEncoding.php(28): Illuminate/Pipeline/Pipeline->Illuminate/Pipeline/{closure}(Object(Illuminate/Http/Request))
#53 D:/Ngoding/RepoGithub/fiber-manager-G/vendor/laravel/framework/src/Illuminate/Pipeline/Pipeline.php(219): Illuminate/Http/Middleware/ValidatePathEncoding->handle(Object(Illuminate/Http/Request), Object(Closure))
#54 D:/Ngoding/RepoGithub/fiber-manager-G/vendor/laravel/framework/src/Illuminate/Pipeline/Pipeline.php(137): Illuminate/Pipeline/Pipeline->Illuminate/Pipeline/{closure}(Object(Illuminate/Http/Request))
#55 D:/Ngoding/RepoGithub/fiber-manager-G/vendor/laravel/framework/src/Illuminate/Foundation/Http/Kernel.php(175): Illuminate/Pipeline/Pipeline->then(Object(Closure))
#56 D:/Ngoding/RepoGithub/fiber-manager-G/vendor/laravel/framework/src/Illuminate/Foundation/Http/Kernel.php(144): Illuminate/Foundation/Http/Kernel->sendRequestThroughRouter(Object(Illuminate/Http/Request))
#57 D:/Ngoding/RepoGithub/fiber-manager-G/vendor/laravel/framework/src/Illuminate/Foundation/Application.php(1227): Illuminate/Foundation/Http/Kernel->handle(Object(Illuminate/Http/Request))
#58 D:/Ngoding/RepoGithub/fiber-manager-G/public/index.php(20): Illuminate/Foundation/Application->handleRequest(Object(Illuminate/Http/Request))
#59 D:/Ngoding/RepoGithub/fiber-manager-G/vendor/laravel/framework/src/Illuminate/Foundation/resources/server.php(23): require_once('D://Ngoding//Repo...')
#60 {main}
"} 
[2026-07-28 06:00:49] local.ERROR: SQLSTATE[HY000]: General error: 1 table login_logs has no column named updated_at (Connection: sqlite, Database: D:\Ngoding\RepoGithub\fiber-manager-G\database\database.sqlite, SQL: insert into "login_logs" ("user_id", "ip_address", "user_agent", "status", "updated_at", "created_at") values (1, 127.0.0.1, Mozilla/5.0 (Windows NT 10.0; Win64; x64) AppleWebKit/537.36 (KHTML, like Gecko) Chrome/150.0.0.0 Safari/537.36, success, 2026-07-28 06:00:49, 2026-07-28 06:00:49)) {"userId":1,"exception":"[object] (Illuminate\\Database\\QueryException(code: HY000): SQLSTATE[HY000]: General error: 1 table login_logs has no column named updated_at (Connection: sqlite, Database: D:\\Ngoding\\RepoGithub\\fiber-manager-G\\database\\database.sqlite, SQL: insert into \"login_logs\" (\"user_id\", \"ip_address\", \"user_agent\", \"status\", \"updated_at\", \"created_at\") values (1, 127.0.0.1, Mozilla/5.0 (Windows NT 10.0; Win64; x64) AppleWebKit/537.36 (KHTML, like Gecko) Chrome/150.0.0.0 Safari/537.36, success, 2026-07-28 06:00:49, 2026-07-28 06:00:49)) at D:/Ngoding/RepoGithub/fiber-manager-G/vendor/laravel/framework/src/Illuminate/Database/Connection.php:857)
[stacktrace]
#0 D:/Ngoding/RepoGithub/fiber-manager-G/vendor/laravel/framework/src/Illuminate/Database/Connection.php(813): Illuminate/Database/Connection->runQueryCallback('insert into \"lo...', Array, Object(Closure))
#1 D:/Ngoding/RepoGithub/fiber-manager-G/vendor/laravel/framework/src/Illuminate/Database/Connection.php(590): Illuminate/Database/Connection->run('insert into \"lo...', Array, Object(Closure))
#2 D:/Ngoding/RepoGithub/fiber-manager-G/vendor/laravel/framework/src/Illuminate/Database/Connection.php(554): Illuminate/Database/Connection->statement('insert into \"lo...', Array)
#3 D:/Ngoding/RepoGithub/fiber-manager-G/vendor/laravel/framework/src/Illuminate/Database/Query/Processors/Processor.php(32): Illuminate/Database/Connection->insert('insert into \"lo...', Array)
#4 D:/Ngoding/RepoGithub/fiber-manager-G/vendor/laravel/framework/src/Illuminate/Database/Query/Builder.php(4258): Illuminate/Database/Query/Processors/Processor->processInsertGetId(Object(Illuminate/Database/Query/Builder), 'insert into \"lo...', Array, 'id')
#5 D:/Ngoding/RepoGithub/fiber-manager-G/vendor/laravel/framework/src/Illuminate/Database/Eloquent/Builder.php(2271): Illuminate/Database/Query/Builder->insertGetId(Array, 'id')
#6 D:/Ngoding/RepoGithub/fiber-manager-G/vendor/laravel/framework/src/Illuminate/Database/Eloquent/Model.php(1685): Illuminate/Database/Eloquent/Builder->__call('insertGetId', Array)
#7 D:/Ngoding/RepoGithub/fiber-manager-G/vendor/laravel/framework/src/Illuminate/Database/Eloquent/Model.php(1601): Illuminate/Database/Eloquent/Model->insertAndSetId(Object(Illuminate/Database/Eloquent/Builder), Array)
#8 D:/Ngoding/RepoGithub/fiber-manager-G/vendor/laravel/framework/src/Illuminate/Database/Eloquent/Model.php(1405): Illuminate/Database/Eloquent/Model->performInsert(Object(Illuminate/Database/Eloquent/Builder))
#9 D:/Ngoding/RepoGithub/fiber-manager-G/vendor/laravel/framework/src/Illuminate/Database/Eloquent/Builder.php(1225): Illuminate/Database/Eloquent/Model->save()
#10 D:/Ngoding/RepoGithub/fiber-manager-G/vendor/laravel/framework/src/Illuminate/Support/helpers.php(393): Illuminate/Database/Eloquent/Builder->Illuminate/Database/Eloquent/{closure}(Object(App/Models/LoginLog))
#11 D:/Ngoding/RepoGithub/fiber-manager-G/vendor/laravel/framework/src/Illuminate/Database/Eloquent/Builder.php(1224): tap(Object(App/Models/LoginLog), Object(Closure))
#12 D:/Ngoding/RepoGithub/fiber-manager-G/vendor/laravel/framework/src/Illuminate/Support/Traits/ForwardsCalls.php(23): Illuminate/Database/Eloquent/Builder->create(Array)
#13 D:/Ngoding/RepoGithub/fiber-manager-G/vendor/laravel/framework/src/Illuminate/Database/Eloquent/Model.php(2842): Illuminate/Database/Eloquent/Model->forwardCallTo(Object(Illuminate/Database/Eloquent/Builder), 'create', Array)
#14 D:/Ngoding/RepoGithub/fiber-manager-G/vendor/laravel/framework/src/Illuminate/Database/Eloquent/Model.php(2858): Illuminate/Database/Eloquent/Model->__call('create', Array)
#15 D:/Ngoding/RepoGithub/fiber-manager-G/app/Http/Controllers/AuthController.php(57): Illuminate/Database/Eloquent/Model::__callStatic('create', Array)
#16 D:/Ngoding/RepoGithub/fiber-manager-G/app/Http/Controllers/AuthController.php(19): App/Http/Controllers/AuthController->login(Object(Illuminate/Http/Request))
#17 D:/Ngoding/RepoGithub/fiber-manager-G/vendor/laravel/framework/src/Illuminate/Routing/ControllerDispatcher.php(46): App/Http/Controllers/AuthController->handle(Object(Illuminate/Http/Request))
#18 D:/Ngoding/RepoGithub/fiber-manager-G/vendor/laravel/framework/src/Illuminate/Routing/Route.php(276): Illuminate/Routing/ControllerDispatcher->dispatch(Object(Illuminate/Routing/Route), Object(App/Http/Controllers/AuthController), 'handle')
#19 D:/Ngoding/RepoGithub/fiber-manager-G/vendor/laravel/framework/src/Illuminate/Routing/Route.php(216): Illuminate/Routing/Route->runController()
#20 D:/Ngoding/RepoGithub/fiber-manager-G/vendor/laravel/framework/src/Illuminate/Routing/Router.php(822): Illuminate/Routing/Route->run()
#21 D:/Ngoding/RepoGithub/fiber-manager-G/vendor/laravel/framework/src/Illuminate/Pipeline/Pipeline.php(180): Illuminate/Routing/Router->Illuminate/Routing/{closure}(Object(Illuminate/Http/Request))
#22 D:/Ngoding/RepoGithub/fiber-manager-G/vendor/laravel/framework/src/Illuminate/Routing/Middleware/SubstituteBindings.php(52): Illuminate/Pipeline/Pipeline->Illuminate/Pipeline/{closure}(Object(Illuminate/Http/Request))
#23 D:/Ngoding/RepoGithub/fiber-manager-G/vendor/laravel/framework/src/Illuminate/Pipeline/Pipeline.php(219): Illuminate/Routing/Middleware/SubstituteBindings->handle(Object(Illuminate/Http/Request), Object(Closure))
#24 D:/Ngoding/RepoGithub/fiber-manager-G/vendor/laravel/framework/src/Illuminate/Foundation/Http/Middleware/PreventRequestForgery.php(104): Illuminate/Pipeline/Pipeline->Illuminate/Pipeline/{closure}(Object(Illuminate/Http/Request))
#25 D:/Ngoding/RepoGithub/fiber-manager-G/vendor/laravel/framework/src/Illuminate/Pipeline/Pipeline.php(219): Illuminate/Foundation/Http/Middleware/PreventRequestForgery->handle(Object(Illuminate/Http/Request), Object(Closure))
#26 D:/Ngoding/RepoGithub/fiber-manager-G/vendor/laravel/framework/src/Illuminate/View/Middleware/ShareErrorsFromSession.php(48): Illuminate/Pipeline/Pipeline->Illuminate/Pipeline/{closure}(Object(Illuminate/Http/Request))
#27 D:/Ngoding/RepoGithub/fiber-manager-G/vendor/laravel/framework/src/Illuminate/Pipeline/Pipeline.php(219): Illuminate/View/Middleware/ShareErrorsFromSession->handle(Object(Illuminate/Http/Request), Object(Closure))
#28 D:/Ngoding/RepoGithub/fiber-manager-G/vendor/laravel/framework/src/Illuminate/Session/Middleware/StartSession.php(120): Illuminate/Pipeline/Pipeline->Illuminate/Pipeline/{closure}(Object(Illuminate/Http/Request))
#29 D:/Ngoding/RepoGithub/fiber-manager-G/vendor/laravel/framework/src/Illuminate/Session/Middleware/StartSession.php(63): Illuminate/Session/Middleware/StartSession->handleStatefulRequest(Object(Illuminate/Http/Request), Object(Illuminate/Session/Store), Object(Closure))
#30 D:/Ngoding/RepoGithub/fiber-manager-G/vendor/laravel/framework/src/Illuminate/Pipeline/Pipeline.php(219): Illuminate/Session/Middleware/StartSession->handle(Object(Illuminate/Http/Request), Object(Closure))
#31 D:/Ngoding/RepoGithub/fiber-manager-G/vendor/laravel/framework/src/Illuminate/Cookie/Middleware/AddQueuedCookiesToResponse.php(36): Illuminate/Pipeline/Pipeline->Illuminate/Pipeline/{closure}(Object(Illuminate/Http/Request))
#32 D:/Ngoding/RepoGithub/fiber-manager-G/vendor/laravel/framework/src/Illuminate/Pipeline/Pipeline.php(219): Illuminate/Cookie/Middleware/AddQueuedCookiesToResponse->handle(Object(Illuminate/Http/Request), Object(Closure))
#33 D:/Ngoding/RepoGithub/fiber-manager-G/vendor/laravel/framework/src/Illuminate/Cookie/Middleware/EncryptCookies.php(74): Illuminate/Pipeline/Pipeline->Illuminate/Pipeline/{closure}(Object(Illuminate/Http/Request))
#34 D:/Ngoding/RepoGithub/fiber-manager-G/vendor/laravel/framework/src/Illuminate/Pipeline/Pipeline.php(219): Illuminate/Cookie/Middleware/EncryptCookies->handle(Object(Illuminate/Http/Request), Object(Closure))
#35 D:/Ngoding/RepoGithub/fiber-manager-G/vendor/laravel/framework/src/Illuminate/Pipeline/Pipeline.php(137): Illuminate/Pipeline/Pipeline->Illuminate/Pipeline/{closure}(Object(Illuminate/Http/Request))
#36 D:/Ngoding/RepoGithub/fiber-manager-G/vendor/laravel/framework/src/Illuminate/Routing/Router.php(821): Illuminate/Pipeline/Pipeline->then(Object(Closure))
#37 D:/Ngoding/RepoGithub/fiber-manager-G/vendor/laravel/framework/src/Illuminate/Routing/Router.php(800): Illuminate/Routing/Router->runRouteWithinStack(Object(Illuminate/Routing/Route), Object(Illuminate/Http/Request))
#38 D:/Ngoding/RepoGithub/fiber-manager-G/vendor/laravel/framework/src/Illuminate/Routing/Router.php(764): Illuminate/Routing/Router->runRoute(Object(Illuminate/Http/Request), Object(Illuminate/Routing/Route))
#39 D:/Ngoding/RepoGithub/fiber-manager-G/vendor/laravel/framework/src/Illuminate/Routing/Router.php(753): Illuminate/Routing/Router->dispatchToRoute(Object(Illuminate/Http/Request))
#40 D:/Ngoding/RepoGithub/fiber-manager-G/vendor/laravel/framework/src/Illuminate/Foundation/Http/Kernel.php(200): Illuminate/Routing/Router->dispatch(Object(Illuminate/Http/Request))
#41 D:/Ngoding/RepoGithub/fiber-manager-G/vendor/laravel/framework/src/Illuminate/Pipeline/Pipeline.php(180): Illuminate/Foundation/Http/Kernel->Illuminate/Foundation/Http/{closure}(Object(Illuminate/Http/Request))
#42 D:/Ngoding/RepoGithub/fiber-manager-G/vendor/laravel/framework/src/Illuminate/Foundation/Http/Middleware/TransformsRequest.php(21): Illuminate/Pipeline/Pipeline->Illuminate/Pipeline/{closure}(Object(Illuminate/Http/Request))
#43 D:/Ngoding/RepoGithub/fiber-manager-G/vendor/laravel/framework/src/Illuminate/Foundation/Http/Middleware/ConvertEmptyStringsToNull.php(31): Illuminate/Foundation/Http/Middleware/TransformsRequest->handle(Object(Illuminate/Http/Request), Object(Closure))
#44 D:/Ngoding/RepoGithub/fiber-manager-G/vendor/laravel/framework/src/Illuminate/Pipeline/Pipeline.php(219): Illuminate/Foundation/Http/Middleware/ConvertEmptyStringsToNull->handle(Object(Illuminate/Http/Request), Object(Closure))
#45 D:/Ngoding/RepoGithub/fiber-manager-G/vendor/laravel/framework/src/Illuminate/Foundation/Http/Middleware/TransformsRequest.php(21): Illuminate/Pipeline/Pipeline->Illuminate/Pipeline/{closure}(Object(Illuminate/Http/Request))
#46 D:/Ngoding/RepoGithub/fiber-manager-G/vendor/laravel/framework/src/Illuminate/Foundation/Http/Middleware/TrimStrings.php(51): Illuminate/Foundation/Http/Middleware/TransformsRequest->handle(Object(Illuminate/Http/Request), Object(Closure))
#47 D:/Ngoding/RepoGithub/fiber-manager-G/vendor/laravel/framework/src/Illuminate/Pipeline/Pipeline.php(219): Illuminate/Foundation/Http/Middleware/TrimStrings->handle(Object(Illuminate/Http/Request), Object(Closure))
#48 D:/Ngoding/RepoGithub/fiber-manager-G/vendor/laravel/framework/src/Illuminate/Http/Middleware/ValidatePostSize.php(27): Illuminate/Pipeline/Pipeline->Illuminate/Pipeline/{closure}(Object(Illuminate/Http/Request))
#49 D:/Ngoding/RepoGithub/fiber-manager-G/vendor/laravel/framework/src/Illuminate/Pipeline/Pipeline.php(219): Illuminate/Http/Middleware/ValidatePostSize->handle(Object(Illuminate/Http/Request), Object(Closure))
#50 D:/Ngoding/RepoGithub/fiber-manager-G/vendor/laravel/framework/src/Illuminate/Foundation/Http/Middleware/PreventRequestsDuringMaintenance.php(109): Illuminate/Pipeline/Pipeline->Illuminate/Pipeline/{closure}(Object(Illuminate/Http/Request))
#51 D:/Ngoding/RepoGithub/fiber-manager-G/vendor/laravel/framework/src/Illuminate/Pipeline/Pipeline.php(219): Illuminate/Foundation/Http/Middleware/PreventRequestsDuringMaintenance->handle(Object(Illuminate/Http/Request), Object(Closure))
#52 D:/Ngoding/RepoGithub/fiber-manager-G/vendor/laravel/framework/src/Illuminate/Http/Middleware/HandleCors.php(74): Illuminate/Pipeline/Pipeline->Illuminate/Pipeline/{closure}(Object(Illuminate/Http/Request))
#53 D:/Ngoding/RepoGithub/fiber-manager-G/vendor/laravel/framework/src/Illuminate/Pipeline/Pipeline.php(219): Illuminate/Http/Middleware/HandleCors->handle(Object(Illuminate/Http/Request), Object(Closure))
#54 D:/Ngoding/RepoGithub/fiber-manager-G/vendor/laravel/framework/src/Illuminate/Http/Middleware/TrustProxies.php(58): Illuminate/Pipeline/Pipeline->Illuminate/Pipeline/{closure}(Object(Illuminate/Http/Request))
#55 D:/Ngoding/RepoGithub/fiber-manager-G/vendor/laravel/framework/src/Illuminate/Pipeline/Pipeline.php(219): Illuminate/Http/Middleware/TrustProxies->handle(Object(Illuminate/Http/Request), Object(Closure))
#56 D:/Ngoding/RepoGithub/fiber-manager-G/vendor/laravel/framework/src/Illuminate/Foundation/Http/Middleware/InvokeDeferredCallbacks.php(22): Illuminate/Pipeline/Pipeline->Illuminate/Pipeline/{closure}(Object(Illuminate/Http/Request))
#57 D:/Ngoding/RepoGithub/fiber-manager-G/vendor/laravel/framework/src/Illuminate/Pipeline/Pipeline.php(219): Illuminate/Foundation/Http/Middleware/InvokeDeferredCallbacks->handle(Object(Illuminate/Http/Request), Object(Closure))
#58 D:/Ngoding/RepoGithub/fiber-manager-G/vendor/laravel/framework/src/Illuminate/Http/Middleware/ValidatePathEncoding.php(28): Illuminate/Pipeline/Pipeline->Illuminate/Pipeline/{closure}(Object(Illuminate/Http/Request))
#59 D:/Ngoding/RepoGithub/fiber-manager-G/vendor/laravel/framework/src/Illuminate/Pipeline/Pipeline.php(219): Illuminate/Http/Middleware/ValidatePathEncoding->handle(Object(Illuminate/Http/Request), Object(Closure))
#60 D:/Ngoding/RepoGithub/fiber-manager-G/vendor/laravel/framework/src/Illuminate/Pipeline/Pipeline.php(137): Illuminate/Pipeline/Pipeline->Illuminate/Pipeline/{closure}(Object(Illuminate/Http/Request))
#61 D:/Ngoding/RepoGithub/fiber-manager-G/vendor/laravel/framework/src/Illuminate/Foundation/Http/Kernel.php(175): Illuminate/Pipeline/Pipeline->then(Object(Closure))
#62 D:/Ngoding/RepoGithub/fiber-manager-G/vendor/laravel/framework/src/Illuminate/Foundation/Http/Kernel.php(144): Illuminate/Foundation/Http/Kernel->sendRequestThroughRouter(Object(Illuminate/Http/Request))
#63 D:/Ngoding/RepoGithub/fiber-manager-G/vendor/laravel/framework/src/Illuminate/Foundation/Application.php(1227): Illuminate/Foundation/Http/Kernel->handle(Object(Illuminate/Http/Request))
#64 D:/Ngoding/RepoGithub/fiber-manager-G/public/index.php(20): Illuminate/Foundation/Application->handleRequest(Object(Illuminate/Http/Request))
#65 D:/Ngoding/RepoGithub/fiber-manager-G/vendor/laravel/framework/src/Illuminate/Foundation/resources/server.php(23): require_once('D://Ngoding//Repo...')
#66 {main}

[previous exception] [object] (PDOException(code: HY000): SQLSTATE[HY000]: General error: 1 table login_logs has no column named updated_at at D:/Ngoding/RepoGithub/fiber-manager-G/vendor/laravel/framework/src/Illuminate/Database/Connection.php:595)
[stacktrace]
#0 D:/Ngoding/RepoGithub/fiber-manager-G/vendor/laravel/framework/src/Illuminate/Database/Connection.php(595): PDO->prepare('insert into \"lo...')
#1 D:/Ngoding/RepoGithub/fiber-manager-G/vendor/laravel/framework/src/Illuminate/Database/Connection.php(846): Illuminate/Database/Connection->Illuminate/Database/{closure}('insert into \"lo...', Array)
#2 D:/Ngoding/RepoGithub/fiber-manager-G/vendor/laravel/framework/src/Illuminate/Database/Connection.php(813): Illuminate/Database/Connection->runQueryCallback('insert into \"lo...', Array, Object(Closure))
#3 D:/Ngoding/RepoGithub/fiber-manager-G/vendor/laravel/framework/src/Illuminate/Database/Connection.php(590): Illuminate/Database/Connection->run('insert into \"lo...', Array, Object(Closure))
#4 D:/Ngoding/RepoGithub/fiber-manager-G/vendor/laravel/framework/src/Illuminate/Database/Connection.php(554): Illuminate/Database/Connection->statement('insert into \"lo...', Array)
#5 D:/Ngoding/RepoGithub/fiber-manager-G/vendor/laravel/framework/src/Illuminate/Database/Query/Processors/Processor.php(32): Illuminate/Database/Connection->insert('insert into \"lo...', Array)
#6 D:/Ngoding/RepoGithub/fiber-manager-G/vendor/laravel/framework/src/Illuminate/Database/Query/Builder.php(4258): Illuminate/Database/Query/Processors/Processor->processInsertGetId(Object(Illuminate/Database/Query/Builder), 'insert into \"lo...', Array, 'id')
#7 D:/Ngoding/RepoGithub/fiber-manager-G/vendor/laravel/framework/src/Illuminate/Database/Eloquent/Builder.php(2271): Illuminate/Database/Query/Builder->insertGetId(Array, 'id')
#8 D:/Ngoding/RepoGithub/fiber-manager-G/vendor/laravel/framework/src/Illuminate/Database/Eloquent/Model.php(1685): Illuminate/Database/Eloquent/Builder->__call('insertGetId', Array)
#9 D:/Ngoding/RepoGithub/fiber-manager-G/vendor/laravel/framework/src/Illuminate/Database/Eloquent/Model.php(1601): Illuminate/Database/Eloquent/Model->insertAndSetId(Object(Illuminate/Database/Eloquent/Builder), Array)
#10 D:/Ngoding/RepoGithub/fiber-manager-G/vendor/laravel/framework/src/Illuminate/Database/Eloquent/Model.php(1405): Illuminate/Database/Eloquent/Model->performInsert(Object(Illuminate/Database/Eloquent/Builder))
#11 D:/Ngoding/RepoGithub/fiber-manager-G/vendor/laravel/framework/src/Illuminate/Database/Eloquent/Builder.php(1225): Illuminate/Database/Eloquent/Model->save()
#12 D:/Ngoding/RepoGithub/fiber-manager-G/vendor/laravel/framework/src/Illuminate/Support/helpers.php(393): Illuminate/Database/Eloquent/Builder->Illuminate/Database/Eloquent/{closure}(Object(App/Models/LoginLog))
#13 D:/Ngoding/RepoGithub/fiber-manager-G/vendor/laravel/framework/src/Illuminate/Database/Eloquent/Builder.php(1224): tap(Object(App/Models/LoginLog), Object(Closure))
#14 D:/Ngoding/RepoGithub/fiber-manager-G/vendor/laravel/framework/src/Illuminate/Support/Traits/ForwardsCalls.php(23): Illuminate/Database/Eloquent/Builder->create(Array)
#15 D:/Ngoding/RepoGithub/fiber-manager-G/vendor/laravel/framework/src/Illuminate/Database/Eloquent/Model.php(2842): Illuminate/Database/Eloquent/Model->forwardCallTo(Object(Illuminate/Database/Eloquent/Builder), 'create', Array)
#16 D:/Ngoding/RepoGithub/fiber-manager-G/vendor/laravel/framework/src/Illuminate/Database/Eloquent/Model.php(2858): Illuminate/Database/Eloquent/Model->__call('create', Array)
#17 D:/Ngoding/RepoGithub/fiber-manager-G/app/Http/Controllers/AuthController.php(57): Illuminate/Database/Eloquent/Model::__callStatic('create', Array)
#18 D:/Ngoding/RepoGithub/fiber-manager-G/app/Http/Controllers/AuthController.php(19): App/Http/Controllers/AuthController->login(Object(Illuminate/Http/Request))
#19 D:/Ngoding/RepoGithub/fiber-manager-G/vendor/laravel/framework/src/Illuminate/Routing/ControllerDispatcher.php(46): App/Http/Controllers/AuthController->handle(Object(Illuminate/Http/Request))
#20 D:/Ngoding/RepoGithub/fiber-manager-G/vendor/laravel/framework/src/Illuminate/Routing/Route.php(276): Illuminate/Routing/ControllerDispatcher->dispatch(Object(Illuminate/Routing/Route), Object(App/Http/Controllers/AuthController), 'handle')
#21 D:/Ngoding/RepoGithub/fiber-manager-G/vendor/laravel/framework/src/Illuminate/Routing/Route.php(216): Illuminate/Routing/Route->runController()
#22 D:/Ngoding/RepoGithub/fiber-manager-G/vendor/laravel/framework/src/Illuminate/Routing/Router.php(822): Illuminate/Routing/Route->run()
#23 D:/Ngoding/RepoGithub/fiber-manager-G/vendor/laravel/framework/src/Illuminate/Pipeline/Pipeline.php(180): Illuminate/Routing/Router->Illuminate/Routing/{closure}(Object(Illuminate/Http/Request))
#24 D:/Ngoding/RepoGithub/fiber-manager-G/vendor/laravel/framework/src/Illuminate/Routing/Middleware/SubstituteBindings.php(52): Illuminate/Pipeline/Pipeline->Illuminate/Pipeline/{closure}(Object(Illuminate/Http/Request))
#25 D:/Ngoding/RepoGithub/fiber-manager-G/vendor/laravel/framework/src/Illuminate/Pipeline/Pipeline.php(219): Illuminate/Routing/Middleware/SubstituteBindings->handle(Object(Illuminate/Http/Request), Object(Closure))
#26 D:/Ngoding/RepoGithub/fiber-manager-G/vendor/laravel/framework/src/Illuminate/Foundation/Http/Middleware/PreventRequestForgery.php(104): Illuminate/Pipeline/Pipeline->Illuminate/Pipeline/{closure}(Object(Illuminate/Http/Request))
#27 D:/Ngoding/RepoGithub/fiber-manager-G/vendor/laravel/framework/src/Illuminate/Pipeline/Pipeline.php(219): Illuminate/Foundation/Http/Middleware/PreventRequestForgery->handle(Object(Illuminate/Http/Request), Object(Closure))
#28 D:/Ngoding/RepoGithub/fiber-manager-G/vendor/laravel/framework/src/Illuminate/View/Middleware/ShareErrorsFromSession.php(48): Illuminate/Pipeline/Pipeline->Illuminate/Pipeline/{closure}(Object(Illuminate/Http/Request))
#29 D:/Ngoding/RepoGithub/fiber-manager-G/vendor/laravel/framework/src/Illuminate/Pipeline/Pipeline.php(219): Illuminate/View/Middleware/ShareErrorsFromSession->handle(Object(Illuminate/Http/Request), Object(Closure))
#30 D:/Ngoding/RepoGithub/fiber-manager-G/vendor/laravel/framework/src/Illuminate/Session/Middleware/StartSession.php(120): Illuminate/Pipeline/Pipeline->Illuminate/Pipeline/{closure}(Object(Illuminate/Http/Request))
#31 D:/Ngoding/RepoGithub/fiber-manager-G/vendor/laravel/framework/src/Illuminate/Session/Middleware/StartSession.php(63): Illuminate/Session/Middleware/StartSession->handleStatefulRequest(Object(Illuminate/Http/Request), Object(Illuminate/Session/Store), Object(Closure))
#32 D:/Ngoding/RepoGithub/fiber-manager-G/vendor/laravel/framework/src/Illuminate/Pipeline/Pipeline.php(219): Illuminate/Session/Middleware/StartSession->handle(Object(Illuminate/Http/Request), Object(Closure))
#33 D:/Ngoding/RepoGithub/fiber-manager-G/vendor/laravel/framework/src/Illuminate/Cookie/Middleware/AddQueuedCookiesToResponse.php(36): Illuminate/Pipeline/Pipeline->Illuminate/Pipeline/{closure}(Object(Illuminate/Http/Request))
#34 D:/Ngoding/RepoGithub/fiber-manager-G/vendor/laravel/framework/src/Illuminate/Pipeline/Pipeline.php(219): Illuminate/Cookie/Middleware/AddQueuedCookiesToResponse->handle(Object(Illuminate/Http/Request), Object(Closure))
#35 D:/Ngoding/RepoGithub/fiber-manager-G/vendor/laravel/framework/src/Illuminate/Cookie/Middleware/EncryptCookies.php(74): Illuminate/Pipeline/Pipeline->Illuminate/Pipeline/{closure}(Object(Illuminate/Http/Request))
#36 D:/Ngoding/RepoGithub/fiber-manager-G/vendor/laravel/framework/src/Illuminate/Pipeline/Pipeline.php(219): Illuminate/Cookie/Middleware/EncryptCookies->handle(Object(Illuminate/Http/Request), Object(Closure))
#37 D:/Ngoding/RepoGithub/fiber-manager-G/vendor/laravel/framework/src/Illuminate/Pipeline/Pipeline.php(137): Illuminate/Pipeline/Pipeline->Illuminate/Pipeline/{closure}(Object(Illuminate/Http/Request))
#38 D:/Ngoding/RepoGithub/fiber-manager-G/vendor/laravel/framework/src/Illuminate/Routing/Router.php(821): Illuminate/Pipeline/Pipeline->then(Object(Closure))
#39 D:/Ngoding/RepoGithub/fiber-manager-G/vendor/laravel/framework/src/Illuminate/Routing/Router.php(800): Illuminate/Routing/Router->runRouteWithinStack(Object(Illuminate/Routing/Route), Object(Illuminate/Http/Request))
#40 D:/Ngoding/RepoGithub/fiber-manager-G/vendor/laravel/framework/src/Illuminate/Routing/Router.php(764): Illuminate/Routing/Router->runRoute(Object(Illuminate/Http/Request), Object(Illuminate/Routing/Route))
#41 D:/Ngoding/RepoGithub/fiber-manager-G/vendor/laravel/framework/src/Illuminate/Routing/Router.php(753): Illuminate/Routing/Router->dispatchToRoute(Object(Illuminate/Http/Request))
#42 D:/Ngoding/RepoGithub/fiber-manager-G/vendor/laravel/framework/src/Illuminate/Foundation/Http/Kernel.php(200): Illuminate/Routing/Router->dispatch(Object(Illuminate/Http/Request))
#43 D:/Ngoding/RepoGithub/fiber-manager-G/vendor/laravel/framework/src/Illuminate/Pipeline/Pipeline.php(180): Illuminate/Foundation/Http/Kernel->Illuminate/Foundation/Http/{closure}(Object(Illuminate/Http/Request))
#44 D:/Ngoding/RepoGithub/fiber-manager-G/vendor/laravel/framework/src/Illuminate/Foundation/Http/Middleware/TransformsRequest.php(21): Illuminate/Pipeline/Pipeline->Illuminate/Pipeline/{closure}(Object(Illuminate/Http/Request))
#45 D:/Ngoding/RepoGithub/fiber-manager-G/vendor/laravel/framework/src/Illuminate/Foundation/Http/Middleware/ConvertEmptyStringsToNull.php(31): Illuminate/Foundation/Http/Middleware/TransformsRequest->handle(Object(Illuminate/Http/Request), Object(Closure))
#46 D:/Ngoding/RepoGithub/fiber-manager-G/vendor/laravel/framework/src/Illuminate/Pipeline/Pipeline.php(219): Illuminate/Foundation/Http/Middleware/ConvertEmptyStringsToNull->handle(Object(Illuminate/Http/Request), Object(Closure))
#47 D:/Ngoding/RepoGithub/fiber-manager-G/vendor/laravel/framework/src/Illuminate/Foundation/Http/Middleware/TransformsRequest.php(21): Illuminate/Pipeline/Pipeline->Illuminate/Pipeline/{closure}(Object(Illuminate/Http/Request))
#48 D:/Ngoding/RepoGithub/fiber-manager-G/vendor/laravel/framework/src/Illuminate/Foundation/Http/Middleware/TrimStrings.php(51): Illuminate/Foundation/Http/Middleware/TransformsRequest->handle(Object(Illuminate/Http/Request), Object(Closure))
#49 D:/Ngoding/RepoGithub/fiber-manager-G/vendor/laravel/framework/src/Illuminate/Pipeline/Pipeline.php(219): Illuminate/Foundation/Http/Middleware/TrimStrings->handle(Object(Illuminate/Http/Request), Object(Closure))
#50 D:/Ngoding/RepoGithub/fiber-manager-G/vendor/laravel/framework/src/Illuminate/Http/Middleware/ValidatePostSize.php(27): Illuminate/Pipeline/Pipeline->Illuminate/Pipeline/{closure}(Object(Illuminate/Http/Request))
#51 D:/Ngoding/RepoGithub/fiber-manager-G/vendor/laravel/framework/src/Illuminate/Pipeline/Pipeline.php(219): Illuminate/Http/Middleware/ValidatePostSize->handle(Object(Illuminate/Http/Request), Object(Closure))
#52 D:/Ngoding/RepoGithub/fiber-manager-G/vendor/laravel/framework/src/Illuminate/Foundation/Http/Middleware/PreventRequestsDuringMaintenance.php(109): Illuminate/Pipeline/Pipeline->Illuminate/Pipeline/{closure}(Object(Illuminate/Http/Request))
#53 D:/Ngoding/RepoGithub/fiber-manager-G/vendor/laravel/framework/src/Illuminate/Pipeline/Pipeline.php(219): Illuminate/Foundation/Http/Middleware/PreventRequestsDuringMaintenance->handle(Object(Illuminate/Http/Request), Object(Closure))
#54 D:/Ngoding/RepoGithub/fiber-manager-G/vendor/laravel/framework/src/Illuminate/Http/Middleware/HandleCors.php(74): Illuminate/Pipeline/Pipeline->Illuminate/Pipeline/{closure}(Object(Illuminate/Http/Request))
#55 D:/Ngoding/RepoGithub/fiber-manager-G/vendor/laravel/framework/src/Illuminate/Pipeline/Pipeline.php(219): Illuminate/Http/Middleware/HandleCors->handle(Object(Illuminate/Http/Request), Object(Closure))
#56 D:/Ngoding/RepoGithub/fiber-manager-G/vendor/laravel/framework/src/Illuminate/Http/Middleware/TrustProxies.php(58): Illuminate/Pipeline/Pipeline->Illuminate/Pipeline/{closure}(Object(Illuminate/Http/Request))
#57 D:/Ngoding/RepoGithub/fiber-manager-G/vendor/laravel/framework/src/Illuminate/Pipeline/Pipeline.php(219): Illuminate/Http/Middleware/TrustProxies->handle(Object(Illuminate/Http/Request), Object(Closure))
#58 D:/Ngoding/RepoGithub/fiber-manager-G/vendor/laravel/framework/src/Illuminate/Foundation/Http/Middleware/InvokeDeferredCallbacks.php(22): Illuminate/Pipeline/Pipeline->Illuminate/Pipeline/{closure}(Object(Illuminate/Http/Request))
#59 D:/Ngoding/RepoGithub/fiber-manager-G/vendor/laravel/framework/src/Illuminate/Pipeline/Pipeline.php(219): Illuminate/Foundation/Http/Middleware/InvokeDeferredCallbacks->handle(Object(Illuminate/Http/Request), Object(Closure))
#60 D:/Ngoding/RepoGithub/fiber-manager-G/vendor/laravel/framework/src/Illuminate/Http/Middleware/ValidatePathEncoding.php(28): Illuminate/Pipeline/Pipeline->Illuminate/Pipeline/{closure}(Object(Illuminate/Http/Request))
#61 D:/Ngoding/RepoGithub/fiber-manager-G/vendor/laravel/framework/src/Illuminate/Pipeline/Pipeline.php(219): Illuminate/Http/Middleware/ValidatePathEncoding->handle(Object(Illuminate/Http/Request), Object(Closure))
#62 D:/Ngoding/RepoGithub/fiber-manager-G/vendor/laravel/framework/src/Illuminate/Pipeline/Pipeline.php(137): Illuminate/Pipeline/Pipeline->Illuminate/Pipeline/{closure}(Object(Illuminate/Http/Request))
#63 D:/Ngoding/RepoGithub/fiber-manager-G/vendor/laravel/framework/src/Illuminate/Foundation/Http/Kernel.php(175): Illuminate/Pipeline/Pipeline->then(Object(Closure))
#64 D:/Ngoding/RepoGithub/fiber-manager-G/vendor/laravel/framework/src/Illuminate/Foundation/Http/Kernel.php(144): Illuminate/Foundation/Http/Kernel->sendRequestThroughRouter(Object(Illuminate/Http/Request))
#65 D:/Ngoding/RepoGithub/fiber-manager-G/vendor/laravel/framework/src/Illuminate/Foundation/Application.php(1227): Illuminate/Foundation/Http/Kernel->handle(Object(Illuminate/Http/Request))
#66 D:/Ngoding/RepoGithub/fiber-manager-G/public/index.php(20): Illuminate/Foundation/Application->handleRequest(Object(Illuminate/Http/Request))
#67 D:/Ngoding/RepoGithub/fiber-manager-G/vendor/laravel/framework/src/Illuminate/Foundation/resources/server.php(23): require_once('D://Ngoding//Repo...')
#68 {main}
"} 
[2026-07-28 06:01:09] local.ERROR: Cannot use temporary expression in write context {"exception":"[object] (Symfony\\Component\\ErrorHandler\\Error\\FatalError(code: 0): Cannot use temporary expression in write context at D:/Ngoding/RepoGithub/fiber-manager-G/app/Http/Controllers/UserController.php:139)
[stacktrace]
#0 {main}
"} 
[2026-07-28 06:01:14] local.ERROR: Cannot use temporary expression in write context {"exception":"[object] (Symfony\\Component\\ErrorHandler\\Error\\FatalError(code: 0): Cannot use temporary expression in write context at D:/Ngoding/RepoGithub/fiber-manager-G/app/Http/Controllers/UserController.php:139)
[stacktrace]
#0 {main}
"} 
[2026-07-28 06:01:48] local.ERROR: SQLSTATE[HY000]: General error: 1 table login_logs has no column named updated_at (Connection: sqlite, Database: D:\Ngoding\RepoGithub\fiber-manager-G\database\database.sqlite, SQL: insert into "login_logs" ("user_id", "ip_address", "user_agent", "status", "updated_at", "created_at") values (1, 127.0.0.1, Mozilla/5.0 (Windows NT 10.0; Win64; x64) AppleWebKit/537.36 (KHTML, like Gecko) Chrome/150.0.0.0 Safari/537.36, success, 2026-07-28 06:01:48, 2026-07-28 06:01:48)) {"userId":1,"exception":"[object] (Illuminate\\Database\\QueryException(code: HY000): SQLSTATE[HY000]: General error: 1 table login_logs has no column named updated_at (Connection: sqlite, Database: D:\\Ngoding\\RepoGithub\\fiber-manager-G\\database\\database.sqlite, SQL: insert into \"login_logs\" (\"user_id\", \"ip_address\", \"user_agent\", \"status\", \"updated_at\", \"created_at\") values (1, 127.0.0.1, Mozilla/5.0 (Windows NT 10.0; Win64; x64) AppleWebKit/537.36 (KHTML, like Gecko) Chrome/150.0.0.0 Safari/537.36, success, 2026-07-28 06:01:48, 2026-07-28 06:01:48)) at D:/Ngoding/RepoGithub/fiber-manager-G/vendor/laravel/framework/src/Illuminate/Database/Connection.php:857)
[stacktrace]
#0 D:/Ngoding/RepoGithub/fiber-manager-G/vendor/laravel/framework/src/Illuminate/Database/Connection.php(813): Illuminate/Database/Connection->runQueryCallback('insert into \"lo...', Array, Object(Closure))
#1 D:/Ngoding/RepoGithub/fiber-manager-G/vendor/laravel/framework/src/Illuminate/Database/Connection.php(590): Illuminate/Database/Connection->run('insert into \"lo...', Array, Object(Closure))
#2 D:/Ngoding/RepoGithub/fiber-manager-G/vendor/laravel/framework/src/Illuminate/Database/Connection.php(554): Illuminate/Database/Connection->statement('insert into \"lo...', Array)
#3 D:/Ngoding/RepoGithub/fiber-manager-G/vendor/laravel/framework/src/Illuminate/Database/Query/Processors/Processor.php(32): Illuminate/Database/Connection->insert('insert into \"lo...', Array)
#4 D:/Ngoding/RepoGithub/fiber-manager-G/vendor/laravel/framework/src/Illuminate/Database/Query/Builder.php(4258): Illuminate/Database/Query/Processors/Processor->processInsertGetId(Object(Illuminate/Database/Query/Builder), 'insert into \"lo...', Array, 'id')
#5 D:/Ngoding/RepoGithub/fiber-manager-G/vendor/laravel/framework/src/Illuminate/Database/Eloquent/Builder.php(2271): Illuminate/Database/Query/Builder->insertGetId(Array, 'id')
#6 D:/Ngoding/RepoGithub/fiber-manager-G/vendor/laravel/framework/src/Illuminate/Database/Eloquent/Model.php(1685): Illuminate/Database/Eloquent/Builder->__call('insertGetId', Array)
#7 D:/Ngoding/RepoGithub/fiber-manager-G/vendor/laravel/framework/src/Illuminate/Database/Eloquent/Model.php(1601): Illuminate/Database/Eloquent/Model->insertAndSetId(Object(Illuminate/Database/Eloquent/Builder), Array)
#8 D:/Ngoding/RepoGithub/fiber-manager-G/vendor/laravel/framework/src/Illuminate/Database/Eloquent/Model.php(1405): Illuminate/Database/Eloquent/Model->performInsert(Object(Illuminate/Database/Eloquent/Builder))
#9 D:/Ngoding/RepoGithub/fiber-manager-G/vendor/laravel/framework/src/Illuminate/Database/Eloquent/Builder.php(1225): Illuminate/Database/Eloquent/Model->save()
#10 D:/Ngoding/RepoGithub/fiber-manager-G/vendor/laravel/framework/src/Illuminate/Support/helpers.php(393): Illuminate/Database/Eloquent/Builder->Illuminate/Database/Eloquent/{closure}(Object(App/Models/LoginLog))
#11 D:/Ngoding/RepoGithub/fiber-manager-G/vendor/laravel/framework/src/Illuminate/Database/Eloquent/Builder.php(1224): tap(Object(App/Models/LoginLog), Object(Closure))
#12 D:/Ngoding/RepoGithub/fiber-manager-G/vendor/laravel/framework/src/Illuminate/Support/Traits/ForwardsCalls.php(23): Illuminate/Database/Eloquent/Builder->create(Array)
#13 D:/Ngoding/RepoGithub/fiber-manager-G/vendor/laravel/framework/src/Illuminate/Database/Eloquent/Model.php(2842): Illuminate/Database/Eloquent/Model->forwardCallTo(Object(Illuminate/Database/Eloquent/Builder), 'create', Array)
#14 D:/Ngoding/RepoGithub/fiber-manager-G/vendor/laravel/framework/src/Illuminate/Database/Eloquent/Model.php(2858): Illuminate/Database/Eloquent/Model->__call('create', Array)
#15 D:/Ngoding/RepoGithub/fiber-manager-G/app/Http/Controllers/AuthController.php(57): Illuminate/Database/Eloquent/Model::__callStatic('create', Array)
#16 D:/Ngoding/RepoGithub/fiber-manager-G/app/Http/Controllers/AuthController.php(19): App/Http/Controllers/AuthController->login(Object(Illuminate/Http/Request))
#17 D:/Ngoding/RepoGithub/fiber-manager-G/vendor/laravel/framework/src/Illuminate/Routing/ControllerDispatcher.php(46): App/Http/Controllers/AuthController->handle(Object(Illuminate/Http/Request))
#18 D:/Ngoding/RepoGithub/fiber-manager-G/vendor/laravel/framework/src/Illuminate/Routing/Route.php(276): Illuminate/Routing/ControllerDispatcher->dispatch(Object(Illuminate/Routing/Route), Object(App/Http/Controllers/AuthController), 'handle')
#19 D:/Ngoding/RepoGithub/fiber-manager-G/vendor/laravel/framework/src/Illuminate/Routing/Route.php(216): Illuminate/Routing/Route->runController()
#20 D:/Ngoding/RepoGithub/fiber-manager-G/vendor/laravel/framework/src/Illuminate/Routing/Router.php(822): Illuminate/Routing/Route->run()
#21 D:/Ngoding/RepoGithub/fiber-manager-G/vendor/laravel/framework/src/Illuminate/Pipeline/Pipeline.php(180): Illuminate/Routing/Router->Illuminate/Routing/{closure}(Object(Illuminate/Http/Request))
#22 D:/Ngoding/RepoGithub/fiber-manager-G/vendor/laravel/framework/src/Illuminate/Routing/Middleware/SubstituteBindings.php(52): Illuminate/Pipeline/Pipeline->Illuminate/Pipeline/{closure}(Object(Illuminate/Http/Request))
#23 D:/Ngoding/RepoGithub/fiber-manager-G/vendor/laravel/framework/src/Illuminate/Pipeline/Pipeline.php(219): Illuminate/Routing/Middleware/SubstituteBindings->handle(Object(Illuminate/Http/Request), Object(Closure))
#24 D:/Ngoding/RepoGithub/fiber-manager-G/vendor/laravel/framework/src/Illuminate/Foundation/Http/Middleware/PreventRequestForgery.php(104): Illuminate/Pipeline/Pipeline->Illuminate/Pipeline/{closure}(Object(Illuminate/Http/Request))
#25 D:/Ngoding/RepoGithub/fiber-manager-G/vendor/laravel/framework/src/Illuminate/Pipeline/Pipeline.php(219): Illuminate/Foundation/Http/Middleware/PreventRequestForgery->handle(Object(Illuminate/Http/Request), Object(Closure))
#26 D:/Ngoding/RepoGithub/fiber-manager-G/vendor/laravel/framework/src/Illuminate/View/Middleware/ShareErrorsFromSession.php(48): Illuminate/Pipeline/Pipeline->Illuminate/Pipeline/{closure}(Object(Illuminate/Http/Request))
#27 D:/Ngoding/RepoGithub/fiber-manager-G/vendor/laravel/framework/src/Illuminate/Pipeline/Pipeline.php(219): Illuminate/View/Middleware/ShareErrorsFromSession->handle(Object(Illuminate/Http/Request), Object(Closure))
#28 D:/Ngoding/RepoGithub/fiber-manager-G/vendor/laravel/framework/src/Illuminate/Session/Middleware/StartSession.php(120): Illuminate/Pipeline/Pipeline->Illuminate/Pipeline/{closure}(Object(Illuminate/Http/Request))
#29 D:/Ngoding/RepoGithub/fiber-manager-G/vendor/laravel/framework/src/Illuminate/Session/Middleware/StartSession.php(63): Illuminate/Session/Middleware/StartSession->handleStatefulRequest(Object(Illuminate/Http/Request), Object(Illuminate/Session/Store), Object(Closure))
#30 D:/Ngoding/RepoGithub/fiber-manager-G/vendor/laravel/framework/src/Illuminate/Pipeline/Pipeline.php(219): Illuminate/Session/Middleware/StartSession->handle(Object(Illuminate/Http/Request), Object(Closure))
#31 D:/Ngoding/RepoGithub/fiber-manager-G/vendor/laravel/framework/src/Illuminate/Cookie/Middleware/AddQueuedCookiesToResponse.php(36): Illuminate/Pipeline/Pipeline->Illuminate/Pipeline/{closure}(Object(Illuminate/Http/Request))
#32 D:/Ngoding/RepoGithub/fiber-manager-G/vendor/laravel/framework/src/Illuminate/Pipeline/Pipeline.php(219): Illuminate/Cookie/Middleware/AddQueuedCookiesToResponse->handle(Object(Illuminate/Http/Request), Object(Closure))
#33 D:/Ngoding/RepoGithub/fiber-manager-G/vendor/laravel/framework/src/Illuminate/Cookie/Middleware/EncryptCookies.php(74): Illuminate/Pipeline/Pipeline->Illuminate/Pipeline/{closure}(Object(Illuminate/Http/Request))
#34 D:/Ngoding/RepoGithub/fiber-manager-G/vendor/laravel/framework/src/Illuminate/Pipeline/Pipeline.php(219): Illuminate/Cookie/Middleware/EncryptCookies->handle(Object(Illuminate/Http/Request), Object(Closure))
#35 D:/Ngoding/RepoGithub/fiber-manager-G/vendor/laravel/framework/src/Illuminate/Pipeline/Pipeline.php(137): Illuminate/Pipeline/Pipeline->Illuminate/Pipeline/{closure}(Object(Illuminate/Http/Request))
#36 D:/Ngoding/RepoGithub/fiber-manager-G/vendor/laravel/framework/src/Illuminate/Routing/Router.php(821): Illuminate/Pipeline/Pipeline->then(Object(Closure))
#37 D:/Ngoding/RepoGithub/fiber-manager-G/vendor/laravel/framework/src/Illuminate/Routing/Router.php(800): Illuminate/Routing/Router->runRouteWithinStack(Object(Illuminate/Routing/Route), Object(Illuminate/Http/Request))
#38 D:/Ngoding/RepoGithub/fiber-manager-G/vendor/laravel/framework/src/Illuminate/Routing/Router.php(764): Illuminate/Routing/Router->runRoute(Object(Illuminate/Http/Request), Object(Illuminate/Routing/Route))
#39 D:/Ngoding/RepoGithub/fiber-manager-G/vendor/laravel/framework/src/Illuminate/Routing/Router.php(753): Illuminate/Routing/Router->dispatchToRoute(Object(Illuminate/Http/Request))
#40 D:/Ngoding/RepoGithub/fiber-manager-G/vendor/laravel/framework/src/Illuminate/Foundation/Http/Kernel.php(200): Illuminate/Routing/Router->dispatch(Object(Illuminate/Http/Request))
#41 D:/Ngoding/RepoGithub/fiber-manager-G/vendor/laravel/framework/src/Illuminate/Pipeline/Pipeline.php(180): Illuminate/Foundation/Http/Kernel->Illuminate/Foundation/Http/{closure}(Object(Illuminate/Http/Request))
#42 D:/Ngoding/RepoGithub/fiber-manager-G/vendor/laravel/framework/src/Illuminate/Foundation/Http/Middleware/TransformsRequest.php(21): Illuminate/Pipeline/Pipeline->Illuminate/Pipeline/{closure}(Object(Illuminate/Http/Request))
#43 D:/Ngoding/RepoGithub/fiber-manager-G/vendor/laravel/framework/src/Illuminate/Foundation/Http/Middleware/ConvertEmptyStringsToNull.php(31): Illuminate/Foundation/Http/Middleware/TransformsRequest->handle(Object(Illuminate/Http/Request), Object(Closure))
#44 D:/Ngoding/RepoGithub/fiber-manager-G/vendor/laravel/framework/src/Illuminate/Pipeline/Pipeline.php(219): Illuminate/Foundation/Http/Middleware/ConvertEmptyStringsToNull->handle(Object(Illuminate/Http/Request), Object(Closure))
#45 D:/Ngoding/RepoGithub/fiber-manager-G/vendor/laravel/framework/src/Illuminate/Foundation/Http/Middleware/TransformsRequest.php(21): Illuminate/Pipeline/Pipeline->Illuminate/Pipeline/{closure}(Object(Illuminate/Http/Request))
#46 D:/Ngoding/RepoGithub/fiber-manager-G/vendor/laravel/framework/src/Illuminate/Foundation/Http/Middleware/TrimStrings.php(51): Illuminate/Foundation/Http/Middleware/TransformsRequest->handle(Object(Illuminate/Http/Request), Object(Closure))
#47 D:/Ngoding/RepoGithub/fiber-manager-G/vendor/laravel/framework/src/Illuminate/Pipeline/Pipeline.php(219): Illuminate/Foundation/Http/Middleware/TrimStrings->handle(Object(Illuminate/Http/Request), Object(Closure))
#48 D:/Ngoding/RepoGithub/fiber-manager-G/vendor/laravel/framework/src/Illuminate/Http/Middleware/ValidatePostSize.php(27): Illuminate/Pipeline/Pipeline->Illuminate/Pipeline/{closure}(Object(Illuminate/Http/Request))
#49 D:/Ngoding/RepoGithub/fiber-manager-G/vendor/laravel/framework/src/Illuminate/Pipeline/Pipeline.php(219): Illuminate/Http/Middleware/ValidatePostSize->handle(Object(Illuminate/Http/Request), Object(Closure))
#50 D:/Ngoding/RepoGithub/fiber-manager-G/vendor/laravel/framework/src/Illuminate/Foundation/Http/Middleware/PreventRequestsDuringMaintenance.php(109): Illuminate/Pipeline/Pipeline->Illuminate/Pipeline/{closure}(Object(Illuminate/Http/Request))
#51 D:/Ngoding/RepoGithub/fiber-manager-G/vendor/laravel/framework/src/Illuminate/Pipeline/Pipeline.php(219): Illuminate/Foundation/Http/Middleware/PreventRequestsDuringMaintenance->handle(Object(Illuminate/Http/Request), Object(Closure))
#52 D:/Ngoding/RepoGithub/fiber-manager-G/vendor/laravel/framework/src/Illuminate/Http/Middleware/HandleCors.php(74): Illuminate/Pipeline/Pipeline->Illuminate/Pipeline/{closure}(Object(Illuminate/Http/Request))
#53 D:/Ngoding/RepoGithub/fiber-manager-G/vendor/laravel/framework/src/Illuminate/Pipeline/Pipeline.php(219): Illuminate/Http/Middleware/HandleCors->handle(Object(Illuminate/Http/Request), Object(Closure))
#54 D:/Ngoding/RepoGithub/fiber-manager-G/vendor/laravel/framework/src/Illuminate/Http/Middleware/TrustProxies.php(58): Illuminate/Pipeline/Pipeline->Illuminate/Pipeline/{closure}(Object(Illuminate/Http/Request))
#55 D:/Ngoding/RepoGithub/fiber-manager-G/vendor/laravel/framework/src/Illuminate/Pipeline/Pipeline.php(219): Illuminate/Http/Middleware/TrustProxies->handle(Object(Illuminate/Http/Request), Object(Closure))
#56 D:/Ngoding/RepoGithub/fiber-manager-G/vendor/laravel/framework/src/Illuminate/Foundation/Http/Middleware/InvokeDeferredCallbacks.php(22): Illuminate/Pipeline/Pipeline->Illuminate/Pipeline/{closure}(Object(Illuminate/Http/Request))
#57 D:/Ngoding/RepoGithub/fiber-manager-G/vendor/laravel/framework/src/Illuminate/Pipeline/Pipeline.php(219): Illuminate/Foundation/Http/Middleware/InvokeDeferredCallbacks->handle(Object(Illuminate/Http/Request), Object(Closure))
#58 D:/Ngoding/RepoGithub/fiber-manager-G/vendor/laravel/framework/src/Illuminate/Http/Middleware/ValidatePathEncoding.php(28): Illuminate/Pipeline/Pipeline->Illuminate/Pipeline/{closure}(Object(Illuminate/Http/Request))
#59 D:/Ngoding/RepoGithub/fiber-manager-G/vendor/laravel/framework/src/Illuminate/Pipeline/Pipeline.php(219): Illuminate/Http/Middleware/ValidatePathEncoding->handle(Object(Illuminate/Http/Request), Object(Closure))
#60 D:/Ngoding/RepoGithub/fiber-manager-G/vendor/laravel/framework/src/Illuminate/Pipeline/Pipeline.php(137): Illuminate/Pipeline/Pipeline->Illuminate/Pipeline/{closure}(Object(Illuminate/Http/Request))
#61 D:/Ngoding/RepoGithub/fiber-manager-G/vendor/laravel/framework/src/Illuminate/Foundation/Http/Kernel.php(175): Illuminate/Pipeline/Pipeline->then(Object(Closure))
#62 D:/Ngoding/RepoGithub/fiber-manager-G/vendor/laravel/framework/src/Illuminate/Foundation/Http/Kernel.php(144): Illuminate/Foundation/Http/Kernel->sendRequestThroughRouter(Object(Illuminate/Http/Request))
#63 D:/Ngoding/RepoGithub/fiber-manager-G/vendor/laravel/framework/src/Illuminate/Foundation/Application.php(1227): Illuminate/Foundation/Http/Kernel->handle(Object(Illuminate/Http/Request))
#64 D:/Ngoding/RepoGithub/fiber-manager-G/public/index.php(20): Illuminate/Foundation/Application->handleRequest(Object(Illuminate/Http/Request))
#65 D:/Ngoding/RepoGithub/fiber-manager-G/vendor/laravel/framework/src/Illuminate/Foundation/resources/server.php(23): require_once('D://Ngoding//Repo...')
#66 {main}

[previous exception] [object] (PDOException(code: HY000): SQLSTATE[HY000]: General error: 1 table login_logs has no column named updated_at at D:/Ngoding/RepoGithub/fiber-manager-G/vendor/laravel/framework/src/Illuminate/Database/Connection.php:595)
[stacktrace]
#0 D:/Ngoding/RepoGithub/fiber-manager-G/vendor/laravel/framework/src/Illuminate/Database/Connection.php(595): PDO->prepare('insert into \"lo...')
#1 D:/Ngoding/RepoGithub/fiber-manager-G/vendor/laravel/framework/src/Illuminate/Database/Connection.php(846): Illuminate/Database/Connection->Illuminate/Database/{closure}('insert into \"lo...', Array)
#2 D:/Ngoding/RepoGithub/fiber-manager-G/vendor/laravel/framework/src/Illuminate/Database/Connection.php(813): Illuminate/Database/Connection->runQueryCallback('insert into \"lo...', Array, Object(Closure))
#3 D:/Ngoding/RepoGithub/fiber-manager-G/vendor/laravel/framework/src/Illuminate/Database/Connection.php(590): Illuminate/Database/Connection->run('insert into \"lo...', Array, Object(Closure))
#4 D:/Ngoding/RepoGithub/fiber-manager-G/vendor/laravel/framework/src/Illuminate/Database/Connection.php(554): Illuminate/Database/Connection->statement('insert into \"lo...', Array)
#5 D:/Ngoding/RepoGithub/fiber-manager-G/vendor/laravel/framework/src/Illuminate/Database/Query/Processors/Processor.php(32): Illuminate/Database/Connection->insert('insert into \"lo...', Array)
#6 D:/Ngoding/RepoGithub/fiber-manager-G/vendor/laravel/framework/src/Illuminate/Database/Query/Builder.php(4258): Illuminate/Database/Query/Processors/Processor->processInsertGetId(Object(Illuminate/Database/Query/Builder), 'insert into \"lo...', Array, 'id')
#7 D:/Ngoding/RepoGithub/fiber-manager-G/vendor/laravel/framework/src/Illuminate/Database/Eloquent/Builder.php(2271): Illuminate/Database/Query/Builder->insertGetId(Array, 'id')
#8 D:/Ngoding/RepoGithub/fiber-manager-G/vendor/laravel/framework/src/Illuminate/Database/Eloquent/Model.php(1685): Illuminate/Database/Eloquent/Builder->__call('insertGetId', Array)
#9 D:/Ngoding/RepoGithub/fiber-manager-G/vendor/laravel/framework/src/Illuminate/Database/Eloquent/Model.php(1601): Illuminate/Database/Eloquent/Model->insertAndSetId(Object(Illuminate/Database/Eloquent/Builder), Array)
#10 D:/Ngoding/RepoGithub/fiber-manager-G/vendor/laravel/framework/src/Illuminate/Database/Eloquent/Model.php(1405): Illuminate/Database/Eloquent/Model->performInsert(Object(Illuminate/Database/Eloquent/Builder))
#11 D:/Ngoding/RepoGithub/fiber-manager-G/vendor/laravel/framework/src/Illuminate/Database/Eloquent/Builder.php(1225): Illuminate/Database/Eloquent/Model->save()
#12 D:/Ngoding/RepoGithub/fiber-manager-G/vendor/laravel/framework/src/Illuminate/Support/helpers.php(393): Illuminate/Database/Eloquent/Builder->Illuminate/Database/Eloquent/{closure}(Object(App/Models/LoginLog))
#13 D:/Ngoding/RepoGithub/fiber-manager-G/vendor/laravel/framework/src/Illuminate/Database/Eloquent/Builder.php(1224): tap(Object(App/Models/LoginLog), Object(Closure))
#14 D:/Ngoding/RepoGithub/fiber-manager-G/vendor/laravel/framework/src/Illuminate/Support/Traits/ForwardsCalls.php(23): Illuminate/Database/Eloquent/Builder->create(Array)
#15 D:/Ngoding/RepoGithub/fiber-manager-G/vendor/laravel/framework/src/Illuminate/Database/Eloquent/Model.php(2842): Illuminate/Database/Eloquent/Model->forwardCallTo(Object(Illuminate/Database/Eloquent/Builder), 'create', Array)
#16 D:/Ngoding/RepoGithub/fiber-manager-G/vendor/laravel/framework/src/Illuminate/Database/Eloquent/Model.php(2858): Illuminate/Database/Eloquent/Model->__call('create', Array)
#17 D:/Ngoding/RepoGithub/fiber-manager-G/app/Http/Controllers/AuthController.php(57): Illuminate/Database/Eloquent/Model::__callStatic('create', Array)
#18 D:/Ngoding/RepoGithub/fiber-manager-G/app/Http/Controllers/AuthController.php(19): App/Http/Controllers/AuthController->login(Object(Illuminate/Http/Request))
#19 D:/Ngoding/RepoGithub/fiber-manager-G/vendor/laravel/framework/src/Illuminate/Routing/ControllerDispatcher.php(46): App/Http/Controllers/AuthController->handle(Object(Illuminate/Http/Request))
#20 D:/Ngoding/RepoGithub/fiber-manager-G/vendor/laravel/framework/src/Illuminate/Routing/Route.php(276): Illuminate/Routing/ControllerDispatcher->dispatch(Object(Illuminate/Routing/Route), Object(App/Http/Controllers/AuthController), 'handle')
#21 D:/Ngoding/RepoGithub/fiber-manager-G/vendor/laravel/framework/src/Illuminate/Routing/Route.php(216): Illuminate/Routing/Route->runController()
#22 D:/Ngoding/RepoGithub/fiber-manager-G/vendor/laravel/framework/src/Illuminate/Routing/Router.php(822): Illuminate/Routing/Route->run()
#23 D:/Ngoding/RepoGithub/fiber-manager-G/vendor/laravel/framework/src/Illuminate/Pipeline/Pipeline.php(180): Illuminate/Routing/Router->Illuminate/Routing/{closure}(Object(Illuminate/Http/Request))
#24 D:/Ngoding/RepoGithub/fiber-manager-G/vendor/laravel/framework/src/Illuminate/Routing/Middleware/SubstituteBindings.php(52): Illuminate/Pipeline/Pipeline->Illuminate/Pipeline/{closure}(Object(Illuminate/Http/Request))
#25 D:/Ngoding/RepoGithub/fiber-manager-G/vendor/laravel/framework/src/Illuminate/Pipeline/Pipeline.php(219): Illuminate/Routing/Middleware/SubstituteBindings->handle(Object(Illuminate/Http/Request), Object(Closure))
#26 D:/Ngoding/RepoGithub/fiber-manager-G/vendor/laravel/framework/src/Illuminate/Foundation/Http/Middleware/PreventRequestForgery.php(104): Illuminate/Pipeline/Pipeline->Illuminate/Pipeline/{closure}(Object(Illuminate/Http/Request))
#27 D:/Ngoding/RepoGithub/fiber-manager-G/vendor/laravel/framework/src/Illuminate/Pipeline/Pipeline.php(219): Illuminate/Foundation/Http/Middleware/PreventRequestForgery->handle(Object(Illuminate/Http/Request), Object(Closure))
#28 D:/Ngoding/RepoGithub/fiber-manager-G/vendor/laravel/framework/src/Illuminate/View/Middleware/ShareErrorsFromSession.php(48): Illuminate/Pipeline/Pipeline->Illuminate/Pipeline/{closure}(Object(Illuminate/Http/Request))
#29 D:/Ngoding/RepoGithub/fiber-manager-G/vendor/laravel/framework/src/Illuminate/Pipeline/Pipeline.php(219): Illuminate/View/Middleware/ShareErrorsFromSession->handle(Object(Illuminate/Http/Request), Object(Closure))
#30 D:/Ngoding/RepoGithub/fiber-manager-G/vendor/laravel/framework/src/Illuminate/Session/Middleware/StartSession.php(120): Illuminate/Pipeline/Pipeline->Illuminate/Pipeline/{closure}(Object(Illuminate/Http/Request))
#31 D:/Ngoding/RepoGithub/fiber-manager-G/vendor/laravel/framework/src/Illuminate/Session/Middleware/StartSession.php(63): Illuminate/Session/Middleware/StartSession->handleStatefulRequest(Object(Illuminate/Http/Request), Object(Illuminate/Session/Store), Object(Closure))
#32 D:/Ngoding/RepoGithub/fiber-manager-G/vendor/laravel/framework/src/Illuminate/Pipeline/Pipeline.php(219): Illuminate/Session/Middleware/StartSession->handle(Object(Illuminate/Http/Request), Object(Closure))
#33 D:/Ngoding/RepoGithub/fiber-manager-G/vendor/laravel/framework/src/Illuminate/Cookie/Middleware/AddQueuedCookiesToResponse.php(36): Illuminate/Pipeline/Pipeline->Illuminate/Pipeline/{closure}(Object(Illuminate/Http/Request))
#34 D:/Ngoding/RepoGithub/fiber-manager-G/vendor/laravel/framework/src/Illuminate/Pipeline/Pipeline.php(219): Illuminate/Cookie/Middleware/AddQueuedCookiesToResponse->handle(Object(Illuminate/Http/Request), Object(Closure))
#35 D:/Ngoding/RepoGithub/fiber-manager-G/vendor/laravel/framework/src/Illuminate/Cookie/Middleware/EncryptCookies.php(74): Illuminate/Pipeline/Pipeline->Illuminate/Pipeline/{closure}(Object(Illuminate/Http/Request))
#36 D:/Ngoding/RepoGithub/fiber-manager-G/vendor/laravel/framework/src/Illuminate/Pipeline/Pipeline.php(219): Illuminate/Cookie/Middleware/EncryptCookies->handle(Object(Illuminate/Http/Request), Object(Closure))
#37 D:/Ngoding/RepoGithub/fiber-manager-G/vendor/laravel/framework/src/Illuminate/Pipeline/Pipeline.php(137): Illuminate/Pipeline/Pipeline->Illuminate/Pipeline/{closure}(Object(Illuminate/Http/Request))
#38 D:/Ngoding/RepoGithub/fiber-manager-G/vendor/laravel/framework/src/Illuminate/Routing/Router.php(821): Illuminate/Pipeline/Pipeline->then(Object(Closure))
#39 D:/Ngoding/RepoGithub/fiber-manager-G/vendor/laravel/framework/src/Illuminate/Routing/Router.php(800): Illuminate/Routing/Router->runRouteWithinStack(Object(Illuminate/Routing/Route), Object(Illuminate/Http/Request))
#40 D:/Ngoding/RepoGithub/fiber-manager-G/vendor/laravel/framework/src/Illuminate/Routing/Router.php(764): Illuminate/Routing/Router->runRoute(Object(Illuminate/Http/Request), Object(Illuminate/Routing/Route))
#41 D:/Ngoding/RepoGithub/fiber-manager-G/vendor/laravel/framework/src/Illuminate/Routing/Router.php(753): Illuminate/Routing/Router->dispatchToRoute(Object(Illuminate/Http/Request))
#42 D:/Ngoding/RepoGithub/fiber-manager-G/vendor/laravel/framework/src/Illuminate/Foundation/Http/Kernel.php(200): Illuminate/Routing/Router->dispatch(Object(Illuminate/Http/Request))
#43 D:/Ngoding/RepoGithub/fiber-manager-G/vendor/laravel/framework/src/Illuminate/Pipeline/Pipeline.php(180): Illuminate/Foundation/Http/Kernel->Illuminate/Foundation/Http/{closure}(Object(Illuminate/Http/Request))
#44 D:/Ngoding/RepoGithub/fiber-manager-G/vendor/laravel/framework/src/Illuminate/Foundation/Http/Middleware/TransformsRequest.php(21): Illuminate/Pipeline/Pipeline->Illuminate/Pipeline/{closure}(Object(Illuminate/Http/Request))
#45 D:/Ngoding/RepoGithub/fiber-manager-G/vendor/laravel/framework/src/Illuminate/Foundation/Http/Middleware/ConvertEmptyStringsToNull.php(31): Illuminate/Foundation/Http/Middleware/TransformsRequest->handle(Object(Illuminate/Http/Request), Object(Closure))
#46 D:/Ngoding/RepoGithub/fiber-manager-G/vendor/laravel/framework/src/Illuminate/Pipeline/Pipeline.php(219): Illuminate/Foundation/Http/Middleware/ConvertEmptyStringsToNull->handle(Object(Illuminate/Http/Request), Object(Closure))
#47 D:/Ngoding/RepoGithub/fiber-manager-G/vendor/laravel/framework/src/Illuminate/Foundation/Http/Middleware/TransformsRequest.php(21): Illuminate/Pipeline/Pipeline->Illuminate/Pipeline/{closure}(Object(Illuminate/Http/Request))
#48 D:/Ngoding/RepoGithub/fiber-manager-G/vendor/laravel/framework/src/Illuminate/Foundation/Http/Middleware/TrimStrings.php(51): Illuminate/Foundation/Http/Middleware/TransformsRequest->handle(Object(Illuminate/Http/Request), Object(Closure))
#49 D:/Ngoding/RepoGithub/fiber-manager-G/vendor/laravel/framework/src/Illuminate/Pipeline/Pipeline.php(219): Illuminate/Foundation/Http/Middleware/TrimStrings->handle(Object(Illuminate/Http/Request), Object(Closure))
#50 D:/Ngoding/RepoGithub/fiber-manager-G/vendor/laravel/framework/src/Illuminate/Http/Middleware/ValidatePostSize.php(27): Illuminate/Pipeline/Pipeline->Illuminate/Pipeline/{closure}(Object(Illuminate/Http/Request))
#51 D:/Ngoding/RepoGithub/fiber-manager-G/vendor/laravel/framework/src/Illuminate/Pipeline/Pipeline.php(219): Illuminate/Http/Middleware/ValidatePostSize->handle(Object(Illuminate/Http/Request), Object(Closure))
#52 D:/Ngoding/RepoGithub/fiber-manager-G/vendor/laravel/framework/src/Illuminate/Foundation/Http/Middleware/PreventRequestsDuringMaintenance.php(109): Illuminate/Pipeline/Pipeline->Illuminate/Pipeline/{closure}(Object(Illuminate/Http/Request))
#53 D:/Ngoding/RepoGithub/fiber-manager-G/vendor/laravel/framework/src/Illuminate/Pipeline/Pipeline.php(219): Illuminate/Foundation/Http/Middleware/PreventRequestsDuringMaintenance->handle(Object(Illuminate/Http/Request), Object(Closure))
#54 D:/Ngoding/RepoGithub/fiber-manager-G/vendor/laravel/framework/src/Illuminate/Http/Middleware/HandleCors.php(74): Illuminate/Pipeline/Pipeline->Illuminate/Pipeline/{closure}(Object(Illuminate/Http/Request))
#55 D:/Ngoding/RepoGithub/fiber-manager-G/vendor/laravel/framework/src/Illuminate/Pipeline/Pipeline.php(219): Illuminate/Http/Middleware/HandleCors->handle(Object(Illuminate/Http/Request), Object(Closure))
#56 D:/Ngoding/RepoGithub/fiber-manager-G/vendor/laravel/framework/src/Illuminate/Http/Middleware/TrustProxies.php(58): Illuminate/Pipeline/Pipeline->Illuminate/Pipeline/{closure}(Object(Illuminate/Http/Request))
#57 D:/Ngoding/RepoGithub/fiber-manager-G/vendor/laravel/framework/src/Illuminate/Pipeline/Pipeline.php(219): Illuminate/Http/Middleware/TrustProxies->handle(Object(Illuminate/Http/Request), Object(Closure))
#58 D:/Ngoding/RepoGithub/fiber-manager-G/vendor/laravel/framework/src/Illuminate/Foundation/Http/Middleware/InvokeDeferredCallbacks.php(22): Illuminate/Pipeline/Pipeline->Illuminate/Pipeline/{closure}(Object(Illuminate/Http/Request))
#59 D:/Ngoding/RepoGithub/fiber-manager-G/vendor/laravel/framework/src/Illuminate/Pipeline/Pipeline.php(219): Illuminate/Foundation/Http/Middleware/InvokeDeferredCallbacks->handle(Object(Illuminate/Http/Request), Object(Closure))
#60 D:/Ngoding/RepoGithub/fiber-manager-G/vendor/laravel/framework/src/Illuminate/Http/Middleware/ValidatePathEncoding.php(28): Illuminate/Pipeline/Pipeline->Illuminate/Pipeline/{closure}(Object(Illuminate/Http/Request))
#61 D:/Ngoding/RepoGithub/fiber-manager-G/vendor/laravel/framework/src/Illuminate/Pipeline/Pipeline.php(219): Illuminate/Http/Middleware/ValidatePathEncoding->handle(Object(Illuminate/Http/Request), Object(Closure))
#62 D:/Ngoding/RepoGithub/fiber-manager-G/vendor/laravel/framework/src/Illuminate/Pipeline/Pipeline.php(137): Illuminate/Pipeline/Pipeline->Illuminate/Pipeline/{closure}(Object(Illuminate/Http/Request))
#63 D:/Ngoding/RepoGithub/fiber-manager-G/vendor/laravel/framework/src/Illuminate/Foundation/Http/Kernel.php(175): Illuminate/Pipeline/Pipeline->then(Object(Closure))
#64 D:/Ngoding/RepoGithub/fiber-manager-G/vendor/laravel/framework/src/Illuminate/Foundation/Http/Kernel.php(144): Illuminate/Foundation/Http/Kernel->sendRequestThroughRouter(Object(Illuminate/Http/Request))
#65 D:/Ngoding/RepoGithub/fiber-manager-G/vendor/laravel/framework/src/Illuminate/Foundation/Application.php(1227): Illuminate/Foundation/Http/Kernel->handle(Object(Illuminate/Http/Request))
#66 D:/Ngoding/RepoGithub/fiber-manager-G/public/index.php(20): Illuminate/Foundation/Application->handleRequest(Object(Illuminate/Http/Request))
#67 D:/Ngoding/RepoGithub/fiber-manager-G/vendor/laravel/framework/src/Illuminate/Foundation/resources/server.php(23): require_once('D://Ngoding//Repo...')
#68 {main}
"} 
[2026-07-28 06:02:29] local.ERROR: Cannot use temporary expression in write context {"exception":"[object] (Symfony\\Component\\ErrorHandler\\Error\\FatalError(code: 0): Cannot use temporary expression in write context at D:/Ngoding/RepoGithub/fiber-manager-G/app/Http/Controllers/UserController.php:139)
[stacktrace]
#0 {main}
"} 
[2026-07-28 06:14:35] local.ERROR: SQLSTATE[23000]: Integrity constraint violation: 19 UNIQUE constraint failed: users.username (Connection: sqlite, Database: D:\Ngoding\RepoGithub\fiber-manager-G\database\database.sqlite, SQL: insert into "users" ("username", "full_name", "email", "password", "role", "is_active", "updated_at", "created_at") values (admin, Administrator, admin@fiber.net, $2y$12$3bgsY47By0Qe/dbwPA96q.FLHGa7mTOzUdEOGP0sEs6i1OpHwku3C, admin, 1, 2026-07-28 06:14:35, 2026-07-28 06:14:35)) {"exception":"[object] (Illuminate\\Database\\UniqueConstraintViolationException(code: 23000): SQLSTATE[23000]: Integrity constraint violation: 19 UNIQUE constraint failed: users.username (Connection: sqlite, Database: D:\\Ngoding\\RepoGithub\\fiber-manager-G\\database\\database.sqlite, SQL: insert into \"users\" (\"username\", \"full_name\", \"email\", \"password\", \"role\", \"is_active\", \"updated_at\", \"created_at\") values (admin, Administrator, admin@fiber.net, $2y$12$3bgsY47By0Qe/dbwPA96q.FLHGa7mTOzUdEOGP0sEs6i1OpHwku3C, admin, 1, 2026-07-28 06:14:35, 2026-07-28 06:14:35)) at D:/Ngoding/RepoGithub/fiber-manager-G/vendor/laravel/framework/src/Illuminate/Database/Connection.php:857)
[stacktrace]
#0 D:/Ngoding/RepoGithub/fiber-manager-G/vendor/laravel/framework/src/Illuminate/Database/Connection.php(813): Illuminate/Database/Connection->runQueryCallback('insert into \"us...', Array, Object(Closure))
#1 D:/Ngoding/RepoGithub/fiber-manager-G/vendor/laravel/framework/src/Illuminate/Database/Connection.php(590): Illuminate/Database/Connection->run('insert into \"us...', Array, Object(Closure))
#2 D:/Ngoding/RepoGithub/fiber-manager-G/vendor/laravel/framework/src/Illuminate/Database/Connection.php(554): Illuminate/Database/Connection->statement('insert into \"us...', Array)
#3 D:/Ngoding/RepoGithub/fiber-manager-G/vendor/laravel/framework/src/Illuminate/Database/Query/Processors/Processor.php(32): Illuminate/Database/Connection->insert('insert into \"us...', Array)
#4 D:/Ngoding/RepoGithub/fiber-manager-G/vendor/laravel/framework/src/Illuminate/Database/Query/Builder.php(4258): Illuminate/Database/Query/Processors/Processor->processInsertGetId(Object(Illuminate/Database/Query/Builder), 'insert into \"us...', Array, 'id')
#5 D:/Ngoding/RepoGithub/fiber-manager-G/vendor/laravel/framework/src/Illuminate/Database/Eloquent/Builder.php(2271): Illuminate/Database/Query/Builder->insertGetId(Array, 'id')
#6 D:/Ngoding/RepoGithub/fiber-manager-G/vendor/laravel/framework/src/Illuminate/Database/Eloquent/Model.php(1685): Illuminate/Database/Eloquent/Builder->__call('insertGetId', Array)
#7 D:/Ngoding/RepoGithub/fiber-manager-G/vendor/laravel/framework/src/Illuminate/Database/Eloquent/Model.php(1601): Illuminate/Database/Eloquent/Model->insertAndSetId(Object(Illuminate/Database/Eloquent/Builder), Array)
#8 D:/Ngoding/RepoGithub/fiber-manager-G/vendor/laravel/framework/src/Illuminate/Database/Eloquent/Model.php(1405): Illuminate/Database/Eloquent/Model->performInsert(Object(Illuminate/Database/Eloquent/Builder))
#9 D:/Ngoding/RepoGithub/fiber-manager-G/vendor/laravel/framework/src/Illuminate/Database/Eloquent/Builder.php(1225): Illuminate/Database/Eloquent/Model->save()
#10 D:/Ngoding/RepoGithub/fiber-manager-G/vendor/laravel/framework/src/Illuminate/Support/helpers.php(393): Illuminate/Database/Eloquent/Builder->Illuminate/Database/Eloquent/{closure}(Object(App/Models/User))
#11 D:/Ngoding/RepoGithub/fiber-manager-G/vendor/laravel/framework/src/Illuminate/Database/Eloquent/Builder.php(1224): tap(Object(App/Models/User), Object(Closure))
#12 D:/Ngoding/RepoGithub/fiber-manager-G/vendor/laravel/framework/src/Illuminate/Support/Traits/ForwardsCalls.php(23): Illuminate/Database/Eloquent/Builder->create(Array)
#13 D:/Ngoding/RepoGithub/fiber-manager-G/vendor/laravel/framework/src/Illuminate/Database/Eloquent/Model.php(2842): Illuminate/Database/Eloquent/Model->forwardCallTo(Object(Illuminate/Database/Eloquent/Builder), 'create', Array)
#14 D:/Ngoding/RepoGithub/fiber-manager-G/vendor/laravel/framework/src/Illuminate/Database/Eloquent/Model.php(2858): Illuminate/Database/Eloquent/Model->__call('create', Array)
#15 D:/Ngoding/RepoGithub/fiber-manager-G/database/seeders/DatabaseSeeder.php(18): Illuminate/Database/Eloquent/Model::__callStatic('create', Array)
#16 D:/Ngoding/RepoGithub/fiber-manager-G/vendor/laravel/framework/src/Illuminate/Container/BoundMethod.php(36): Database/Seeders/DatabaseSeeder->run()
#17 D:/Ngoding/RepoGithub/fiber-manager-G/vendor/laravel/framework/src/Illuminate/Container/Util.php(43): Illuminate/Container/BoundMethod::Illuminate/Container/{closure}()
#18 D:/Ngoding/RepoGithub/fiber-manager-G/vendor/laravel/framework/src/Illuminate/Container/BoundMethod.php(96): Illuminate/Container/Util::unwrapIfClosure(Object(Closure))
#19 D:/Ngoding/RepoGithub/fiber-manager-G/vendor/laravel/framework/src/Illuminate/Container/BoundMethod.php(35): Illuminate/Container/BoundMethod::callBoundMethod(Object(Illuminate/Foundation/Application), Array, Object(Closure))
#20 D:/Ngoding/RepoGithub/fiber-manager-G/vendor/laravel/framework/src/Illuminate/Container/Container.php(800): Illuminate/Container/BoundMethod::call(Object(Illuminate/Foundation/Application), Array, Array, NULL)
#21 D:/Ngoding/RepoGithub/fiber-manager-G/vendor/laravel/framework/src/Illuminate/Database/Seeder.php(184): Illuminate/Container/Container->call(Array, Array)
#22 D:/Ngoding/RepoGithub/fiber-manager-G/vendor/laravel/framework/src/Illuminate/Database/Eloquent/Concerns/HasEvents.php(456): Illuminate/Database/Seeder->Illuminate/Database/{closure}()
#23 D:/Ngoding/RepoGithub/fiber-manager-G/vendor/laravel/framework/src/Illuminate/Database/Console/Seeds/WithoutModelEvents.php(17): Illuminate/Database/Eloquent/Model::withoutEvents(Object(Closure))
#24 D:/Ngoding/RepoGithub/fiber-manager-G/vendor/laravel/framework/src/Illuminate/Database/Seeder.php(191): Database/Seeders/DatabaseSeeder->Illuminate/Database/Console/Seeds/{closure}()
#25 D:/Ngoding/RepoGithub/fiber-manager-G/vendor/laravel/framework/src/Illuminate/Database/Console/Seeds/SeedCommand.php(71): Illuminate/Database/Seeder->__invoke()
#26 D:/Ngoding/RepoGithub/fiber-manager-G/vendor/laravel/framework/src/Illuminate/Database/Eloquent/Concerns/GuardsAttributes.php(185): Illuminate/Database/Console/Seeds/SeedCommand->Illuminate/Database/Console/Seeds/{closure}()
#27 D:/Ngoding/RepoGithub/fiber-manager-G/vendor/laravel/framework/src/Illuminate/Database/Console/Seeds/SeedCommand.php(70): Illuminate/Database/Eloquent/Model::unguarded(Object(Closure))
#28 D:/Ngoding/RepoGithub/fiber-manager-G/vendor/laravel/framework/src/Illuminate/Container/BoundMethod.php(36): Illuminate/Database/Console/Seeds/SeedCommand->handle()
#29 D:/Ngoding/RepoGithub/fiber-manager-G/vendor/laravel/framework/src/Illuminate/Container/Util.php(43): Illuminate/Container/BoundMethod::Illuminate/Container/{closure}()
#30 D:/Ngoding/RepoGithub/fiber-manager-G/vendor/laravel/framework/src/Illuminate/Container/BoundMethod.php(96): Illuminate/Container/Util::unwrapIfClosure(Object(Closure))
#31 D:/Ngoding/RepoGithub/fiber-manager-G/vendor/laravel/framework/src/Illuminate/Container/BoundMethod.php(35): Illuminate/Container/BoundMethod::callBoundMethod(Object(Illuminate/Foundation/Application), Array, Object(Closure))
#32 D:/Ngoding/RepoGithub/fiber-manager-G/vendor/laravel/framework/src/Illuminate/Container/Container.php(800): Illuminate/Container/BoundMethod::call(Object(Illuminate/Foundation/Application), Array, Array, NULL)
#33 D:/Ngoding/RepoGithub/fiber-manager-G/vendor/laravel/framework/src/Illuminate/Console/Command.php(280): Illuminate/Container/Container->call(Array)
#34 D:/Ngoding/RepoGithub/fiber-manager-G/vendor/symfony/console/Command/Command.php(341): Illuminate/Console/Command->execute(Object(Symfony/Component/Console/Input/ArgvInput), Object(Laravel/Pao/Laravel/PaoOutputStyle))
#35 D:/Ngoding/RepoGithub/fiber-manager-G/vendor/laravel/framework/src/Illuminate/Console/Command.php(249): Symfony/Component/Console/Command/Command->run(Object(Symfony/Component/Console/Input/ArgvInput), Object(Laravel/Pao/Laravel/PaoOutputStyle))
#36 D:/Ngoding/RepoGithub/fiber-manager-G/vendor/symfony/console/Application.php(1117): Illuminate/Console/Command->run(Object(Symfony/Component/Console/Input/ArgvInput), Object(Symfony/Component/Console/Output/ConsoleOutput))
#37 D:/Ngoding/RepoGithub/fiber-manager-G/vendor/symfony/console/Application.php(356): Symfony/Component/Console/Application->doRunCommand(Object(Illuminate/Database/Console/Seeds/SeedCommand), Object(Symfony/Component/Console/Input/ArgvInput), Object(Symfony/Component/Console/Output/ConsoleOutput))
#38 D:/Ngoding/RepoGithub/fiber-manager-G/vendor/symfony/console/Application.php(195): Symfony/Component/Console/Application->doRun(Object(Symfony/Component/Console/Input/ArgvInput), Object(Symfony/Component/Console/Output/ConsoleOutput))
#39 D:/Ngoding/RepoGithub/fiber-manager-G/vendor/laravel/framework/src/Illuminate/Foundation/Console/Kernel.php(198): Symfony/Component/Console/Application->run(Object(Symfony/Component/Console/Input/ArgvInput), Object(Symfony/Component/Console/Output/ConsoleOutput))
#40 D:/Ngoding/RepoGithub/fiber-manager-G/vendor/laravel/framework/src/Illuminate/Foundation/Application.php(1242): Illuminate/Foundation/Console/Kernel->handle(Object(Symfony/Component/Console/Input/ArgvInput), Object(Symfony/Component/Console/Output/ConsoleOutput))
#41 D:/Ngoding/RepoGithub/fiber-manager-G/artisan(16): Illuminate/Foundation/Application->handleCommand(Object(Symfony/Component/Console/Input/ArgvInput))
#42 {main}

[previous exception] [object] (PDOException(code: 23000): SQLSTATE[23000]: Integrity constraint violation: 19 UNIQUE constraint failed: users.username at D:/Ngoding/RepoGithub/fiber-manager-G/vendor/laravel/framework/src/Illuminate/Database/Connection.php:601)
[stacktrace]
#0 D:/Ngoding/RepoGithub/fiber-manager-G/vendor/laravel/framework/src/Illuminate/Database/Connection.php(601): PDOStatement->execute()
#1 D:/Ngoding/RepoGithub/fiber-manager-G/vendor/laravel/framework/src/Illuminate/Database/Connection.php(846): Illuminate/Database/Connection->Illuminate/Database/{closure}('insert into \"us...', Array)
#2 D:/Ngoding/RepoGithub/fiber-manager-G/vendor/laravel/framework/src/Illuminate/Database/Connection.php(813): Illuminate/Database/Connection->runQueryCallback('insert into \"us...', Array, Object(Closure))
#3 D:/Ngoding/RepoGithub/fiber-manager-G/vendor/laravel/framework/src/Illuminate/Database/Connection.php(590): Illuminate/Database/Connection->run('insert into \"us...', Array, Object(Closure))
#4 D:/Ngoding/RepoGithub/fiber-manager-G/vendor/laravel/framework/src/Illuminate/Database/Connection.php(554): Illuminate/Database/Connection->statement('insert into \"us...', Array)
#5 D:/Ngoding/RepoGithub/fiber-manager-G/vendor/laravel/framework/src/Illuminate/Database/Query/Processors/Processor.php(32): Illuminate/Database/Connection->insert('insert into \"us...', Array)
#6 D:/Ngoding/RepoGithub/fiber-manager-G/vendor/laravel/framework/src/Illuminate/Database/Query/Builder.php(4258): Illuminate/Database/Query/Processors/Processor->processInsertGetId(Object(Illuminate/Database/Query/Builder), 'insert into \"us...', Array, 'id')
#7 D:/Ngoding/RepoGithub/fiber-manager-G/vendor/laravel/framework/src/Illuminate/Database/Eloquent/Builder.php(2271): Illuminate/Database/Query/Builder->insertGetId(Array, 'id')
#8 D:/Ngoding/RepoGithub/fiber-manager-G/vendor/laravel/framework/src/Illuminate/Database/Eloquent/Model.php(1685): Illuminate/Database/Eloquent/Builder->__call('insertGetId', Array)
#9 D:/Ngoding/RepoGithub/fiber-manager-G/vendor/laravel/framework/src/Illuminate/Database/Eloquent/Model.php(1601): Illuminate/Database/Eloquent/Model->insertAndSetId(Object(Illuminate/Database/Eloquent/Builder), Array)
#10 D:/Ngoding/RepoGithub/fiber-manager-G/vendor/laravel/framework/src/Illuminate/Database/Eloquent/Model.php(1405): Illuminate/Database/Eloquent/Model->performInsert(Object(Illuminate/Database/Eloquent/Builder))
#11 D:/Ngoding/RepoGithub/fiber-manager-G/vendor/laravel/framework/src/Illuminate/Database/Eloquent/Builder.php(1225): Illuminate/Database/Eloquent/Model->save()
#12 D:/Ngoding/RepoGithub/fiber-manager-G/vendor/laravel/framework/src/Illuminate/Support/helpers.php(393): Illuminate/Database/Eloquent/Builder->Illuminate/Database/Eloquent/{closure}(Object(App/Models/User))
#13 D:/Ngoding/RepoGithub/fiber-manager-G/vendor/laravel/framework/src/Illuminate/Database/Eloquent/Builder.php(1224): tap(Object(App/Models/User), Object(Closure))
#14 D:/Ngoding/RepoGithub/fiber-manager-G/vendor/laravel/framework/src/Illuminate/Support/Traits/ForwardsCalls.php(23): Illuminate/Database/Eloquent/Builder->create(Array)
#15 D:/Ngoding/RepoGithub/fiber-manager-G/vendor/laravel/framework/src/Illuminate/Database/Eloquent/Model.php(2842): Illuminate/Database/Eloquent/Model->forwardCallTo(Object(Illuminate/Database/Eloquent/Builder), 'create', Array)
#16 D:/Ngoding/RepoGithub/fiber-manager-G/vendor/laravel/framework/src/Illuminate/Database/Eloquent/Model.php(2858): Illuminate/Database/Eloquent/Model->__call('create', Array)
#17 D:/Ngoding/RepoGithub/fiber-manager-G/database/seeders/DatabaseSeeder.php(18): Illuminate/Database/Eloquent/Model::__callStatic('create', Array)
#18 D:/Ngoding/RepoGithub/fiber-manager-G/vendor/laravel/framework/src/Illuminate/Container/BoundMethod.php(36): Database/Seeders/DatabaseSeeder->run()
#19 D:/Ngoding/RepoGithub/fiber-manager-G/vendor/laravel/framework/src/Illuminate/Container/Util.php(43): Illuminate/Container/BoundMethod::Illuminate/Container/{closure}()
#20 D:/Ngoding/RepoGithub/fiber-manager-G/vendor/laravel/framework/src/Illuminate/Container/BoundMethod.php(96): Illuminate/Container/Util::unwrapIfClosure(Object(Closure))
#21 D:/Ngoding/RepoGithub/fiber-manager-G/vendor/laravel/framework/src/Illuminate/Container/BoundMethod.php(35): Illuminate/Container/BoundMethod::callBoundMethod(Object(Illuminate/Foundation/Application), Array, Object(Closure))
#22 D:/Ngoding/RepoGithub/fiber-manager-G/vendor/laravel/framework/src/Illuminate/Container/Container.php(800): Illuminate/Container/BoundMethod::call(Object(Illuminate/Foundation/Application), Array, Array, NULL)
#23 D:/Ngoding/RepoGithub/fiber-manager-G/vendor/laravel/framework/src/Illuminate/Database/Seeder.php(184): Illuminate/Container/Container->call(Array, Array)
#24 D:/Ngoding/RepoGithub/fiber-manager-G/vendor/laravel/framework/src/Illuminate/Database/Eloquent/Concerns/HasEvents.php(456): Illuminate/Database/Seeder->Illuminate/Database/{closure}()
#25 D:/Ngoding/RepoGithub/fiber-manager-G/vendor/laravel/framework/src/Illuminate/Database/Console/Seeds/WithoutModelEvents.php(17): Illuminate/Database/Eloquent/Model::withoutEvents(Object(Closure))
#26 D:/Ngoding/RepoGithub/fiber-manager-G/vendor/laravel/framework/src/Illuminate/Database/Seeder.php(191): Database/Seeders/DatabaseSeeder->Illuminate/Database/Console/Seeds/{closure}()
#27 D:/Ngoding/RepoGithub/fiber-manager-G/vendor/laravel/framework/src/Illuminate/Database/Console/Seeds/SeedCommand.php(71): Illuminate/Database/Seeder->__invoke()
#28 D:/Ngoding/RepoGithub/fiber-manager-G/vendor/laravel/framework/src/Illuminate/Database/Eloquent/Concerns/GuardsAttributes.php(185): Illuminate/Database/Console/Seeds/SeedCommand->Illuminate/Database/Console/Seeds/{closure}()
#29 D:/Ngoding/RepoGithub/fiber-manager-G/vendor/laravel/framework/src/Illuminate/Database/Console/Seeds/SeedCommand.php(70): Illuminate/Database/Eloquent/Model::unguarded(Object(Closure))
#30 D:/Ngoding/RepoGithub/fiber-manager-G/vendor/laravel/framework/src/Illuminate/Container/BoundMethod.php(36): Illuminate/Database/Console/Seeds/SeedCommand->handle()
#31 D:/Ngoding/RepoGithub/fiber-manager-G/vendor/laravel/framework/src/Illuminate/Container/Util.php(43): Illuminate/Container/BoundMethod::Illuminate/Container/{closure}()
#32 D:/Ngoding/RepoGithub/fiber-manager-G/vendor/laravel/framework/src/Illuminate/Container/BoundMethod.php(96): Illuminate/Container/Util::unwrapIfClosure(Object(Closure))
#33 D:/Ngoding/RepoGithub/fiber-manager-G/vendor/laravel/framework/src/Illuminate/Container/BoundMethod.php(35): Illuminate/Container/BoundMethod::callBoundMethod(Object(Illuminate/Foundation/Application), Array, Object(Closure))
#34 D:/Ngoding/RepoGithub/fiber-manager-G/vendor/laravel/framework/src/Illuminate/Container/Container.php(800): Illuminate/Container/BoundMethod::call(Object(Illuminate/Foundation/Application), Array, Array, NULL)
#35 D:/Ngoding/RepoGithub/fiber-manager-G/vendor/laravel/framework/src/Illuminate/Console/Command.php(280): Illuminate/Container/Container->call(Array)
#36 D:/Ngoding/RepoGithub/fiber-manager-G/vendor/symfony/console/Command/Command.php(341): Illuminate/Console/Command->execute(Object(Symfony/Component/Console/Input/ArgvInput), Object(Laravel/Pao/Laravel/PaoOutputStyle))
#37 D:/Ngoding/RepoGithub/fiber-manager-G/vendor/laravel/framework/src/Illuminate/Console/Command.php(249): Symfony/Component/Console/Command/Command->run(Object(Symfony/Component/Console/Input/ArgvInput), Object(Laravel/Pao/Laravel/PaoOutputStyle))
#38 D:/Ngoding/RepoGithub/fiber-manager-G/vendor/symfony/console/Application.php(1117): Illuminate/Console/Command->run(Object(Symfony/Component/Console/Input/ArgvInput), Object(Symfony/Component/Console/Output/ConsoleOutput))
#39 D:/Ngoding/RepoGithub/fiber-manager-G/vendor/symfony/console/Application.php(356): Symfony/Component/Console/Application->doRunCommand(Object(Illuminate/Database/Console/Seeds/SeedCommand), Object(Symfony/Component/Console/Input/ArgvInput), Object(Symfony/Component/Console/Output/ConsoleOutput))
#40 D:/Ngoding/RepoGithub/fiber-manager-G/vendor/symfony/console/Application.php(195): Symfony/Component/Console/Application->doRun(Object(Symfony/Component/Console/Input/ArgvInput), Object(Symfony/Component/Console/Output/ConsoleOutput))
#41 D:/Ngoding/RepoGithub/fiber-manager-G/vendor/laravel/framework/src/Illuminate/Foundation/Console/Kernel.php(198): Symfony/Component/Console/Application->run(Object(Symfony/Component/Console/Input/ArgvInput), Object(Symfony/Component/Console/Output/ConsoleOutput))
#42 D:/Ngoding/RepoGithub/fiber-manager-G/vendor/laravel/framework/src/Illuminate/Foundation/Application.php(1242): Illuminate/Foundation/Console/Kernel->handle(Object(Symfony/Component/Console/Input/ArgvInput), Object(Symfony/Component/Console/Output/ConsoleOutput))
#43 D:/Ngoding/RepoGithub/fiber-manager-G/artisan(16): Illuminate/Foundation/Application->handleCommand(Object(Symfony/Component/Console/Input/ArgvInput))
#44 {main}
"} 
[2026-07-28 06:16:10] testing.ERROR: SQLSTATE[HY000]: General error: 1 no such table: users (Connection: sqlite, Database: :memory:, SQL: select * from "users" where "username" = nonexistent limit 1) {"exception":"[object] (Illuminate\\Database\\QueryException(code: HY000): SQLSTATE[HY000]: General error: 1 no such table: users (Connection: sqlite, Database: :memory:, SQL: select * from \"users\" where \"username\" = nonexistent limit 1) at D:/Ngoding/RepoGithub/fiber-manager-G/vendor/laravel/framework/src/Illuminate/Database/Connection.php:857)
[stacktrace]
#0 D:/Ngoding/RepoGithub/fiber-manager-G/vendor/laravel/framework/src/Illuminate/Database/Connection.php(813): Illuminate/Database/Connection->runQueryCallback('select * from \"...', Array, Object(Closure))
#1 D:/Ngoding/RepoGithub/fiber-manager-G/vendor/laravel/framework/src/Illuminate/Database/Connection.php(426): Illuminate/Database/Connection->run('select * from \"...', Array, Object(Closure))
#2 D:/Ngoding/RepoGithub/fiber-manager-G/vendor/laravel/framework/src/Illuminate/Database/Query/Builder.php(3574): Illuminate/Database/Connection->select('select * from \"...', Array, true, Array)
#3 D:/Ngoding/RepoGithub/fiber-manager-G/vendor/laravel/framework/src/Illuminate/Database/Query/Builder.php(3558): Illuminate/Database/Query/Builder->runSelect()
#4 D:/Ngoding/RepoGithub/fiber-manager-G/vendor/laravel/framework/src/Illuminate/Database/Eloquent/Builder.php(908): Illuminate/Database/Query/Builder->get(Array)
#5 D:/Ngoding/RepoGithub/fiber-manager-G/vendor/laravel/framework/src/Illuminate/Database/Eloquent/Builder.php(890): Illuminate/Database/Eloquent/Builder->getModels(Array)
#6 D:/Ngoding/RepoGithub/fiber-manager-G/vendor/laravel/framework/src/Illuminate/Database/Concerns/BuildsQueries.php(366): Illuminate/Database/Eloquent/Builder->get(Array)
#7 D:/Ngoding/RepoGithub/fiber-manager-G/app/Http/Controllers/AuthController.php(48): Illuminate/Database/Eloquent/Builder->first()
#8 D:/Ngoding/RepoGithub/fiber-manager-G/app/Http/Controllers/AuthController.php(19): App/Http/Controllers/AuthController->login(Object(Illuminate/Http/Request))
#9 D:/Ngoding/RepoGithub/fiber-manager-G/vendor/laravel/framework/src/Illuminate/Routing/ControllerDispatcher.php(46): App/Http/Controllers/AuthController->handle(Object(Illuminate/Http/Request))
#10 D:/Ngoding/RepoGithub/fiber-manager-G/vendor/laravel/framework/src/Illuminate/Routing/Route.php(276): Illuminate/Routing/ControllerDispatcher->dispatch(Object(Illuminate/Routing/Route), Object(App/Http/Controllers/AuthController), 'handle')
#11 D:/Ngoding/RepoGithub/fiber-manager-G/vendor/laravel/framework/src/Illuminate/Routing/Route.php(216): Illuminate/Routing/Route->runController()
#12 D:/Ngoding/RepoGithub/fiber-manager-G/vendor/laravel/framework/src/Illuminate/Routing/Router.php(822): Illuminate/Routing/Route->run()
#13 D:/Ngoding/RepoGithub/fiber-manager-G/vendor/laravel/framework/src/Illuminate/Pipeline/Pipeline.php(180): Illuminate/Routing/Router->Illuminate/Routing/{closure}(Object(Illuminate/Http/Request))
#14 D:/Ngoding/RepoGithub/fiber-manager-G/vendor/laravel/framework/src/Illuminate/Routing/Middleware/SubstituteBindings.php(52): Illuminate/Pipeline/Pipeline->Illuminate/Pipeline/{closure}(Object(Illuminate/Http/Request))
#15 D:/Ngoding/RepoGithub/fiber-manager-G/vendor/laravel/framework/src/Illuminate/Pipeline/Pipeline.php(219): Illuminate/Routing/Middleware/SubstituteBindings->handle(Object(Illuminate/Http/Request), Object(Closure))
#16 D:/Ngoding/RepoGithub/fiber-manager-G/vendor/laravel/framework/src/Illuminate/Foundation/Http/Middleware/PreventRequestForgery.php(104): Illuminate/Pipeline/Pipeline->Illuminate/Pipeline/{closure}(Object(Illuminate/Http/Request))
#17 D:/Ngoding/RepoGithub/fiber-manager-G/vendor/laravel/framework/src/Illuminate/Pipeline/Pipeline.php(219): Illuminate/Foundation/Http/Middleware/PreventRequestForgery->handle(Object(Illuminate/Http/Request), Object(Closure))
#18 D:/Ngoding/RepoGithub/fiber-manager-G/vendor/laravel/framework/src/Illuminate/View/Middleware/ShareErrorsFromSession.php(48): Illuminate/Pipeline/Pipeline->Illuminate/Pipeline/{closure}(Object(Illuminate/Http/Request))
#19 D:/Ngoding/RepoGithub/fiber-manager-G/vendor/laravel/framework/src/Illuminate/Pipeline/Pipeline.php(219): Illuminate/View/Middleware/ShareErrorsFromSession->handle(Object(Illuminate/Http/Request), Object(Closure))
#20 D:/Ngoding/RepoGithub/fiber-manager-G/vendor/laravel/framework/src/Illuminate/Session/Middleware/StartSession.php(120): Illuminate/Pipeline/Pipeline->Illuminate/Pipeline/{closure}(Object(Illuminate/Http/Request))
#21 D:/Ngoding/RepoGithub/fiber-manager-G/vendor/laravel/framework/src/Illuminate/Session/Middleware/StartSession.php(63): Illuminate/Session/Middleware/StartSession->handleStatefulRequest(Object(Illuminate/Http/Request), Object(Illuminate/Session/Store), Object(Closure))
#22 D:/Ngoding/RepoGithub/fiber-manager-G/vendor/laravel/framework/src/Illuminate/Pipeline/Pipeline.php(219): Illuminate/Session/Middleware/StartSession->handle(Object(Illuminate/Http/Request), Object(Closure))
#23 D:/Ngoding/RepoGithub/fiber-manager-G/vendor/laravel/framework/src/Illuminate/Cookie/Middleware/AddQueuedCookiesToResponse.php(36): Illuminate/Pipeline/Pipeline->Illuminate/Pipeline/{closure}(Object(Illuminate/Http/Request))
#24 D:/Ngoding/RepoGithub/fiber-manager-G/vendor/laravel/framework/src/Illuminate/Pipeline/Pipeline.php(219): Illuminate/Cookie/Middleware/AddQueuedCookiesToResponse->handle(Object(Illuminate/Http/Request), Object(Closure))
#25 D:/Ngoding/RepoGithub/fiber-manager-G/vendor/laravel/framework/src/Illuminate/Cookie/Middleware/EncryptCookies.php(74): Illuminate/Pipeline/Pipeline->Illuminate/Pipeline/{closure}(Object(Illuminate/Http/Request))
#26 D:/Ngoding/RepoGithub/fiber-manager-G/vendor/laravel/framework/src/Illuminate/Pipeline/Pipeline.php(219): Illuminate/Cookie/Middleware/EncryptCookies->handle(Object(Illuminate/Http/Request), Object(Closure))
#27 D:/Ngoding/RepoGithub/fiber-manager-G/vendor/laravel/framework/src/Illuminate/Pipeline/Pipeline.php(137): Illuminate/Pipeline/Pipeline->Illuminate/Pipeline/{closure}(Object(Illuminate/Http/Request))
#28 D:/Ngoding/RepoGithub/fiber-manager-G/vendor/laravel/framework/src/Illuminate/Routing/Router.php(821): Illuminate/Pipeline/Pipeline->then(Object(Closure))
#29 D:/Ngoding/RepoGithub/fiber-manager-G/vendor/laravel/framework/src/Illuminate/Routing/Router.php(800): Illuminate/Routing/Router->runRouteWithinStack(Object(Illuminate/Routing/Route), Object(Illuminate/Http/Request))
#30 D:/Ngoding/RepoGithub/fiber-manager-G/vendor/laravel/framework/src/Illuminate/Routing/Router.php(764): Illuminate/Routing/Router->runRoute(Object(Illuminate/Http/Request), Object(Illuminate/Routing/Route))
#31 D:/Ngoding/RepoGithub/fiber-manager-G/vendor/laravel/framework/src/Illuminate/Routing/Router.php(753): Illuminate/Routing/Router->dispatchToRoute(Object(Illuminate/Http/Request))
#32 D:/Ngoding/RepoGithub/fiber-manager-G/vendor/laravel/framework/src/Illuminate/Foundation/Http/Kernel.php(200): Illuminate/Routing/Router->dispatch(Object(Illuminate/Http/Request))
#33 D:/Ngoding/RepoGithub/fiber-manager-G/vendor/laravel/framework/src/Illuminate/Pipeline/Pipeline.php(180): Illuminate/Foundation/Http/Kernel->Illuminate/Foundation/Http/{closure}(Object(Illuminate/Http/Request))
#34 D:/Ngoding/RepoGithub/fiber-manager-G/vendor/laravel/framework/src/Illuminate/Foundation/Http/Middleware/TransformsRequest.php(21): Illuminate/Pipeline/Pipeline->Illuminate/Pipeline/{closure}(Object(Illuminate/Http/Request))
#35 D:/Ngoding/RepoGithub/fiber-manager-G/vendor/laravel/framework/src/Illuminate/Foundation/Http/Middleware/ConvertEmptyStringsToNull.php(31): Illuminate/Foundation/Http/Middleware/TransformsRequest->handle(Object(Illuminate/Http/Request), Object(Closure))
#36 D:/Ngoding/RepoGithub/fiber-manager-G/vendor/laravel/framework/src/Illuminate/Pipeline/Pipeline.php(219): Illuminate/Foundation/Http/Middleware/ConvertEmptyStringsToNull->handle(Object(Illuminate/Http/Request), Object(Closure))
#37 D:/Ngoding/RepoGithub/fiber-manager-G/vendor/laravel/framework/src/Illuminate/Foundation/Http/Middleware/TransformsRequest.php(21): Illuminate/Pipeline/Pipeline->Illuminate/Pipeline/{closure}(Object(Illuminate/Http/Request))
#38 D:/Ngoding/RepoGithub/fiber-manager-G/vendor/laravel/framework/src/Illuminate/Foundation/Http/Middleware/TrimStrings.php(51): Illuminate/Foundation/Http/Middleware/TransformsRequest->handle(Object(Illuminate/Http/Request), Object(Closure))
#39 D:/Ngoding/RepoGithub/fiber-manager-G/vendor/laravel/framework/src/Illuminate/Pipeline/Pipeline.php(219): Illuminate/Foundation/Http/Middleware/TrimStrings->handle(Object(Illuminate/Http/Request), Object(Closure))
#40 D:/Ngoding/RepoGithub/fiber-manager-G/vendor/laravel/framework/src/Illuminate/Http/Middleware/ValidatePostSize.php(27): Illuminate/Pipeline/Pipeline->Illuminate/Pipeline/{closure}(Object(Illuminate/Http/Request))
#41 D:/Ngoding/RepoGithub/fiber-manager-G/vendor/laravel/framework/src/Illuminate/Pipeline/Pipeline.php(219): Illuminate/Http/Middleware/ValidatePostSize->handle(Object(Illuminate/Http/Request), Object(Closure))
#42 D:/Ngoding/RepoGithub/fiber-manager-G/vendor/laravel/framework/src/Illuminate/Foundation/Http/Middleware/PreventRequestsDuringMaintenance.php(109): Illuminate/Pipeline/Pipeline->Illuminate/Pipeline/{closure}(Object(Illuminate/Http/Request))
#43 D:/Ngoding/RepoGithub/fiber-manager-G/vendor/laravel/framework/src/Illuminate/Pipeline/Pipeline.php(219): Illuminate/Foundation/Http/Middleware/PreventRequestsDuringMaintenance->handle(Object(Illuminate/Http/Request), Object(Closure))
#44 D:/Ngoding/RepoGithub/fiber-manager-G/vendor/laravel/framework/src/Illuminate/Http/Middleware/HandleCors.php(74): Illuminate/Pipeline/Pipeline->Illuminate/Pipeline/{closure}(Object(Illuminate/Http/Request))
#45 D:/Ngoding/RepoGithub/fiber-manager-G/vendor/laravel/framework/src/Illuminate/Pipeline/Pipeline.php(219): Illuminate/Http/Middleware/HandleCors->handle(Object(Illuminate/Http/Request), Object(Closure))
#46 D:/Ngoding/RepoGithub/fiber-manager-G/vendor/laravel/framework/src/Illuminate/Http/Middleware/TrustProxies.php(58): Illuminate/Pipeline/Pipeline->Illuminate/Pipeline/{closure}(Object(Illuminate/Http/Request))
#47 D:/Ngoding/RepoGithub/fiber-manager-G/vendor/laravel/framework/src/Illuminate/Pipeline/Pipeline.php(219): Illuminate/Http/Middleware/TrustProxies->handle(Object(Illuminate/Http/Request), Object(Closure))
#48 D:/Ngoding/RepoGithub/fiber-manager-G/vendor/laravel/framework/src/Illuminate/Foundation/Http/Middleware/InvokeDeferredCallbacks.php(22): Illuminate/Pipeline/Pipeline->Illuminate/Pipeline/{closure}(Object(Illuminate/Http/Request))
#49 D:/Ngoding/RepoGithub/fiber-manager-G/vendor/laravel/framework/src/Illuminate/Pipeline/Pipeline.php(219): Illuminate/Foundation/Http/Middleware/InvokeDeferredCallbacks->handle(Object(Illuminate/Http/Request), Object(Closure))
#50 D:/Ngoding/RepoGithub/fiber-manager-G/vendor/laravel/framework/src/Illuminate/Http/Middleware/ValidatePathEncoding.php(28): Illuminate/Pipeline/Pipeline->Illuminate/Pipeline/{closure}(Object(Illuminate/Http/Request))
#51 D:/Ngoding/RepoGithub/fiber-manager-G/vendor/laravel/framework/src/Illuminate/Pipeline/Pipeline.php(219): Illuminate/Http/Middleware/ValidatePathEncoding->handle(Object(Illuminate/Http/Request), Object(Closure))
#52 D:/Ngoding/RepoGithub/fiber-manager-G/vendor/laravel/framework/src/Illuminate/Pipeline/Pipeline.php(137): Illuminate/Pipeline/Pipeline->Illuminate/Pipeline/{closure}(Object(Illuminate/Http/Request))
#53 D:/Ngoding/RepoGithub/fiber-manager-G/vendor/laravel/framework/src/Illuminate/Foundation/Http/Kernel.php(175): Illuminate/Pipeline/Pipeline->then(Object(Closure))
#54 D:/Ngoding/RepoGithub/fiber-manager-G/vendor/laravel/framework/src/Illuminate/Foundation/Http/Kernel.php(144): Illuminate/Foundation/Http/Kernel->sendRequestThroughRouter(Object(Illuminate/Http/Request))
#55 D:/Ngoding/RepoGithub/fiber-manager-G/vendor/laravel/framework/src/Illuminate/Foundation/Testing/Concerns/MakesHttpRequests.php(638): Illuminate/Foundation/Http/Kernel->handle(Object(Illuminate/Http/Request))
#56 D:/Ngoding/RepoGithub/fiber-manager-G/vendor/laravel/framework/src/Illuminate/Foundation/Testing/Concerns/MakesHttpRequests.php(604): Illuminate/Foundation/Testing/TestCase->call('POST', '/api/auth.php?a...', Array, Array, Array, Array, '{\"username\":\"no...')
#57 D:/Ngoding/RepoGithub/fiber-manager-G/vendor/laravel/framework/src/Illuminate/Foundation/Testing/Concerns/MakesHttpRequests.php(411): Illuminate/Foundation/Testing/TestCase->json('POST', '/api/auth.php?a...', Array, Array, 0)
#58 D:/Ngoding/RepoGithub/fiber-manager-G/tests/Feature/AuthTest.php(32): Illuminate/Foundation/Testing/TestCase->postJson('/api/auth.php?a...', Array)
#59 D:/Ngoding/RepoGithub/fiber-manager-G/vendor/phpunit/phpunit/src/Framework/TestCase.php(1318): Tests/Feature/AuthTest->test_login_fails_with_invalid_credentials()
#60 D:/Ngoding/RepoGithub/fiber-manager-G/vendor/phpunit/phpunit/src/Framework/TestCase.php(1355): PHPUnit/Framework/TestCase->invokeTestMethod('test_login_fail...', Array)
#61 D:/Ngoding/RepoGithub/fiber-manager-G/vendor/phpunit/phpunit/src/Framework/TestCase.php(521): PHPUnit/Framework/TestCase->runTest()
#62 D:/Ngoding/RepoGithub/fiber-manager-G/vendor/phpunit/phpunit/src/Framework/TestRunner/TestRunner.php(99): PHPUnit/Framework/TestCase->runBare()
#63 D:/Ngoding/RepoGithub/fiber-manager-G/vendor/phpunit/phpunit/src/Framework/TestCase.php(361): PHPUnit/Framework/TestRunner->run(Object(Tests/Feature/AuthTest))
#64 D:/Ngoding/RepoGithub/fiber-manager-G/vendor/phpunit/phpunit/src/Framework/TestSuite.php(374): PHPUnit/Framework/TestCase->run()
#65 D:/Ngoding/RepoGithub/fiber-manager-G/vendor/phpunit/phpunit/src/TextUI/TestRunner.php(64): PHPUnit/Framework/TestSuite->run()
#66 D:/Ngoding/RepoGithub/fiber-manager-G/vendor/phpunit/phpunit/src/TextUI/Application.php(229): PHPUnit/TextUI/TestRunner->run(Object(PHPUnit/TextUI/Configuration/Configuration), Object(PHPUnit/Runner/ResultCache/DefaultResultCache), Object(PHPUnit/Framework/TestSuite))
#67 D:/Ngoding/RepoGithub/fiber-manager-G/vendor/phpunit/phpunit/phpunit(104): PHPUnit/TextUI/Application->run(Array)
#68 {main}

[previous exception] [object] (PDOException(code: HY000): SQLSTATE[HY000]: General error: 1 no such table: users at D:/Ngoding/RepoGithub/fiber-manager-G/vendor/laravel/framework/src/Illuminate/Database/Connection.php:435)
[stacktrace]
#0 D:/Ngoding/RepoGithub/fiber-manager-G/vendor/laravel/framework/src/Illuminate/Database/Connection.php(435): PDO->prepare('select * from \"...')
#1 D:/Ngoding/RepoGithub/fiber-manager-G/vendor/laravel/framework/src/Illuminate/Database/Connection.php(846): Illuminate/Database/Connection->Illuminate/Database/{closure}('select * from \"...', Array)
#2 D:/Ngoding/RepoGithub/fiber-manager-G/vendor/laravel/framework/src/Illuminate/Database/Connection.php(813): Illuminate/Database/Connection->runQueryCallback('select * from \"...', Array, Object(Closure))
#3 D:/Ngoding/RepoGithub/fiber-manager-G/vendor/laravel/framework/src/Illuminate/Database/Connection.php(426): Illuminate/Database/Connection->run('select * from \"...', Array, Object(Closure))
#4 D:/Ngoding/RepoGithub/fiber-manager-G/vendor/laravel/framework/src/Illuminate/Database/Query/Builder.php(3574): Illuminate/Database/Connection->select('select * from \"...', Array, true, Array)
#5 D:/Ngoding/RepoGithub/fiber-manager-G/vendor/laravel/framework/src/Illuminate/Database/Query/Builder.php(3558): Illuminate/Database/Query/Builder->runSelect()
#6 D:/Ngoding/RepoGithub/fiber-manager-G/vendor/laravel/framework/src/Illuminate/Database/Eloquent/Builder.php(908): Illuminate/Database/Query/Builder->get(Array)
#7 D:/Ngoding/RepoGithub/fiber-manager-G/vendor/laravel/framework/src/Illuminate/Database/Eloquent/Builder.php(890): Illuminate/Database/Eloquent/Builder->getModels(Array)
#8 D:/Ngoding/RepoGithub/fiber-manager-G/vendor/laravel/framework/src/Illuminate/Database/Concerns/BuildsQueries.php(366): Illuminate/Database/Eloquent/Builder->get(Array)
#9 D:/Ngoding/RepoGithub/fiber-manager-G/app/Http/Controllers/AuthController.php(48): Illuminate/Database/Eloquent/Builder->first()
#10 D:/Ngoding/RepoGithub/fiber-manager-G/app/Http/Controllers/AuthController.php(19): App/Http/Controllers/AuthController->login(Object(Illuminate/Http/Request))
#11 D:/Ngoding/RepoGithub/fiber-manager-G/vendor/laravel/framework/src/Illuminate/Routing/ControllerDispatcher.php(46): App/Http/Controllers/AuthController->handle(Object(Illuminate/Http/Request))
#12 D:/Ngoding/RepoGithub/fiber-manager-G/vendor/laravel/framework/src/Illuminate/Routing/Route.php(276): Illuminate/Routing/ControllerDispatcher->dispatch(Object(Illuminate/Routing/Route), Object(App/Http/Controllers/AuthController), 'handle')
#13 D:/Ngoding/RepoGithub/fiber-manager-G/vendor/laravel/framework/src/Illuminate/Routing/Route.php(216): Illuminate/Routing/Route->runController()
#14 D:/Ngoding/RepoGithub/fiber-manager-G/vendor/laravel/framework/src/Illuminate/Routing/Router.php(822): Illuminate/Routing/Route->run()
#15 D:/Ngoding/RepoGithub/fiber-manager-G/vendor/laravel/framework/src/Illuminate/Pipeline/Pipeline.php(180): Illuminate/Routing/Router->Illuminate/Routing/{closure}(Object(Illuminate/Http/Request))
#16 D:/Ngoding/RepoGithub/fiber-manager-G/vendor/laravel/framework/src/Illuminate/Routing/Middleware/SubstituteBindings.php(52): Illuminate/Pipeline/Pipeline->Illuminate/Pipeline/{closure}(Object(Illuminate/Http/Request))
#17 D:/Ngoding/RepoGithub/fiber-manager-G/vendor/laravel/framework/src/Illuminate/Pipeline/Pipeline.php(219): Illuminate/Routing/Middleware/SubstituteBindings->handle(Object(Illuminate/Http/Request), Object(Closure))
#18 D:/Ngoding/RepoGithub/fiber-manager-G/vendor/laravel/framework/src/Illuminate/Foundation/Http/Middleware/PreventRequestForgery.php(104): Illuminate/Pipeline/Pipeline->Illuminate/Pipeline/{closure}(Object(Illuminate/Http/Request))
#19 D:/Ngoding/RepoGithub/fiber-manager-G/vendor/laravel/framework/src/Illuminate/Pipeline/Pipeline.php(219): Illuminate/Foundation/Http/Middleware/PreventRequestForgery->handle(Object(Illuminate/Http/Request), Object(Closure))
#20 D:/Ngoding/RepoGithub/fiber-manager-G/vendor/laravel/framework/src/Illuminate/View/Middleware/ShareErrorsFromSession.php(48): Illuminate/Pipeline/Pipeline->Illuminate/Pipeline/{closure}(Object(Illuminate/Http/Request))
#21 D:/Ngoding/RepoGithub/fiber-manager-G/vendor/laravel/framework/src/Illuminate/Pipeline/Pipeline.php(219): Illuminate/View/Middleware/ShareErrorsFromSession->handle(Object(Illuminate/Http/Request), Object(Closure))
#22 D:/Ngoding/RepoGithub/fiber-manager-G/vendor/laravel/framework/src/Illuminate/Session/Middleware/StartSession.php(120): Illuminate/Pipeline/Pipeline->Illuminate/Pipeline/{closure}(Object(Illuminate/Http/Request))
#23 D:/Ngoding/RepoGithub/fiber-manager-G/vendor/laravel/framework/src/Illuminate/Session/Middleware/StartSession.php(63): Illuminate/Session/Middleware/StartSession->handleStatefulRequest(Object(Illuminate/Http/Request), Object(Illuminate/Session/Store), Object(Closure))
#24 D:/Ngoding/RepoGithub/fiber-manager-G/vendor/laravel/framework/src/Illuminate/Pipeline/Pipeline.php(219): Illuminate/Session/Middleware/StartSession->handle(Object(Illuminate/Http/Request), Object(Closure))
#25 D:/Ngoding/RepoGithub/fiber-manager-G/vendor/laravel/framework/src/Illuminate/Cookie/Middleware/AddQueuedCookiesToResponse.php(36): Illuminate/Pipeline/Pipeline->Illuminate/Pipeline/{closure}(Object(Illuminate/Http/Request))
#26 D:/Ngoding/RepoGithub/fiber-manager-G/vendor/laravel/framework/src/Illuminate/Pipeline/Pipeline.php(219): Illuminate/Cookie/Middleware/AddQueuedCookiesToResponse->handle(Object(Illuminate/Http/Request), Object(Closure))
#27 D:/Ngoding/RepoGithub/fiber-manager-G/vendor/laravel/framework/src/Illuminate/Cookie/Middleware/EncryptCookies.php(74): Illuminate/Pipeline/Pipeline->Illuminate/Pipeline/{closure}(Object(Illuminate/Http/Request))
#28 D:/Ngoding/RepoGithub/fiber-manager-G/vendor/laravel/framework/src/Illuminate/Pipeline/Pipeline.php(219): Illuminate/Cookie/Middleware/EncryptCookies->handle(Object(Illuminate/Http/Request), Object(Closure))
#29 D:/Ngoding/RepoGithub/fiber-manager-G/vendor/laravel/framework/src/Illuminate/Pipeline/Pipeline.php(137): Illuminate/Pipeline/Pipeline->Illuminate/Pipeline/{closure}(Object(Illuminate/Http/Request))
#30 D:/Ngoding/RepoGithub/fiber-manager-G/vendor/laravel/framework/src/Illuminate/Routing/Router.php(821): Illuminate/Pipeline/Pipeline->then(Object(Closure))
#31 D:/Ngoding/RepoGithub/fiber-manager-G/vendor/laravel/framework/src/Illuminate/Routing/Router.php(800): Illuminate/Routing/Router->runRouteWithinStack(Object(Illuminate/Routing/Route), Object(Illuminate/Http/Request))
#32 D:/Ngoding/RepoGithub/fiber-manager-G/vendor/laravel/framework/src/Illuminate/Routing/Router.php(764): Illuminate/Routing/Router->runRoute(Object(Illuminate/Http/Request), Object(Illuminate/Routing/Route))
#33 D:/Ngoding/RepoGithub/fiber-manager-G/vendor/laravel/framework/src/Illuminate/Routing/Router.php(753): Illuminate/Routing/Router->dispatchToRoute(Object(Illuminate/Http/Request))
#34 D:/Ngoding/RepoGithub/fiber-manager-G/vendor/laravel/framework/src/Illuminate/Foundation/Http/Kernel.php(200): Illuminate/Routing/Router->dispatch(Object(Illuminate/Http/Request))
#35 D:/Ngoding/RepoGithub/fiber-manager-G/vendor/laravel/framework/src/Illuminate/Pipeline/Pipeline.php(180): Illuminate/Foundation/Http/Kernel->Illuminate/Foundation/Http/{closure}(Object(Illuminate/Http/Request))
#36 D:/Ngoding/RepoGithub/fiber-manager-G/vendor/laravel/framework/src/Illuminate/Foundation/Http/Middleware/TransformsRequest.php(21): Illuminate/Pipeline/Pipeline->Illuminate/Pipeline/{closure}(Object(Illuminate/Http/Request))
#37 D:/Ngoding/RepoGithub/fiber-manager-G/vendor/laravel/framework/src/Illuminate/Foundation/Http/Middleware/ConvertEmptyStringsToNull.php(31): Illuminate/Foundation/Http/Middleware/TransformsRequest->handle(Object(Illuminate/Http/Request), Object(Closure))
#38 D:/Ngoding/RepoGithub/fiber-manager-G/vendor/laravel/framework/src/Illuminate/Pipeline/Pipeline.php(219): Illuminate/Foundation/Http/Middleware/ConvertEmptyStringsToNull->handle(Object(Illuminate/Http/Request), Object(Closure))
#39 D:/Ngoding/RepoGithub/fiber-manager-G/vendor/laravel/framework/src/Illuminate/Foundation/Http/Middleware/TransformsRequest.php(21): Illuminate/Pipeline/Pipeline->Illuminate/Pipeline/{closure}(Object(Illuminate/Http/Request))
#40 D:/Ngoding/RepoGithub/fiber-manager-G/vendor/laravel/framework/src/Illuminate/Foundation/Http/Middleware/TrimStrings.php(51): Illuminate/Foundation/Http/Middleware/TransformsRequest->handle(Object(Illuminate/Http/Request), Object(Closure))
#41 D:/Ngoding/RepoGithub/fiber-manager-G/vendor/laravel/framework/src/Illuminate/Pipeline/Pipeline.php(219): Illuminate/Foundation/Http/Middleware/TrimStrings->handle(Object(Illuminate/Http/Request), Object(Closure))
#42 D:/Ngoding/RepoGithub/fiber-manager-G/vendor/laravel/framework/src/Illuminate/Http/Middleware/ValidatePostSize.php(27): Illuminate/Pipeline/Pipeline->Illuminate/Pipeline/{closure}(Object(Illuminate/Http/Request))
#43 D:/Ngoding/RepoGithub/fiber-manager-G/vendor/laravel/framework/src/Illuminate/Pipeline/Pipeline.php(219): Illuminate/Http/Middleware/ValidatePostSize->handle(Object(Illuminate/Http/Request), Object(Closure))
#44 D:/Ngoding/RepoGithub/fiber-manager-G/vendor/laravel/framework/src/Illuminate/Foundation/Http/Middleware/PreventRequestsDuringMaintenance.php(109): Illuminate/Pipeline/Pipeline->Illuminate/Pipeline/{closure}(Object(Illuminate/Http/Request))
#45 D:/Ngoding/RepoGithub/fiber-manager-G/vendor/laravel/framework/src/Illuminate/Pipeline/Pipeline.php(219): Illuminate/Foundation/Http/Middleware/PreventRequestsDuringMaintenance->handle(Object(Illuminate/Http/Request), Object(Closure))
#46 D:/Ngoding/RepoGithub/fiber-manager-G/vendor/laravel/framework/src/Illuminate/Http/Middleware/HandleCors.php(74): Illuminate/Pipeline/Pipeline->Illuminate/Pipeline/{closure}(Object(Illuminate/Http/Request))
#47 D:/Ngoding/RepoGithub/fiber-manager-G/vendor/laravel/framework/src/Illuminate/Pipeline/Pipeline.php(219): Illuminate/Http/Middleware/HandleCors->handle(Object(Illuminate/Http/Request), Object(Closure))
#48 D:/Ngoding/RepoGithub/fiber-manager-G/vendor/laravel/framework/src/Illuminate/Http/Middleware/TrustProxies.php(58): Illuminate/Pipeline/Pipeline->Illuminate/Pipeline/{closure}(Object(Illuminate/Http/Request))
#49 D:/Ngoding/RepoGithub/fiber-manager-G/vendor/laravel/framework/src/Illuminate/Pipeline/Pipeline.php(219): Illuminate/Http/Middleware/TrustProxies->handle(Object(Illuminate/Http/Request), Object(Closure))
#50 D:/Ngoding/RepoGithub/fiber-manager-G/vendor/laravel/framework/src/Illuminate/Foundation/Http/Middleware/InvokeDeferredCallbacks.php(22): Illuminate/Pipeline/Pipeline->Illuminate/Pipeline/{closure}(Object(Illuminate/Http/Request))
#51 D:/Ngoding/RepoGithub/fiber-manager-G/vendor/laravel/framework/src/Illuminate/Pipeline/Pipeline.php(219): Illuminate/Foundation/Http/Middleware/InvokeDeferredCallbacks->handle(Object(Illuminate/Http/Request), Object(Closure))
#52 D:/Ngoding/RepoGithub/fiber-manager-G/vendor/laravel/framework/src/Illuminate/Http/Middleware/ValidatePathEncoding.php(28): Illuminate/Pipeline/Pipeline->Illuminate/Pipeline/{closure}(Object(Illuminate/Http/Request))
#53 D:/Ngoding/RepoGithub/fiber-manager-G/vendor/laravel/framework/src/Illuminate/Pipeline/Pipeline.php(219): Illuminate/Http/Middleware/ValidatePathEncoding->handle(Object(Illuminate/Http/Request), Object(Closure))
#54 D:/Ngoding/RepoGithub/fiber-manager-G/vendor/laravel/framework/src/Illuminate/Pipeline/Pipeline.php(137): Illuminate/Pipeline/Pipeline->Illuminate/Pipeline/{closure}(Object(Illuminate/Http/Request))
#55 D:/Ngoding/RepoGithub/fiber-manager-G/vendor/laravel/framework/src/Illuminate/Foundation/Http/Kernel.php(175): Illuminate/Pipeline/Pipeline->then(Object(Closure))
#56 D:/Ngoding/RepoGithub/fiber-manager-G/vendor/laravel/framework/src/Illuminate/Foundation/Http/Kernel.php(144): Illuminate/Foundation/Http/Kernel->sendRequestThroughRouter(Object(Illuminate/Http/Request))
#57 D:/Ngoding/RepoGithub/fiber-manager-G/vendor/laravel/framework/src/Illuminate/Foundation/Testing/Concerns/MakesHttpRequests.php(638): Illuminate/Foundation/Http/Kernel->handle(Object(Illuminate/Http/Request))
#58 D:/Ngoding/RepoGithub/fiber-manager-G/vendor/laravel/framework/src/Illuminate/Foundation/Testing/Concerns/MakesHttpRequests.php(604): Illuminate/Foundation/Testing/TestCase->call('POST', '/api/auth.php?a...', Array, Array, Array, Array, '{\"username\":\"no...')
#59 D:/Ngoding/RepoGithub/fiber-manager-G/vendor/laravel/framework/src/Illuminate/Foundation/Testing/Concerns/MakesHttpRequests.php(411): Illuminate/Foundation/Testing/TestCase->json('POST', '/api/auth.php?a...', Array, Array, 0)
#60 D:/Ngoding/RepoGithub/fiber-manager-G/tests/Feature/AuthTest.php(32): Illuminate/Foundation/Testing/TestCase->postJson('/api/auth.php?a...', Array)
#61 D:/Ngoding/RepoGithub/fiber-manager-G/vendor/phpunit/phpunit/src/Framework/TestCase.php(1318): Tests/Feature/AuthTest->test_login_fails_with_invalid_credentials()
#62 D:/Ngoding/RepoGithub/fiber-manager-G/vendor/phpunit/phpunit/src/Framework/TestCase.php(1355): PHPUnit/Framework/TestCase->invokeTestMethod('test_login_fail...', Array)
#63 D:/Ngoding/RepoGithub/fiber-manager-G/vendor/phpunit/phpunit/src/Framework/TestCase.php(521): PHPUnit/Framework/TestCase->runTest()
#64 D:/Ngoding/RepoGithub/fiber-manager-G/vendor/phpunit/phpunit/src/Framework/TestRunner/TestRunner.php(99): PHPUnit/Framework/TestCase->runBare()
#65 D:/Ngoding/RepoGithub/fiber-manager-G/vendor/phpunit/phpunit/src/Framework/TestCase.php(361): PHPUnit/Framework/TestRunner->run(Object(Tests/Feature/AuthTest))
#66 D:/Ngoding/RepoGithub/fiber-manager-G/vendor/phpunit/phpunit/src/Framework/TestSuite.php(374): PHPUnit/Framework/TestCase->run()
#67 D:/Ngoding/RepoGithub/fiber-manager-G/vendor/phpunit/phpunit/src/TextUI/TestRunner.php(64): PHPUnit/Framework/TestSuite->run()
#68 D:/Ngoding/RepoGithub/fiber-manager-G/vendor/phpunit/phpunit/src/TextUI/Application.php(229): PHPUnit/TextUI/TestRunner->run(Object(PHPUnit/TextUI/Configuration/Configuration), Object(PHPUnit/Runner/ResultCache/DefaultResultCache), Object(PHPUnit/Framework/TestSuite))
#69 D:/Ngoding/RepoGithub/fiber-manager-G/vendor/phpunit/phpunit/phpunit(104): PHPUnit/TextUI/Application->run(Array)
#70 {main}
"} 
[2026-07-28 06:16:17] testing.ERROR: SQLSTATE[HY000]: General error: 1 table login_logs has no column named updated_at (Connection: sqlite, Database: :memory:, SQL: insert into "login_logs" ("user_id", "ip_address", "user_agent", "status", "updated_at", "created_at") values (1, 127.0.0.1, Symfony, success, 2026-07-28 06:16:17, 2026-07-28 06:16:17)) {"userId":1,"exception":"[object] (Illuminate\\Database\\QueryException(code: HY000): SQLSTATE[HY000]: General error: 1 table login_logs has no column named updated_at (Connection: sqlite, Database: :memory:, SQL: insert into \"login_logs\" (\"user_id\", \"ip_address\", \"user_agent\", \"status\", \"updated_at\", \"created_at\") values (1, 127.0.0.1, Symfony, success, 2026-07-28 06:16:17, 2026-07-28 06:16:17)) at D:/Ngoding/RepoGithub/fiber-manager-G/vendor/laravel/framework/src/Illuminate/Database/Connection.php:857)
[stacktrace]
#0 D:/Ngoding/RepoGithub/fiber-manager-G/vendor/laravel/framework/src/Illuminate/Database/Connection.php(813): Illuminate/Database/Connection->runQueryCallback('insert into \"lo...', Array, Object(Closure))
#1 D:/Ngoding/RepoGithub/fiber-manager-G/vendor/laravel/framework/src/Illuminate/Database/Connection.php(590): Illuminate/Database/Connection->run('insert into \"lo...', Array, Object(Closure))
#2 D:/Ngoding/RepoGithub/fiber-manager-G/vendor/laravel/framework/src/Illuminate/Database/Connection.php(554): Illuminate/Database/Connection->statement('insert into \"lo...', Array)
#3 D:/Ngoding/RepoGithub/fiber-manager-G/vendor/laravel/framework/src/Illuminate/Database/Query/Processors/Processor.php(32): Illuminate/Database/Connection->insert('insert into \"lo...', Array)
#4 D:/Ngoding/RepoGithub/fiber-manager-G/vendor/laravel/framework/src/Illuminate/Database/Query/Builder.php(4258): Illuminate/Database/Query/Processors/Processor->processInsertGetId(Object(Illuminate/Database/Query/Builder), 'insert into \"lo...', Array, 'id')
#5 D:/Ngoding/RepoGithub/fiber-manager-G/vendor/laravel/framework/src/Illuminate/Database/Eloquent/Builder.php(2271): Illuminate/Database/Query/Builder->insertGetId(Array, 'id')
#6 D:/Ngoding/RepoGithub/fiber-manager-G/vendor/laravel/framework/src/Illuminate/Database/Eloquent/Model.php(1685): Illuminate/Database/Eloquent/Builder->__call('insertGetId', Array)
#7 D:/Ngoding/RepoGithub/fiber-manager-G/vendor/laravel/framework/src/Illuminate/Database/Eloquent/Model.php(1601): Illuminate/Database/Eloquent/Model->insertAndSetId(Object(Illuminate/Database/Eloquent/Builder), Array)
#8 D:/Ngoding/RepoGithub/fiber-manager-G/vendor/laravel/framework/src/Illuminate/Database/Eloquent/Model.php(1405): Illuminate/Database/Eloquent/Model->performInsert(Object(Illuminate/Database/Eloquent/Builder))
#9 D:/Ngoding/RepoGithub/fiber-manager-G/vendor/laravel/framework/src/Illuminate/Database/Eloquent/Builder.php(1225): Illuminate/Database/Eloquent/Model->save()
#10 D:/Ngoding/RepoGithub/fiber-manager-G/vendor/laravel/framework/src/Illuminate/Support/helpers.php(393): Illuminate/Database/Eloquent/Builder->Illuminate/Database/Eloquent/{closure}(Object(App/Models/LoginLog))
#11 D:/Ngoding/RepoGithub/fiber-manager-G/vendor/laravel/framework/src/Illuminate/Database/Eloquent/Builder.php(1224): tap(Object(App/Models/LoginLog), Object(Closure))
#12 D:/Ngoding/RepoGithub/fiber-manager-G/vendor/laravel/framework/src/Illuminate/Support/Traits/ForwardsCalls.php(23): Illuminate/Database/Eloquent/Builder->create(Array)
#13 D:/Ngoding/RepoGithub/fiber-manager-G/vendor/laravel/framework/src/Illuminate/Database/Eloquent/Model.php(2842): Illuminate/Database/Eloquent/Model->forwardCallTo(Object(Illuminate/Database/Eloquent/Builder), 'create', Array)
#14 D:/Ngoding/RepoGithub/fiber-manager-G/vendor/laravel/framework/src/Illuminate/Database/Eloquent/Model.php(2858): Illuminate/Database/Eloquent/Model->__call('create', Array)
#15 D:/Ngoding/RepoGithub/fiber-manager-G/app/Http/Controllers/AuthController.php(57): Illuminate/Database/Eloquent/Model::__callStatic('create', Array)
#16 D:/Ngoding/RepoGithub/fiber-manager-G/app/Http/Controllers/AuthController.php(19): App/Http/Controllers/AuthController->login(Object(Illuminate/Http/Request))
#17 D:/Ngoding/RepoGithub/fiber-manager-G/vendor/laravel/framework/src/Illuminate/Routing/ControllerDispatcher.php(46): App/Http/Controllers/AuthController->handle(Object(Illuminate/Http/Request))
#18 D:/Ngoding/RepoGithub/fiber-manager-G/vendor/laravel/framework/src/Illuminate/Routing/Route.php(276): Illuminate/Routing/ControllerDispatcher->dispatch(Object(Illuminate/Routing/Route), Object(App/Http/Controllers/AuthController), 'handle')
#19 D:/Ngoding/RepoGithub/fiber-manager-G/vendor/laravel/framework/src/Illuminate/Routing/Route.php(216): Illuminate/Routing/Route->runController()
#20 D:/Ngoding/RepoGithub/fiber-manager-G/vendor/laravel/framework/src/Illuminate/Routing/Router.php(822): Illuminate/Routing/Route->run()
#21 D:/Ngoding/RepoGithub/fiber-manager-G/vendor/laravel/framework/src/Illuminate/Pipeline/Pipeline.php(180): Illuminate/Routing/Router->Illuminate/Routing/{closure}(Object(Illuminate/Http/Request))
#22 D:/Ngoding/RepoGithub/fiber-manager-G/vendor/laravel/framework/src/Illuminate/Routing/Middleware/SubstituteBindings.php(52): Illuminate/Pipeline/Pipeline->Illuminate/Pipeline/{closure}(Object(Illuminate/Http/Request))
#23 D:/Ngoding/RepoGithub/fiber-manager-G/vendor/laravel/framework/src/Illuminate/Pipeline/Pipeline.php(219): Illuminate/Routing/Middleware/SubstituteBindings->handle(Object(Illuminate/Http/Request), Object(Closure))
#24 D:/Ngoding/RepoGithub/fiber-manager-G/vendor/laravel/framework/src/Illuminate/Foundation/Http/Middleware/PreventRequestForgery.php(104): Illuminate/Pipeline/Pipeline->Illuminate/Pipeline/{closure}(Object(Illuminate/Http/Request))
#25 D:/Ngoding/RepoGithub/fiber-manager-G/vendor/laravel/framework/src/Illuminate/Pipeline/Pipeline.php(219): Illuminate/Foundation/Http/Middleware/PreventRequestForgery->handle(Object(Illuminate/Http/Request), Object(Closure))
#26 D:/Ngoding/RepoGithub/fiber-manager-G/vendor/laravel/framework/src/Illuminate/View/Middleware/ShareErrorsFromSession.php(48): Illuminate/Pipeline/Pipeline->Illuminate/Pipeline/{closure}(Object(Illuminate/Http/Request))
#27 D:/Ngoding/RepoGithub/fiber-manager-G/vendor/laravel/framework/src/Illuminate/Pipeline/Pipeline.php(219): Illuminate/View/Middleware/ShareErrorsFromSession->handle(Object(Illuminate/Http/Request), Object(Closure))
#28 D:/Ngoding/RepoGithub/fiber-manager-G/vendor/laravel/framework/src/Illuminate/Session/Middleware/StartSession.php(120): Illuminate/Pipeline/Pipeline->Illuminate/Pipeline/{closure}(Object(Illuminate/Http/Request))
#29 D:/Ngoding/RepoGithub/fiber-manager-G/vendor/laravel/framework/src/Illuminate/Session/Middleware/StartSession.php(63): Illuminate/Session/Middleware/StartSession->handleStatefulRequest(Object(Illuminate/Http/Request), Object(Illuminate/Session/Store), Object(Closure))
#30 D:/Ngoding/RepoGithub/fiber-manager-G/vendor/laravel/framework/src/Illuminate/Pipeline/Pipeline.php(219): Illuminate/Session/Middleware/StartSession->handle(Object(Illuminate/Http/Request), Object(Closure))
#31 D:/Ngoding/RepoGithub/fiber-manager-G/vendor/laravel/framework/src/Illuminate/Cookie/Middleware/AddQueuedCookiesToResponse.php(36): Illuminate/Pipeline/Pipeline->Illuminate/Pipeline/{closure}(Object(Illuminate/Http/Request))
#32 D:/Ngoding/RepoGithub/fiber-manager-G/vendor/laravel/framework/src/Illuminate/Pipeline/Pipeline.php(219): Illuminate/Cookie/Middleware/AddQueuedCookiesToResponse->handle(Object(Illuminate/Http/Request), Object(Closure))
#33 D:/Ngoding/RepoGithub/fiber-manager-G/vendor/laravel/framework/src/Illuminate/Cookie/Middleware/EncryptCookies.php(74): Illuminate/Pipeline/Pipeline->Illuminate/Pipeline/{closure}(Object(Illuminate/Http/Request))
#34 D:/Ngoding/RepoGithub/fiber-manager-G/vendor/laravel/framework/src/Illuminate/Pipeline/Pipeline.php(219): Illuminate/Cookie/Middleware/EncryptCookies->handle(Object(Illuminate/Http/Request), Object(Closure))
#35 D:/Ngoding/RepoGithub/fiber-manager-G/vendor/laravel/framework/src/Illuminate/Pipeline/Pipeline.php(137): Illuminate/Pipeline/Pipeline->Illuminate/Pipeline/{closure}(Object(Illuminate/Http/Request))
#36 D:/Ngoding/RepoGithub/fiber-manager-G/vendor/laravel/framework/src/Illuminate/Routing/Router.php(821): Illuminate/Pipeline/Pipeline->then(Object(Closure))
#37 D:/Ngoding/RepoGithub/fiber-manager-G/vendor/laravel/framework/src/Illuminate/Routing/Router.php(800): Illuminate/Routing/Router->runRouteWithinStack(Object(Illuminate/Routing/Route), Object(Illuminate/Http/Request))
#38 D:/Ngoding/RepoGithub/fiber-manager-G/vendor/laravel/framework/src/Illuminate/Routing/Router.php(764): Illuminate/Routing/Router->runRoute(Object(Illuminate/Http/Request), Object(Illuminate/Routing/Route))
#39 D:/Ngoding/RepoGithub/fiber-manager-G/vendor/laravel/framework/src/Illuminate/Routing/Router.php(753): Illuminate/Routing/Router->dispatchToRoute(Object(Illuminate/Http/Request))
#40 D:/Ngoding/RepoGithub/fiber-manager-G/vendor/laravel/framework/src/Illuminate/Foundation/Http/Kernel.php(200): Illuminate/Routing/Router->dispatch(Object(Illuminate/Http/Request))
#41 D:/Ngoding/RepoGithub/fiber-manager-G/vendor/laravel/framework/src/Illuminate/Pipeline/Pipeline.php(180): Illuminate/Foundation/Http/Kernel->Illuminate/Foundation/Http/{closure}(Object(Illuminate/Http/Request))
#42 D:/Ngoding/RepoGithub/fiber-manager-G/vendor/laravel/framework/src/Illuminate/Foundation/Http/Middleware/TransformsRequest.php(21): Illuminate/Pipeline/Pipeline->Illuminate/Pipeline/{closure}(Object(Illuminate/Http/Request))
#43 D:/Ngoding/RepoGithub/fiber-manager-G/vendor/laravel/framework/src/Illuminate/Foundation/Http/Middleware/ConvertEmptyStringsToNull.php(31): Illuminate/Foundation/Http/Middleware/TransformsRequest->handle(Object(Illuminate/Http/Request), Object(Closure))
#44 D:/Ngoding/RepoGithub/fiber-manager-G/vendor/laravel/framework/src/Illuminate/Pipeline/Pipeline.php(219): Illuminate/Foundation/Http/Middleware/ConvertEmptyStringsToNull->handle(Object(Illuminate/Http/Request), Object(Closure))
#45 D:/Ngoding/RepoGithub/fiber-manager-G/vendor/laravel/framework/src/Illuminate/Foundation/Http/Middleware/TransformsRequest.php(21): Illuminate/Pipeline/Pipeline->Illuminate/Pipeline/{closure}(Object(Illuminate/Http/Request))
#46 D:/Ngoding/RepoGithub/fiber-manager-G/vendor/laravel/framework/src/Illuminate/Foundation/Http/Middleware/TrimStrings.php(51): Illuminate/Foundation/Http/Middleware/TransformsRequest->handle(Object(Illuminate/Http/Request), Object(Closure))
#47 D:/Ngoding/RepoGithub/fiber-manager-G/vendor/laravel/framework/src/Illuminate/Pipeline/Pipeline.php(219): Illuminate/Foundation/Http/Middleware/TrimStrings->handle(Object(Illuminate/Http/Request), Object(Closure))
#48 D:/Ngoding/RepoGithub/fiber-manager-G/vendor/laravel/framework/src/Illuminate/Http/Middleware/ValidatePostSize.php(27): Illuminate/Pipeline/Pipeline->Illuminate/Pipeline/{closure}(Object(Illuminate/Http/Request))
#49 D:/Ngoding/RepoGithub/fiber-manager-G/vendor/laravel/framework/src/Illuminate/Pipeline/Pipeline.php(219): Illuminate/Http/Middleware/ValidatePostSize->handle(Object(Illuminate/Http/Request), Object(Closure))
#50 D:/Ngoding/RepoGithub/fiber-manager-G/vendor/laravel/framework/src/Illuminate/Foundation/Http/Middleware/PreventRequestsDuringMaintenance.php(109): Illuminate/Pipeline/Pipeline->Illuminate/Pipeline/{closure}(Object(Illuminate/Http/Request))
#51 D:/Ngoding/RepoGithub/fiber-manager-G/vendor/laravel/framework/src/Illuminate/Pipeline/Pipeline.php(219): Illuminate/Foundation/Http/Middleware/PreventRequestsDuringMaintenance->handle(Object(Illuminate/Http/Request), Object(Closure))
#52 D:/Ngoding/RepoGithub/fiber-manager-G/vendor/laravel/framework/src/Illuminate/Http/Middleware/HandleCors.php(74): Illuminate/Pipeline/Pipeline->Illuminate/Pipeline/{closure}(Object(Illuminate/Http/Request))
#53 D:/Ngoding/RepoGithub/fiber-manager-G/vendor/laravel/framework/src/Illuminate/Pipeline/Pipeline.php(219): Illuminate/Http/Middleware/HandleCors->handle(Object(Illuminate/Http/Request), Object(Closure))
#54 D:/Ngoding/RepoGithub/fiber-manager-G/vendor/laravel/framework/src/Illuminate/Http/Middleware/TrustProxies.php(58): Illuminate/Pipeline/Pipeline->Illuminate/Pipeline/{closure}(Object(Illuminate/Http/Request))
#55 D:/Ngoding/RepoGithub/fiber-manager-G/vendor/laravel/framework/src/Illuminate/Pipeline/Pipeline.php(219): Illuminate/Http/Middleware/TrustProxies->handle(Object(Illuminate/Http/Request), Object(Closure))
#56 D:/Ngoding/RepoGithub/fiber-manager-G/vendor/laravel/framework/src/Illuminate/Foundation/Http/Middleware/InvokeDeferredCallbacks.php(22): Illuminate/Pipeline/Pipeline->Illuminate/Pipeline/{closure}(Object(Illuminate/Http/Request))
#57 D:/Ngoding/RepoGithub/fiber-manager-G/vendor/laravel/framework/src/Illuminate/Pipeline/Pipeline.php(219): Illuminate/Foundation/Http/Middleware/InvokeDeferredCallbacks->handle(Object(Illuminate/Http/Request), Object(Closure))
#58 D:/Ngoding/RepoGithub/fiber-manager-G/vendor/laravel/framework/src/Illuminate/Http/Middleware/ValidatePathEncoding.php(28): Illuminate/Pipeline/Pipeline->Illuminate/Pipeline/{closure}(Object(Illuminate/Http/Request))
#59 D:/Ngoding/RepoGithub/fiber-manager-G/vendor/laravel/framework/src/Illuminate/Pipeline/Pipeline.php(219): Illuminate/Http/Middleware/ValidatePathEncoding->handle(Object(Illuminate/Http/Request), Object(Closure))
#60 D:/Ngoding/RepoGithub/fiber-manager-G/vendor/laravel/framework/src/Illuminate/Pipeline/Pipeline.php(137): Illuminate/Pipeline/Pipeline->Illuminate/Pipeline/{closure}(Object(Illuminate/Http/Request))
#61 D:/Ngoding/RepoGithub/fiber-manager-G/vendor/laravel/framework/src/Illuminate/Foundation/Http/Kernel.php(175): Illuminate/Pipeline/Pipeline->then(Object(Closure))
#62 D:/Ngoding/RepoGithub/fiber-manager-G/vendor/laravel/framework/src/Illuminate/Foundation/Http/Kernel.php(144): Illuminate/Foundation/Http/Kernel->sendRequestThroughRouter(Object(Illuminate/Http/Request))
#63 D:/Ngoding/RepoGithub/fiber-manager-G/vendor/laravel/framework/src/Illuminate/Foundation/Testing/Concerns/MakesHttpRequests.php(638): Illuminate/Foundation/Http/Kernel->handle(Object(Illuminate/Http/Request))
#64 D:/Ngoding/RepoGithub/fiber-manager-G/vendor/laravel/framework/src/Illuminate/Foundation/Testing/Concerns/MakesHttpRequests.php(604): Illuminate/Foundation/Testing/TestCase->call('POST', '/api/auth.php?a...', Array, Array, Array, Array, '{\"username\":\"ad...')
#65 D:/Ngoding/RepoGithub/fiber-manager-G/vendor/laravel/framework/src/Illuminate/Foundation/Testing/Concerns/MakesHttpRequests.php(411): Illuminate/Foundation/Testing/TestCase->json('POST', '/api/auth.php?a...', Array, Array, 0)
#66 D:/Ngoding/RepoGithub/fiber-manager-G/tests/Feature/AuthTest.php(57): Illuminate/Foundation/Testing/TestCase->postJson('/api/auth.php?a...', Array)
#67 D:/Ngoding/RepoGithub/fiber-manager-G/vendor/phpunit/phpunit/src/Framework/TestCase.php(1318): Tests/Feature/AuthTest->test_login_succeeds_with_correct_credentials_and_me_returns_user_info()
#68 D:/Ngoding/RepoGithub/fiber-manager-G/vendor/phpunit/phpunit/src/Framework/TestCase.php(1355): PHPUnit/Framework/TestCase->invokeTestMethod('test_login_succ...', Array)
#69 D:/Ngoding/RepoGithub/fiber-manager-G/vendor/phpunit/phpunit/src/Framework/TestCase.php(521): PHPUnit/Framework/TestCase->runTest()
#70 D:/Ngoding/RepoGithub/fiber-manager-G/vendor/phpunit/phpunit/src/Framework/TestRunner/TestRunner.php(99): PHPUnit/Framework/TestCase->runBare()
#71 D:/Ngoding/RepoGithub/fiber-manager-G/vendor/phpunit/phpunit/src/Framework/TestCase.php(361): PHPUnit/Framework/TestRunner->run(Object(Tests/Feature/AuthTest))
#72 D:/Ngoding/RepoGithub/fiber-manager-G/vendor/phpunit/phpunit/src/Framework/TestSuite.php(374): PHPUnit/Framework/TestCase->run()
#73 D:/Ngoding/RepoGithub/fiber-manager-G/vendor/phpunit/phpunit/src/TextUI/TestRunner.php(64): PHPUnit/Framework/TestSuite->run()
#74 D:/Ngoding/RepoGithub/fiber-manager-G/vendor/phpunit/phpunit/src/TextUI/Application.php(229): PHPUnit/TextUI/TestRunner->run(Object(PHPUnit/TextUI/Configuration/Configuration), Object(PHPUnit/Runner/ResultCache/DefaultResultCache), Object(PHPUnit/Framework/TestSuite))
#75 D:/Ngoding/RepoGithub/fiber-manager-G/vendor/phpunit/phpunit/phpunit(104): PHPUnit/TextUI/Application->run(Array)
#76 {main}

[previous exception] [object] (PDOException(code: HY000): SQLSTATE[HY000]: General error: 1 table login_logs has no column named updated_at at D:/Ngoding/RepoGithub/fiber-manager-G/vendor/laravel/framework/src/Illuminate/Database/Connection.php:595)
[stacktrace]
#0 D:/Ngoding/RepoGithub/fiber-manager-G/vendor/laravel/framework/src/Illuminate/Database/Connection.php(595): PDO->prepare('insert into \"lo...')
#1 D:/Ngoding/RepoGithub/fiber-manager-G/vendor/laravel/framework/src/Illuminate/Database/Connection.php(846): Illuminate/Database/Connection->Illuminate/Database/{closure}('insert into \"lo...', Array)
#2 D:/Ngoding/RepoGithub/fiber-manager-G/vendor/laravel/framework/src/Illuminate/Database/Connection.php(813): Illuminate/Database/Connection->runQueryCallback('insert into \"lo...', Array, Object(Closure))
#3 D:/Ngoding/RepoGithub/fiber-manager-G/vendor/laravel/framework/src/Illuminate/Database/Connection.php(590): Illuminate/Database/Connection->run('insert into \"lo...', Array, Object(Closure))
#4 D:/Ngoding/RepoGithub/fiber-manager-G/vendor/laravel/framework/src/Illuminate/Database/Connection.php(554): Illuminate/Database/Connection->statement('insert into \"lo...', Array)
#5 D:/Ngoding/RepoGithub/fiber-manager-G/vendor/laravel/framework/src/Illuminate/Database/Query/Processors/Processor.php(32): Illuminate/Database/Connection->insert('insert into \"lo...', Array)
#6 D:/Ngoding/RepoGithub/fiber-manager-G/vendor/laravel/framework/src/Illuminate/Database/Query/Builder.php(4258): Illuminate/Database/Query/Processors/Processor->processInsertGetId(Object(Illuminate/Database/Query/Builder), 'insert into \"lo...', Array, 'id')
#7 D:/Ngoding/RepoGithub/fiber-manager-G/vendor/laravel/framework/src/Illuminate/Database/Eloquent/Builder.php(2271): Illuminate/Database/Query/Builder->insertGetId(Array, 'id')
#8 D:/Ngoding/RepoGithub/fiber-manager-G/vendor/laravel/framework/src/Illuminate/Database/Eloquent/Model.php(1685): Illuminate/Database/Eloquent/Builder->__call('insertGetId', Array)
#9 D:/Ngoding/RepoGithub/fiber-manager-G/vendor/laravel/framework/src/Illuminate/Database/Eloquent/Model.php(1601): Illuminate/Database/Eloquent/Model->insertAndSetId(Object(Illuminate/Database/Eloquent/Builder), Array)
#10 D:/Ngoding/RepoGithub/fiber-manager-G/vendor/laravel/framework/src/Illuminate/Database/Eloquent/Model.php(1405): Illuminate/Database/Eloquent/Model->performInsert(Object(Illuminate/Database/Eloquent/Builder))
#11 D:/Ngoding/RepoGithub/fiber-manager-G/vendor/laravel/framework/src/Illuminate/Database/Eloquent/Builder.php(1225): Illuminate/Database/Eloquent/Model->save()
#12 D:/Ngoding/RepoGithub/fiber-manager-G/vendor/laravel/framework/src/Illuminate/Support/helpers.php(393): Illuminate/Database/Eloquent/Builder->Illuminate/Database/Eloquent/{closure}(Object(App/Models/LoginLog))
#13 D:/Ngoding/RepoGithub/fiber-manager-G/vendor/laravel/framework/src/Illuminate/Database/Eloquent/Builder.php(1224): tap(Object(App/Models/LoginLog), Object(Closure))
#14 D:/Ngoding/RepoGithub/fiber-manager-G/vendor/laravel/framework/src/Illuminate/Support/Traits/ForwardsCalls.php(23): Illuminate/Database/Eloquent/Builder->create(Array)
#15 D:/Ngoding/RepoGithub/fiber-manager-G/vendor/laravel/framework/src/Illuminate/Database/Eloquent/Model.php(2842): Illuminate/Database/Eloquent/Model->forwardCallTo(Object(Illuminate/Database/Eloquent/Builder), 'create', Array)
#16 D:/Ngoding/RepoGithub/fiber-manager-G/vendor/laravel/framework/src/Illuminate/Database/Eloquent/Model.php(2858): Illuminate/Database/Eloquent/Model->__call('create', Array)
#17 D:/Ngoding/RepoGithub/fiber-manager-G/app/Http/Controllers/AuthController.php(57): Illuminate/Database/Eloquent/Model::__callStatic('create', Array)
#18 D:/Ngoding/RepoGithub/fiber-manager-G/app/Http/Controllers/AuthController.php(19): App/Http/Controllers/AuthController->login(Object(Illuminate/Http/Request))
#19 D:/Ngoding/RepoGithub/fiber-manager-G/vendor/laravel/framework/src/Illuminate/Routing/ControllerDispatcher.php(46): App/Http/Controllers/AuthController->handle(Object(Illuminate/Http/Request))
#20 D:/Ngoding/RepoGithub/fiber-manager-G/vendor/laravel/framework/src/Illuminate/Routing/Route.php(276): Illuminate/Routing/ControllerDispatcher->dispatch(Object(Illuminate/Routing/Route), Object(App/Http/Controllers/AuthController), 'handle')
#21 D:/Ngoding/RepoGithub/fiber-manager-G/vendor/laravel/framework/src/Illuminate/Routing/Route.php(216): Illuminate/Routing/Route->runController()
#22 D:/Ngoding/RepoGithub/fiber-manager-G/vendor/laravel/framework/src/Illuminate/Routing/Router.php(822): Illuminate/Routing/Route->run()
#23 D:/Ngoding/RepoGithub/fiber-manager-G/vendor/laravel/framework/src/Illuminate/Pipeline/Pipeline.php(180): Illuminate/Routing/Router->Illuminate/Routing/{closure}(Object(Illuminate/Http/Request))
#24 D:/Ngoding/RepoGithub/fiber-manager-G/vendor/laravel/framework/src/Illuminate/Routing/Middleware/SubstituteBindings.php(52): Illuminate/Pipeline/Pipeline->Illuminate/Pipeline/{closure}(Object(Illuminate/Http/Request))
#25 D:/Ngoding/RepoGithub/fiber-manager-G/vendor/laravel/framework/src/Illuminate/Pipeline/Pipeline.php(219): Illuminate/Routing/Middleware/SubstituteBindings->handle(Object(Illuminate/Http/Request), Object(Closure))
#26 D:/Ngoding/RepoGithub/fiber-manager-G/vendor/laravel/framework/src/Illuminate/Foundation/Http/Middleware/PreventRequestForgery.php(104): Illuminate/Pipeline/Pipeline->Illuminate/Pipeline/{closure}(Object(Illuminate/Http/Request))
#27 D:/Ngoding/RepoGithub/fiber-manager-G/vendor/laravel/framework/src/Illuminate/Pipeline/Pipeline.php(219): Illuminate/Foundation/Http/Middleware/PreventRequestForgery->handle(Object(Illuminate/Http/Request), Object(Closure))
#28 D:/Ngoding/RepoGithub/fiber-manager-G/vendor/laravel/framework/src/Illuminate/View/Middleware/ShareErrorsFromSession.php(48): Illuminate/Pipeline/Pipeline->Illuminate/Pipeline/{closure}(Object(Illuminate/Http/Request))
#29 D:/Ngoding/RepoGithub/fiber-manager-G/vendor/laravel/framework/src/Illuminate/Pipeline/Pipeline.php(219): Illuminate/View/Middleware/ShareErrorsFromSession->handle(Object(Illuminate/Http/Request), Object(Closure))
#30 D:/Ngoding/RepoGithub/fiber-manager-G/vendor/laravel/framework/src/Illuminate/Session/Middleware/StartSession.php(120): Illuminate/Pipeline/Pipeline->Illuminate/Pipeline/{closure}(Object(Illuminate/Http/Request))
#31 D:/Ngoding/RepoGithub/fiber-manager-G/vendor/laravel/framework/src/Illuminate/Session/Middleware/StartSession.php(63): Illuminate/Session/Middleware/StartSession->handleStatefulRequest(Object(Illuminate/Http/Request), Object(Illuminate/Session/Store), Object(Closure))
#32 D:/Ngoding/RepoGithub/fiber-manager-G/vendor/laravel/framework/src/Illuminate/Pipeline/Pipeline.php(219): Illuminate/Session/Middleware/StartSession->handle(Object(Illuminate/Http/Request), Object(Closure))
#33 D:/Ngoding/RepoGithub/fiber-manager-G/vendor/laravel/framework/src/Illuminate/Cookie/Middleware/AddQueuedCookiesToResponse.php(36): Illuminate/Pipeline/Pipeline->Illuminate/Pipeline/{closure}(Object(Illuminate/Http/Request))
#34 D:/Ngoding/RepoGithub/fiber-manager-G/vendor/laravel/framework/src/Illuminate/Pipeline/Pipeline.php(219): Illuminate/Cookie/Middleware/AddQueuedCookiesToResponse->handle(Object(Illuminate/Http/Request), Object(Closure))
#35 D:/Ngoding/RepoGithub/fiber-manager-G/vendor/laravel/framework/src/Illuminate/Cookie/Middleware/EncryptCookies.php(74): Illuminate/Pipeline/Pipeline->Illuminate/Pipeline/{closure}(Object(Illuminate/Http/Request))
#36 D:/Ngoding/RepoGithub/fiber-manager-G/vendor/laravel/framework/src/Illuminate/Pipeline/Pipeline.php(219): Illuminate/Cookie/Middleware/EncryptCookies->handle(Object(Illuminate/Http/Request), Object(Closure))
#37 D:/Ngoding/RepoGithub/fiber-manager-G/vendor/laravel/framework/src/Illuminate/Pipeline/Pipeline.php(137): Illuminate/Pipeline/Pipeline->Illuminate/Pipeline/{closure}(Object(Illuminate/Http/Request))
#38 D:/Ngoding/RepoGithub/fiber-manager-G/vendor/laravel/framework/src/Illuminate/Routing/Router.php(821): Illuminate/Pipeline/Pipeline->then(Object(Closure))
#39 D:/Ngoding/RepoGithub/fiber-manager-G/vendor/laravel/framework/src/Illuminate/Routing/Router.php(800): Illuminate/Routing/Router->runRouteWithinStack(Object(Illuminate/Routing/Route), Object(Illuminate/Http/Request))
#40 D:/Ngoding/RepoGithub/fiber-manager-G/vendor/laravel/framework/src/Illuminate/Routing/Router.php(764): Illuminate/Routing/Router->runRoute(Object(Illuminate/Http/Request), Object(Illuminate/Routing/Route))
#41 D:/Ngoding/RepoGithub/fiber-manager-G/vendor/laravel/framework/src/Illuminate/Routing/Router.php(753): Illuminate/Routing/Router->dispatchToRoute(Object(Illuminate/Http/Request))
#42 D:/Ngoding/RepoGithub/fiber-manager-G/vendor/laravel/framework/src/Illuminate/Foundation/Http/Kernel.php(200): Illuminate/Routing/Router->dispatch(Object(Illuminate/Http/Request))
#43 D:/Ngoding/RepoGithub/fiber-manager-G/vendor/laravel/framework/src/Illuminate/Pipeline/Pipeline.php(180): Illuminate/Foundation/Http/Kernel->Illuminate/Foundation/Http/{closure}(Object(Illuminate/Http/Request))
#44 D:/Ngoding/RepoGithub/fiber-manager-G/vendor/laravel/framework/src/Illuminate/Foundation/Http/Middleware/TransformsRequest.php(21): Illuminate/Pipeline/Pipeline->Illuminate/Pipeline/{closure}(Object(Illuminate/Http/Request))
#45 D:/Ngoding/RepoGithub/fiber-manager-G/vendor/laravel/framework/src/Illuminate/Foundation/Http/Middleware/ConvertEmptyStringsToNull.php(31): Illuminate/Foundation/Http/Middleware/TransformsRequest->handle(Object(Illuminate/Http/Request), Object(Closure))
#46 D:/Ngoding/RepoGithub/fiber-manager-G/vendor/laravel/framework/src/Illuminate/Pipeline/Pipeline.php(219): Illuminate/Foundation/Http/Middleware/ConvertEmptyStringsToNull->handle(Object(Illuminate/Http/Request), Object(Closure))
#47 D:/Ngoding/RepoGithub/fiber-manager-G/vendor/laravel/framework/src/Illuminate/Foundation/Http/Middleware/TransformsRequest.php(21): Illuminate/Pipeline/Pipeline->Illuminate/Pipeline/{closure}(Object(Illuminate/Http/Request))
#48 D:/Ngoding/RepoGithub/fiber-manager-G/vendor/laravel/framework/src/Illuminate/Foundation/Http/Middleware/TrimStrings.php(51): Illuminate/Foundation/Http/Middleware/TransformsRequest->handle(Object(Illuminate/Http/Request), Object(Closure))
#49 D:/Ngoding/RepoGithub/fiber-manager-G/vendor/laravel/framework/src/Illuminate/Pipeline/Pipeline.php(219): Illuminate/Foundation/Http/Middleware/TrimStrings->handle(Object(Illuminate/Http/Request), Object(Closure))
#50 D:/Ngoding/RepoGithub/fiber-manager-G/vendor/laravel/framework/src/Illuminate/Http/Middleware/ValidatePostSize.php(27): Illuminate/Pipeline/Pipeline->Illuminate/Pipeline/{closure}(Object(Illuminate/Http/Request))
#51 D:/Ngoding/RepoGithub/fiber-manager-G/vendor/laravel/framework/src/Illuminate/Pipeline/Pipeline.php(219): Illuminate/Http/Middleware/ValidatePostSize->handle(Object(Illuminate/Http/Request), Object(Closure))
#52 D:/Ngoding/RepoGithub/fiber-manager-G/vendor/laravel/framework/src/Illuminate/Foundation/Http/Middleware/PreventRequestsDuringMaintenance.php(109): Illuminate/Pipeline/Pipeline->Illuminate/Pipeline/{closure}(Object(Illuminate/Http/Request))
#53 D:/Ngoding/RepoGithub/fiber-manager-G/vendor/laravel/framework/src/Illuminate/Pipeline/Pipeline.php(219): Illuminate/Foundation/Http/Middleware/PreventRequestsDuringMaintenance->handle(Object(Illuminate/Http/Request), Object(Closure))
#54 D:/Ngoding/RepoGithub/fiber-manager-G/vendor/laravel/framework/src/Illuminate/Http/Middleware/HandleCors.php(74): Illuminate/Pipeline/Pipeline->Illuminate/Pipeline/{closure}(Object(Illuminate/Http/Request))
#55 D:/Ngoding/RepoGithub/fiber-manager-G/vendor/laravel/framework/src/Illuminate/Pipeline/Pipeline.php(219): Illuminate/Http/Middleware/HandleCors->handle(Object(Illuminate/Http/Request), Object(Closure))
#56 D:/Ngoding/RepoGithub/fiber-manager-G/vendor/laravel/framework/src/Illuminate/Http/Middleware/TrustProxies.php(58): Illuminate/Pipeline/Pipeline->Illuminate/Pipeline/{closure}(Object(Illuminate/Http/Request))
#57 D:/Ngoding/RepoGithub/fiber-manager-G/vendor/laravel/framework/src/Illuminate/Pipeline/Pipeline.php(219): Illuminate/Http/Middleware/TrustProxies->handle(Object(Illuminate/Http/Request), Object(Closure))
#58 D:/Ngoding/RepoGithub/fiber-manager-G/vendor/laravel/framework/src/Illuminate/Foundation/Http/Middleware/InvokeDeferredCallbacks.php(22): Illuminate/Pipeline/Pipeline->Illuminate/Pipeline/{closure}(Object(Illuminate/Http/Request))
#59 D:/Ngoding/RepoGithub/fiber-manager-G/vendor/laravel/framework/src/Illuminate/Pipeline/Pipeline.php(219): Illuminate/Foundation/Http/Middleware/InvokeDeferredCallbacks->handle(Object(Illuminate/Http/Request), Object(Closure))
#60 D:/Ngoding/RepoGithub/fiber-manager-G/vendor/laravel/framework/src/Illuminate/Http/Middleware/ValidatePathEncoding.php(28): Illuminate/Pipeline/Pipeline->Illuminate/Pipeline/{closure}(Object(Illuminate/Http/Request))
#61 D:/Ngoding/RepoGithub/fiber-manager-G/vendor/laravel/framework/src/Illuminate/Pipeline/Pipeline.php(219): Illuminate/Http/Middleware/ValidatePathEncoding->handle(Object(Illuminate/Http/Request), Object(Closure))
#62 D:/Ngoding/RepoGithub/fiber-manager-G/vendor/laravel/framework/src/Illuminate/Pipeline/Pipeline.php(137): Illuminate/Pipeline/Pipeline->Illuminate/Pipeline/{closure}(Object(Illuminate/Http/Request))
#63 D:/Ngoding/RepoGithub/fiber-manager-G/vendor/laravel/framework/src/Illuminate/Foundation/Http/Kernel.php(175): Illuminate/Pipeline/Pipeline->then(Object(Closure))
#64 D:/Ngoding/RepoGithub/fiber-manager-G/vendor/laravel/framework/src/Illuminate/Foundation/Http/Kernel.php(144): Illuminate/Foundation/Http/Kernel->sendRequestThroughRouter(Object(Illuminate/Http/Request))
#65 D:/Ngoding/RepoGithub/fiber-manager-G/vendor/laravel/framework/src/Illuminate/Foundation/Testing/Concerns/MakesHttpRequests.php(638): Illuminate/Foundation/Http/Kernel->handle(Object(Illuminate/Http/Request))
#66 D:/Ngoding/RepoGithub/fiber-manager-G/vendor/laravel/framework/src/Illuminate/Foundation/Testing/Concerns/MakesHttpRequests.php(604): Illuminate/Foundation/Testing/TestCase->call('POST', '/api/auth.php?a...', Array, Array, Array, Array, '{\"username\":\"ad...')
#67 D:/Ngoding/RepoGithub/fiber-manager-G/vendor/laravel/framework/src/Illuminate/Foundation/Testing/Concerns/MakesHttpRequests.php(411): Illuminate/Foundation/Testing/TestCase->json('POST', '/api/auth.php?a...', Array, Array, 0)
#68 D:/Ngoding/RepoGithub/fiber-manager-G/tests/Feature/AuthTest.php(57): Illuminate/Foundation/Testing/TestCase->postJson('/api/auth.php?a...', Array)
#69 D:/Ngoding/RepoGithub/fiber-manager-G/vendor/phpunit/phpunit/src/Framework/TestCase.php(1318): Tests/Feature/AuthTest->test_login_succeeds_with_correct_credentials_and_me_returns_user_info()
#70 D:/Ngoding/RepoGithub/fiber-manager-G/vendor/phpunit/phpunit/src/Framework/TestCase.php(1355): PHPUnit/Framework/TestCase->invokeTestMethod('test_login_succ...', Array)
#71 D:/Ngoding/RepoGithub/fiber-manager-G/vendor/phpunit/phpunit/src/Framework/TestCase.php(521): PHPUnit/Framework/TestCase->runTest()
#72 D:/Ngoding/RepoGithub/fiber-manager-G/vendor/phpunit/phpunit/src/Framework/TestRunner/TestRunner.php(99): PHPUnit/Framework/TestCase->runBare()
#73 D:/Ngoding/RepoGithub/fiber-manager-G/vendor/phpunit/phpunit/src/Framework/TestCase.php(361): PHPUnit/Framework/TestRunner->run(Object(Tests/Feature/AuthTest))
#74 D:/Ngoding/RepoGithub/fiber-manager-G/vendor/phpunit/phpunit/src/Framework/TestSuite.php(374): PHPUnit/Framework/TestCase->run()
#75 D:/Ngoding/RepoGithub/fiber-manager-G/vendor/phpunit/phpunit/src/TextUI/TestRunner.php(64): PHPUnit/Framework/TestSuite->run()
#76 D:/Ngoding/RepoGithub/fiber-manager-G/vendor/phpunit/phpunit/src/TextUI/Application.php(229): PHPUnit/TextUI/TestRunner->run(Object(PHPUnit/TextUI/Configuration/Configuration), Object(PHPUnit/Runner/ResultCache/DefaultResultCache), Object(PHPUnit/Framework/TestSuite))
#77 D:/Ngoding/RepoGithub/fiber-manager-G/vendor/phpunit/phpunit/phpunit(104): PHPUnit/TextUI/Application->run(Array)
#78 {main}
"} 
[2026-07-28 06:18:57] local.ERROR: SQLSTATE[HY000] [2002] No connection could be made because the target machine actively refused it (Connection: mysql, Host: 127.0.0.1, Port: 3306, Database: fiber_manager, SQL: select exists (select 1 from information_schema.tables where table_schema = schema() and table_name = 'migrations' and table_type in ('BASE TABLE', 'SYSTEM VERSIONED')) as `exists`) {"exception":"[object] (Illuminate\\Database\\QueryException(code: 2002): SQLSTATE[HY000] [2002] No connection could be made because the target machine actively refused it (Connection: mysql, Host: 127.0.0.1, Port: 3306, Database: fiber_manager, SQL: select exists (select 1 from information_schema.tables where table_schema = schema() and table_name = 'migrations' and table_type in ('BASE TABLE', 'SYSTEM VERSIONED')) as `exists`) at D:/Ngoding/RepoGithub/fiber-manager-G/vendor/laravel/framework/src/Illuminate/Database/Connection.php:857)
[stacktrace]
#0 D:/Ngoding/RepoGithub/fiber-manager-G/vendor/laravel/framework/src/Illuminate/Database/Connection.php(1037): Illuminate/Database/Connection->runQueryCallback('select exists (...', Array, Object(Closure))
#1 D:/Ngoding/RepoGithub/fiber-manager-G/vendor/laravel/framework/src/Illuminate/Database/Connection.php(1016): Illuminate/Database/Connection->tryAgainIfCausedByLostConnection(Object(Illuminate/Database/QueryException), 'select exists (...', Array, Object(Closure))
#2 D:/Ngoding/RepoGithub/fiber-manager-G/vendor/laravel/framework/src/Illuminate/Database/Connection.php(815): Illuminate/Database/Connection->handleQueryException(Object(Illuminate/Database/QueryException), 'select exists (...', Array, Object(Closure))
#3 D:/Ngoding/RepoGithub/fiber-manager-G/vendor/laravel/framework/src/Illuminate/Database/Connection.php(426): Illuminate/Database/Connection->run('select exists (...', Array, Object(Closure))
#4 D:/Ngoding/RepoGithub/fiber-manager-G/vendor/laravel/framework/src/Illuminate/Database/Connection.php(371): Illuminate/Database/Connection->select('select exists (...', Array, true)
#5 D:/Ngoding/RepoGithub/fiber-manager-G/vendor/laravel/framework/src/Illuminate/Database/Connection.php(388): Illuminate/Database/Connection->selectOne('select exists (...', Array, true)
#6 D:/Ngoding/RepoGithub/fiber-manager-G/vendor/laravel/framework/src/Illuminate/Database/Schema/Builder.php(176): Illuminate/Database/Connection->scalar('select exists (...')
#7 D:/Ngoding/RepoGithub/fiber-manager-G/vendor/laravel/framework/src/Illuminate/Database/Migrations/DatabaseMigrationRepository.php(185): Illuminate/Database/Schema/Builder->hasTable('migrations')
#8 D:/Ngoding/RepoGithub/fiber-manager-G/vendor/laravel/framework/src/Illuminate/Database/Migrations/Migrator.php(797): Illuminate/Database/Migrations/DatabaseMigrationRepository->repositoryExists()
#9 D:/Ngoding/RepoGithub/fiber-manager-G/vendor/laravel/framework/src/Illuminate/Database/Console/Migrations/MigrateCommand.php(166): Illuminate/Database/Migrations/Migrator->repositoryExists()
#10 D:/Ngoding/RepoGithub/fiber-manager-G/vendor/laravel/framework/src/Illuminate/Support/helpers.php(328): Illuminate/Database/Console/Migrations/MigrateCommand->Illuminate/Database/Console/Migrations/{closure}(1)
#11 D:/Ngoding/RepoGithub/fiber-manager-G/vendor/laravel/framework/src/Illuminate/Database/Console/Migrations/MigrateCommand.php(166): retry(1, Object(Closure), 0, Object(Closure))
#12 D:/Ngoding/RepoGithub/fiber-manager-G/vendor/laravel/framework/src/Illuminate/Database/Console/Migrations/MigrateCommand.php(142): Illuminate/Database/Console/Migrations/MigrateCommand->repositoryExists()
#13 D:/Ngoding/RepoGithub/fiber-manager-G/vendor/laravel/framework/src/Illuminate/Database/Console/Migrations/MigrateCommand.php(112): Illuminate/Database/Console/Migrations/MigrateCommand->prepareDatabase()
#14 D:/Ngoding/RepoGithub/fiber-manager-G/vendor/laravel/framework/src/Illuminate/Database/Migrations/Migrator.php(672): Illuminate/Database/Console/Migrations/MigrateCommand->Illuminate/Database/Console/Migrations/{closure}()
#15 D:/Ngoding/RepoGithub/fiber-manager-G/vendor/laravel/framework/src/Illuminate/Database/Console/Migrations/MigrateCommand.php(111): Illuminate/Database/Migrations/Migrator->usingConnection(NULL, Object(Closure))
#16 D:/Ngoding/RepoGithub/fiber-manager-G/vendor/laravel/framework/src/Illuminate/Database/Console/Migrations/MigrateCommand.php(90): Illuminate/Database/Console/Migrations/MigrateCommand->runMigrations()
#17 D:/Ngoding/RepoGithub/fiber-manager-G/vendor/laravel/framework/src/Illuminate/Container/BoundMethod.php(36): Illuminate/Database/Console/Migrations/MigrateCommand->handle()
#18 D:/Ngoding/RepoGithub/fiber-manager-G/vendor/laravel/framework/src/Illuminate/Container/Util.php(43): Illuminate/Container/BoundMethod::Illuminate/Container/{closure}()
#19 D:/Ngoding/RepoGithub/fiber-manager-G/vendor/laravel/framework/src/Illuminate/Container/BoundMethod.php(96): Illuminate/Container/Util::unwrapIfClosure(Object(Closure))
#20 D:/Ngoding/RepoGithub/fiber-manager-G/vendor/laravel/framework/src/Illuminate/Container/BoundMethod.php(35): Illuminate/Container/BoundMethod::callBoundMethod(Object(Illuminate/Foundation/Application), Array, Object(Closure))
#21 D:/Ngoding/RepoGithub/fiber-manager-G/vendor/laravel/framework/src/Illuminate/Container/Container.php(800): Illuminate/Container/BoundMethod::call(Object(Illuminate/Foundation/Application), Array, Array, NULL)
#22 D:/Ngoding/RepoGithub/fiber-manager-G/vendor/laravel/framework/src/Illuminate/Console/Command.php(280): Illuminate/Container/Container->call(Array)
#23 D:/Ngoding/RepoGithub/fiber-manager-G/vendor/symfony/console/Command/Command.php(341): Illuminate/Console/Command->execute(Object(Symfony/Component/Console/Input/ArgvInput), Object(Laravel/Pao/Laravel/PaoOutputStyle))
#24 D:/Ngoding/RepoGithub/fiber-manager-G/vendor/laravel/framework/src/Illuminate/Console/Command.php(249): Symfony/Component/Console/Command/Command->run(Object(Symfony/Component/Console/Input/ArgvInput), Object(Laravel/Pao/Laravel/PaoOutputStyle))
#25 D:/Ngoding/RepoGithub/fiber-manager-G/vendor/symfony/console/Application.php(1117): Illuminate/Console/Command->run(Object(Symfony/Component/Console/Input/ArgvInput), Object(Symfony/Component/Console/Output/ConsoleOutput))
#26 D:/Ngoding/RepoGithub/fiber-manager-G/vendor/symfony/console/Application.php(356): Symfony/Component/Console/Application->doRunCommand(Object(Illuminate/Database/Console/Migrations/MigrateCommand), Object(Symfony/Component/Console/Input/ArgvInput), Object(Symfony/Component/Console/Output/ConsoleOutput))
#27 D:/Ngoding/RepoGithub/fiber-manager-G/vendor/symfony/console/Application.php(195): Symfony/Component/Console/Application->doRun(Object(Symfony/Component/Console/Input/ArgvInput), Object(Symfony/Component/Console/Output/ConsoleOutput))
#28 D:/Ngoding/RepoGithub/fiber-manager-G/vendor/laravel/framework/src/Illuminate/Foundation/Console/Kernel.php(198): Symfony/Component/Console/Application->run(Object(Symfony/Component/Console/Input/ArgvInput), Object(Symfony/Component/Console/Output/ConsoleOutput))
#29 D:/Ngoding/RepoGithub/fiber-manager-G/vendor/laravel/framework/src/Illuminate/Foundation/Application.php(1242): Illuminate/Foundation/Console/Kernel->handle(Object(Symfony/Component/Console/Input/ArgvInput), Object(Symfony/Component/Console/Output/ConsoleOutput))
#30 D:/Ngoding/RepoGithub/fiber-manager-G/artisan(16): Illuminate/Foundation/Application->handleCommand(Object(Symfony/Component/Console/Input/ArgvInput))
#31 {main}

[previous exception] [object] (PDOException(code: 2002): SQLSTATE[HY000] [2002] No connection could be made because the target machine actively refused it at D:/Ngoding/RepoGithub/fiber-manager-G/vendor/laravel/framework/src/Illuminate/Database/Connectors/Connector.php:66)
[stacktrace]
#0 D:/Ngoding/RepoGithub/fiber-manager-G/vendor/laravel/framework/src/Illuminate/Database/Connectors/Connector.php(66): PDO->__construct('mysql:host=127....', 'root', Object(SensitiveParameterValue), Array)
#1 D:/Ngoding/RepoGithub/fiber-manager-G/vendor/laravel/framework/src/Illuminate/Database/Connectors/Connector.php(85): Illuminate/Database/Connectors/Connector->createPdoConnection('mysql:host=127....', 'root', Object(SensitiveParameterValue), Array)
#2 D:/Ngoding/RepoGithub/fiber-manager-G/vendor/laravel/framework/src/Illuminate/Database/Connectors/Connector.php(48): Illuminate/Database/Connectors/Connector->tryAgainIfCausedByLostConnection(Object(PDOException), 'mysql:host=127....', 'root', Object(SensitiveParameterValue), Array)
#3 D:/Ngoding/RepoGithub/fiber-manager-G/vendor/laravel/framework/src/Illuminate/Database/Connectors/MySqlConnector.php(24): Illuminate/Database/Connectors/Connector->createConnection('mysql:host=127....', Array, Array)
#4 D:/Ngoding/RepoGithub/fiber-manager-G/vendor/laravel/framework/src/Illuminate/Database/Connectors/ConnectionFactory.php(220): Illuminate/Database/Connectors/MySqlConnector->connect(Array)
#5 [internal function]: Illuminate/Database/Connectors/ConnectionFactory->Illuminate/Database/Connectors/{closure}()
#6 D:/Ngoding/RepoGithub/fiber-manager-G/vendor/laravel/framework/src/Illuminate/Database/Connection.php(1297): call_user_func(Object(Closure))
#7 D:/Ngoding/RepoGithub/fiber-manager-G/vendor/laravel/framework/src/Illuminate/Database/Connection.php(1335): Illuminate/Database/Connection->getPdo()
#8 D:/Ngoding/RepoGithub/fiber-manager-G/vendor/laravel/framework/src/Illuminate/Database/Connection.php(542): Illuminate/Database/Connection->getReadPdo()
#9 D:/Ngoding/RepoGithub/fiber-manager-G/vendor/laravel/framework/src/Illuminate/Database/Connection.php(435): Illuminate/Database/Connection->getPdoForSelect(true)
#10 D:/Ngoding/RepoGithub/fiber-manager-G/vendor/laravel/framework/src/Illuminate/Database/Connection.php(846): Illuminate/Database/Connection->Illuminate/Database/{closure}('select exists (...', Array)
#11 D:/Ngoding/RepoGithub/fiber-manager-G/vendor/laravel/framework/src/Illuminate/Database/Connection.php(1037): Illuminate/Database/Connection->runQueryCallback('select exists (...', Array, Object(Closure))
#12 D:/Ngoding/RepoGithub/fiber-manager-G/vendor/laravel/framework/src/Illuminate/Database/Connection.php(1016): Illuminate/Database/Connection->tryAgainIfCausedByLostConnection(Object(Illuminate/Database/QueryException), 'select exists (...', Array, Object(Closure))
#13 D:/Ngoding/RepoGithub/fiber-manager-G/vendor/laravel/framework/src/Illuminate/Database/Connection.php(815): Illuminate/Database/Connection->handleQueryException(Object(Illuminate/Database/QueryException), 'select exists (...', Array, Object(Closure))
#14 D:/Ngoding/RepoGithub/fiber-manager-G/vendor/laravel/framework/src/Illuminate/Database/Connection.php(426): Illuminate/Database/Connection->run('select exists (...', Array, Object(Closure))
#15 D:/Ngoding/RepoGithub/fiber-manager-G/vendor/laravel/framework/src/Illuminate/Database/Connection.php(371): Illuminate/Database/Connection->select('select exists (...', Array, true)
#16 D:/Ngoding/RepoGithub/fiber-manager-G/vendor/laravel/framework/src/Illuminate/Database/Connection.php(388): Illuminate/Database/Connection->selectOne('select exists (...', Array, true)
#17 D:/Ngoding/RepoGithub/fiber-manager-G/vendor/laravel/framework/src/Illuminate/Database/Schema/Builder.php(176): Illuminate/Database/Connection->scalar('select exists (...')
#18 D:/Ngoding/RepoGithub/fiber-manager-G/vendor/laravel/framework/src/Illuminate/Database/Migrations/DatabaseMigrationRepository.php(185): Illuminate/Database/Schema/Builder->hasTable('migrations')
#19 D:/Ngoding/RepoGithub/fiber-manager-G/vendor/laravel/framework/src/Illuminate/Database/Migrations/Migrator.php(797): Illuminate/Database/Migrations/DatabaseMigrationRepository->repositoryExists()
#20 D:/Ngoding/RepoGithub/fiber-manager-G/vendor/laravel/framework/src/Illuminate/Database/Console/Migrations/MigrateCommand.php(166): Illuminate/Database/Migrations/Migrator->repositoryExists()
#21 D:/Ngoding/RepoGithub/fiber-manager-G/vendor/laravel/framework/src/Illuminate/Support/helpers.php(328): Illuminate/Database/Console/Migrations/MigrateCommand->Illuminate/Database/Console/Migrations/{closure}(1)
#22 D:/Ngoding/RepoGithub/fiber-manager-G/vendor/laravel/framework/src/Illuminate/Database/Console/Migrations/MigrateCommand.php(166): retry(1, Object(Closure), 0, Object(Closure))
#23 D:/Ngoding/RepoGithub/fiber-manager-G/vendor/laravel/framework/src/Illuminate/Database/Console/Migrations/MigrateCommand.php(142): Illuminate/Database/Console/Migrations/MigrateCommand->repositoryExists()
#24 D:/Ngoding/RepoGithub/fiber-manager-G/vendor/laravel/framework/src/Illuminate/Database/Console/Migrations/MigrateCommand.php(112): Illuminate/Database/Console/Migrations/MigrateCommand->prepareDatabase()
#25 D:/Ngoding/RepoGithub/fiber-manager-G/vendor/laravel/framework/src/Illuminate/Database/Migrations/Migrator.php(672): Illuminate/Database/Console/Migrations/MigrateCommand->Illuminate/Database/Console/Migrations/{closure}()
#26 D:/Ngoding/RepoGithub/fiber-manager-G/vendor/laravel/framework/src/Illuminate/Database/Console/Migrations/MigrateCommand.php(111): Illuminate/Database/Migrations/Migrator->usingConnection(NULL, Object(Closure))
#27 D:/Ngoding/RepoGithub/fiber-manager-G/vendor/laravel/framework/src/Illuminate/Database/Console/Migrations/MigrateCommand.php(90): Illuminate/Database/Console/Migrations/MigrateCommand->runMigrations()
#28 D:/Ngoding/RepoGithub/fiber-manager-G/vendor/laravel/framework/src/Illuminate/Container/BoundMethod.php(36): Illuminate/Database/Console/Migrations/MigrateCommand->handle()
#29 D:/Ngoding/RepoGithub/fiber-manager-G/vendor/laravel/framework/src/Illuminate/Container/Util.php(43): Illuminate/Container/BoundMethod::Illuminate/Container/{closure}()
#30 D:/Ngoding/RepoGithub/fiber-manager-G/vendor/laravel/framework/src/Illuminate/Container/BoundMethod.php(96): Illuminate/Container/Util::unwrapIfClosure(Object(Closure))
#31 D:/Ngoding/RepoGithub/fiber-manager-G/vendor/laravel/framework/src/Illuminate/Container/BoundMethod.php(35): Illuminate/Container/BoundMethod::callBoundMethod(Object(Illuminate/Foundation/Application), Array, Object(Closure))
#32 D:/Ngoding/RepoGithub/fiber-manager-G/vendor/laravel/framework/src/Illuminate/Container/Container.php(800): Illuminate/Container/BoundMethod::call(Object(Illuminate/Foundation/Application), Array, Array, NULL)
#33 D:/Ngoding/RepoGithub/fiber-manager-G/vendor/laravel/framework/src/Illuminate/Console/Command.php(280): Illuminate/Container/Container->call(Array)
#34 D:/Ngoding/RepoGithub/fiber-manager-G/vendor/symfony/console/Command/Command.php(341): Illuminate/Console/Command->execute(Object(Symfony/Component/Console/Input/ArgvInput), Object(Laravel/Pao/Laravel/PaoOutputStyle))
#35 D:/Ngoding/RepoGithub/fiber-manager-G/vendor/laravel/framework/src/Illuminate/Console/Command.php(249): Symfony/Component/Console/Command/Command->run(Object(Symfony/Component/Console/Input/ArgvInput), Object(Laravel/Pao/Laravel/PaoOutputStyle))
#36 D:/Ngoding/RepoGithub/fiber-manager-G/vendor/symfony/console/Application.php(1117): Illuminate/Console/Command->run(Object(Symfony/Component/Console/Input/ArgvInput), Object(Symfony/Component/Console/Output/ConsoleOutput))
#37 D:/Ngoding/RepoGithub/fiber-manager-G/vendor/symfony/console/Application.php(356): Symfony/Component/Console/Application->doRunCommand(Object(Illuminate/Database/Console/Migrations/MigrateCommand), Object(Symfony/Component/Console/Input/ArgvInput), Object(Symfony/Component/Console/Output/ConsoleOutput))
#38 D:/Ngoding/RepoGithub/fiber-manager-G/vendor/symfony/console/Application.php(195): Symfony/Component/Console/Application->doRun(Object(Symfony/Component/Console/Input/ArgvInput), Object(Symfony/Component/Console/Output/ConsoleOutput))
#39 D:/Ngoding/RepoGithub/fiber-manager-G/vendor/laravel/framework/src/Illuminate/Foundation/Console/Kernel.php(198): Symfony/Component/Console/Application->run(Object(Symfony/Component/Console/Input/ArgvInput), Object(Symfony/Component/Console/Output/ConsoleOutput))
#40 D:/Ngoding/RepoGithub/fiber-manager-G/vendor/laravel/framework/src/Illuminate/Foundation/Application.php(1242): Illuminate/Foundation/Console/Kernel->handle(Object(Symfony/Component/Console/Input/ArgvInput), Object(Symfony/Component/Console/Output/ConsoleOutput))
#41 D:/Ngoding/RepoGithub/fiber-manager-G/artisan(16): Illuminate/Foundation/Application->handleCommand(Object(Symfony/Component/Console/Input/ArgvInput))
#42 {main}
"} 
[2026-07-28 06:42:09] local.ERROR: SQLSTATE[23000]: Integrity constraint violation: 1062 Duplicate entry 'admin' for key 'users.users_username_unique' (Connection: mysql, Host: 127.0.0.1, Port: 3306, Database: fmg, SQL: insert into `users` (`username`, `full_name`, `email`, `password`, `role`, `is_active`, `updated_at`, `created_at`) values (admin, Administrator, admin@fiber.net, $2y$12$soDTiEqhDDwQDsOGEjIK/uAOa149uoSdvOa8oxhxqa0oQ02r4.siG, admin, 1, 2026-07-28 06:42:09, 2026-07-28 06:42:09)) {"exception":"[object] (Illuminate\\Database\\UniqueConstraintViolationException(code: 23000): SQLSTATE[23000]: Integrity constraint violation: 1062 Duplicate entry 'admin' for key 'users.users_username_unique' (Connection: mysql, Host: 127.0.0.1, Port: 3306, Database: fmg, SQL: insert into `users` (`username`, `full_name`, `email`, `password`, `role`, `is_active`, `updated_at`, `created_at`) values (admin, Administrator, admin@fiber.net, $2y$12$soDTiEqhDDwQDsOGEjIK/uAOa149uoSdvOa8oxhxqa0oQ02r4.siG, admin, 1, 2026-07-28 06:42:09, 2026-07-28 06:42:09)) at D:/Ngoding/RepoGithub/fiber-manager-G/vendor/laravel/framework/src/Illuminate/Database/Connection.php:857)
[stacktrace]
#0 D:/Ngoding/RepoGithub/fiber-manager-G/vendor/laravel/framework/src/Illuminate/Database/Connection.php(813): Illuminate/Database/Connection->runQueryCallback('insert into `us...', Array, Object(Closure))
#1 D:/Ngoding/RepoGithub/fiber-manager-G/vendor/laravel/framework/src/Illuminate/Database/MySqlConnection.php(42): Illuminate/Database/Connection->run('insert into `us...', Array, Object(Closure))
#2 D:/Ngoding/RepoGithub/fiber-manager-G/vendor/laravel/framework/src/Illuminate/Database/Query/Processors/MySqlProcessor.php(35): Illuminate/Database/MySqlConnection->insert('insert into `us...', Array, 'id')
#3 D:/Ngoding/RepoGithub/fiber-manager-G/vendor/laravel/framework/src/Illuminate/Database/Query/Builder.php(4258): Illuminate/Database/Query/Processors/MySqlProcessor->processInsertGetId(Object(Illuminate/Database/Query/Builder), 'insert into `us...', Array, 'id')
#4 D:/Ngoding/RepoGithub/fiber-manager-G/vendor/laravel/framework/src/Illuminate/Database/Eloquent/Builder.php(2271): Illuminate/Database/Query/Builder->insertGetId(Array, 'id')
#5 D:/Ngoding/RepoGithub/fiber-manager-G/vendor/laravel/framework/src/Illuminate/Database/Eloquent/Model.php(1685): Illuminate/Database/Eloquent/Builder->__call('insertGetId', Array)
#6 D:/Ngoding/RepoGithub/fiber-manager-G/vendor/laravel/framework/src/Illuminate/Database/Eloquent/Model.php(1601): Illuminate/Database/Eloquent/Model->insertAndSetId(Object(Illuminate/Database/Eloquent/Builder), Array)
#7 D:/Ngoding/RepoGithub/fiber-manager-G/vendor/laravel/framework/src/Illuminate/Database/Eloquent/Model.php(1405): Illuminate/Database/Eloquent/Model->performInsert(Object(Illuminate/Database/Eloquent/Builder))
#8 D:/Ngoding/RepoGithub/fiber-manager-G/vendor/laravel/framework/src/Illuminate/Database/Eloquent/Builder.php(1225): Illuminate/Database/Eloquent/Model->save()
#9 D:/Ngoding/RepoGithub/fiber-manager-G/vendor/laravel/framework/src/Illuminate/Support/helpers.php(393): Illuminate/Database/Eloquent/Builder->Illuminate/Database/Eloquent/{closure}(Object(App/Models/User))
#10 D:/Ngoding/RepoGithub/fiber-manager-G/vendor/laravel/framework/src/Illuminate/Database/Eloquent/Builder.php(1224): tap(Object(App/Models/User), Object(Closure))
#11 D:/Ngoding/RepoGithub/fiber-manager-G/vendor/laravel/framework/src/Illuminate/Support/Traits/ForwardsCalls.php(23): Illuminate/Database/Eloquent/Builder->create(Array)
#12 D:/Ngoding/RepoGithub/fiber-manager-G/vendor/laravel/framework/src/Illuminate/Database/Eloquent/Model.php(2842): Illuminate/Database/Eloquent/Model->forwardCallTo(Object(Illuminate/Database/Eloquent/Builder), 'create', Array)
#13 D:/Ngoding/RepoGithub/fiber-manager-G/vendor/laravel/framework/src/Illuminate/Database/Eloquent/Model.php(2858): Illuminate/Database/Eloquent/Model->__call('create', Array)
#14 D:/Ngoding/RepoGithub/fiber-manager-G/database/seeders/DatabaseSeeder.php(18): Illuminate/Database/Eloquent/Model::__callStatic('create', Array)
#15 D:/Ngoding/RepoGithub/fiber-manager-G/vendor/laravel/framework/src/Illuminate/Container/BoundMethod.php(36): Database/Seeders/DatabaseSeeder->run()
#16 D:/Ngoding/RepoGithub/fiber-manager-G/vendor/laravel/framework/src/Illuminate/Container/Util.php(43): Illuminate/Container/BoundMethod::Illuminate/Container/{closure}()
#17 D:/Ngoding/RepoGithub/fiber-manager-G/vendor/laravel/framework/src/Illuminate/Container/BoundMethod.php(96): Illuminate/Container/Util::unwrapIfClosure(Object(Closure))
#18 D:/Ngoding/RepoGithub/fiber-manager-G/vendor/laravel/framework/src/Illuminate/Container/BoundMethod.php(35): Illuminate/Container/BoundMethod::callBoundMethod(Object(Illuminate/Foundation/Application), Array, Object(Closure))
#19 D:/Ngoding/RepoGithub/fiber-manager-G/vendor/laravel/framework/src/Illuminate/Container/Container.php(800): Illuminate/Container/BoundMethod::call(Object(Illuminate/Foundation/Application), Array, Array, NULL)
#20 D:/Ngoding/RepoGithub/fiber-manager-G/vendor/laravel/framework/src/Illuminate/Database/Seeder.php(184): Illuminate/Container/Container->call(Array, Array)
#21 D:/Ngoding/RepoGithub/fiber-manager-G/vendor/laravel/framework/src/Illuminate/Database/Eloquent/Concerns/HasEvents.php(456): Illuminate/Database/Seeder->Illuminate/Database/{closure}()
#22 D:/Ngoding/RepoGithub/fiber-manager-G/vendor/laravel/framework/src/Illuminate/Database/Console/Seeds/WithoutModelEvents.php(17): Illuminate/Database/Eloquent/Model::withoutEvents(Object(Closure))
#23 D:/Ngoding/RepoGithub/fiber-manager-G/vendor/laravel/framework/src/Illuminate/Database/Seeder.php(191): Database/Seeders/DatabaseSeeder->Illuminate/Database/Console/Seeds/{closure}()
#24 D:/Ngoding/RepoGithub/fiber-manager-G/vendor/laravel/framework/src/Illuminate/Database/Console/Seeds/SeedCommand.php(71): Illuminate/Database/Seeder->__invoke()
#25 D:/Ngoding/RepoGithub/fiber-manager-G/vendor/laravel/framework/src/Illuminate/Database/Eloquent/Concerns/GuardsAttributes.php(185): Illuminate/Database/Console/Seeds/SeedCommand->Illuminate/Database/Console/Seeds/{closure}()
#26 D:/Ngoding/RepoGithub/fiber-manager-G/vendor/laravel/framework/src/Illuminate/Database/Console/Seeds/SeedCommand.php(70): Illuminate/Database/Eloquent/Model::unguarded(Object(Closure))
#27 D:/Ngoding/RepoGithub/fiber-manager-G/vendor/laravel/framework/src/Illuminate/Container/BoundMethod.php(36): Illuminate/Database/Console/Seeds/SeedCommand->handle()
#28 D:/Ngoding/RepoGithub/fiber-manager-G/vendor/laravel/framework/src/Illuminate/Container/Util.php(43): Illuminate/Container/BoundMethod::Illuminate/Container/{closure}()
#29 D:/Ngoding/RepoGithub/fiber-manager-G/vendor/laravel/framework/src/Illuminate/Container/BoundMethod.php(96): Illuminate/Container/Util::unwrapIfClosure(Object(Closure))
#30 D:/Ngoding/RepoGithub/fiber-manager-G/vendor/laravel/framework/src/Illuminate/Container/BoundMethod.php(35): Illuminate/Container/BoundMethod::callBoundMethod(Object(Illuminate/Foundation/Application), Array, Object(Closure))
#31 D:/Ngoding/RepoGithub/fiber-manager-G/vendor/laravel/framework/src/Illuminate/Container/Container.php(800): Illuminate/Container/BoundMethod::call(Object(Illuminate/Foundation/Application), Array, Array, NULL)
#32 D:/Ngoding/RepoGithub/fiber-manager-G/vendor/laravel/framework/src/Illuminate/Console/Command.php(280): Illuminate/Container/Container->call(Array)
#33 D:/Ngoding/RepoGithub/fiber-manager-G/vendor/symfony/console/Command/Command.php(341): Illuminate/Console/Command->execute(Object(Symfony/Component/Console/Input/ArrayInput), Object(Illuminate/Console/OutputStyle))
#34 D:/Ngoding/RepoGithub/fiber-manager-G/vendor/laravel/framework/src/Illuminate/Console/Command.php(249): Symfony/Component/Console/Command/Command->run(Object(Symfony/Component/Console/Input/ArrayInput), Object(Illuminate/Console/OutputStyle))
#35 D:/Ngoding/RepoGithub/fiber-manager-G/vendor/laravel/framework/src/Illuminate/Console/Concerns/CallsCommands.php(68): Illuminate/Console/Command->run(Object(Symfony/Component/Console/Input/ArrayInput), Object(Illuminate/Console/OutputStyle))
#36 D:/Ngoding/RepoGithub/fiber-manager-G/vendor/laravel/framework/src/Illuminate/Console/Concerns/CallsCommands.php(29): Illuminate/Console/Command->runCommand('db:seed', Array, Object(Illuminate/Console/OutputStyle))
#37 D:/Ngoding/RepoGithub/fiber-manager-G/vendor/laravel/framework/src/Illuminate/Database/Console/Migrations/MigrateCommand.php(127): Illuminate/Console/Command->call('db:seed', Array)
#38 D:/Ngoding/RepoGithub/fiber-manager-G/vendor/laravel/framework/src/Illuminate/Database/Migrations/Migrator.php(672): Illuminate/Database/Console/Migrations/MigrateCommand->Illuminate/Database/Console/Migrations/{closure}()
#39 D:/Ngoding/RepoGithub/fiber-manager-G/vendor/laravel/framework/src/Illuminate/Database/Console/Migrations/MigrateCommand.php(111): Illuminate/Database/Migrations/Migrator->usingConnection(NULL, Object(Closure))
#40 D:/Ngoding/RepoGithub/fiber-manager-G/vendor/laravel/framework/src/Illuminate/Database/Console/Migrations/MigrateCommand.php(90): Illuminate/Database/Console/Migrations/MigrateCommand->runMigrations()
#41 D:/Ngoding/RepoGithub/fiber-manager-G/vendor/laravel/framework/src/Illuminate/Container/BoundMethod.php(36): Illuminate/Database/Console/Migrations/MigrateCommand->handle()
#42 D:/Ngoding/RepoGithub/fiber-manager-G/vendor/laravel/framework/src/Illuminate/Container/Util.php(43): Illuminate/Container/BoundMethod::Illuminate/Container/{closure}()
#43 D:/Ngoding/RepoGithub/fiber-manager-G/vendor/laravel/framework/src/Illuminate/Container/BoundMethod.php(96): Illuminate/Container/Util::unwrapIfClosure(Object(Closure))
#44 D:/Ngoding/RepoGithub/fiber-manager-G/vendor/laravel/framework/src/Illuminate/Container/BoundMethod.php(35): Illuminate/Container/BoundMethod::callBoundMethod(Object(Illuminate/Foundation/Application), Array, Object(Closure))
#45 D:/Ngoding/RepoGithub/fiber-manager-G/vendor/laravel/framework/src/Illuminate/Container/Container.php(800): Illuminate/Container/BoundMethod::call(Object(Illuminate/Foundation/Application), Array, Array, NULL)
#46 D:/Ngoding/RepoGithub/fiber-manager-G/vendor/laravel/framework/src/Illuminate/Console/Command.php(280): Illuminate/Container/Container->call(Array)
#47 D:/Ngoding/RepoGithub/fiber-manager-G/vendor/symfony/console/Command/Command.php(341): Illuminate/Console/Command->execute(Object(Symfony/Component/Console/Input/ArgvInput), Object(Illuminate/Console/OutputStyle))
#48 D:/Ngoding/RepoGithub/fiber-manager-G/vendor/laravel/framework/src/Illuminate/Console/Command.php(249): Symfony/Component/Console/Command/Command->run(Object(Symfony/Component/Console/Input/ArgvInput), Object(Illuminate/Console/OutputStyle))
#49 D:/Ngoding/RepoGithub/fiber-manager-G/vendor/symfony/console/Application.php(1117): Illuminate/Console/Command->run(Object(Symfony/Component/Console/Input/ArgvInput), Object(Symfony/Component/Console/Output/ConsoleOutput))
#50 D:/Ngoding/RepoGithub/fiber-manager-G/vendor/symfony/console/Application.php(356): Symfony/Component/Console/Application->doRunCommand(Object(Illuminate/Database/Console/Migrations/MigrateCommand), Object(Symfony/Component/Console/Input/ArgvInput), Object(Symfony/Component/Console/Output/ConsoleOutput))
#51 D:/Ngoding/RepoGithub/fiber-manager-G/vendor/symfony/console/Application.php(195): Symfony/Component/Console/Application->doRun(Object(Symfony/Component/Console/Input/ArgvInput), Object(Symfony/Component/Console/Output/ConsoleOutput))
#52 D:/Ngoding/RepoGithub/fiber-manager-G/vendor/laravel/framework/src/Illuminate/Foundation/Console/Kernel.php(198): Symfony/Component/Console/Application->run(Object(Symfony/Component/Console/Input/ArgvInput), Object(Symfony/Component/Console/Output/ConsoleOutput))
#53 D:/Ngoding/RepoGithub/fiber-manager-G/vendor/laravel/framework/src/Illuminate/Foundation/Application.php(1242): Illuminate/Foundation/Console/Kernel->handle(Object(Symfony/Component/Console/Input/ArgvInput), Object(Symfony/Component/Console/Output/ConsoleOutput))
#54 D:/Ngoding/RepoGithub/fiber-manager-G/artisan(16): Illuminate/Foundation/Application->handleCommand(Object(Symfony/Component/Console/Input/ArgvInput))
#55 {main}

[previous exception] [object] (PDOException(code: 23000): SQLSTATE[23000]: Integrity constraint violation: 1062 Duplicate entry 'admin' for key 'users.users_username_unique' at D:/Ngoding/RepoGithub/fiber-manager-G/vendor/laravel/framework/src/Illuminate/Database/MySqlConnection.php:53)
[stacktrace]
#0 D:/Ngoding/RepoGithub/fiber-manager-G/vendor/laravel/framework/src/Illuminate/Database/MySqlConnection.php(53): PDOStatement->execute()
#1 D:/Ngoding/RepoGithub/fiber-manager-G/vendor/laravel/framework/src/Illuminate/Database/Connection.php(846): Illuminate/Database/MySqlConnection->Illuminate/Database/{closure}('insert into `us...', Array)
#2 D:/Ngoding/RepoGithub/fiber-manager-G/vendor/laravel/framework/src/Illuminate/Database/Connection.php(813): Illuminate/Database/Connection->runQueryCallback('insert into `us...', Array, Object(Closure))
#3 D:/Ngoding/RepoGithub/fiber-manager-G/vendor/laravel/framework/src/Illuminate/Database/MySqlConnection.php(42): Illuminate/Database/Connection->run('insert into `us...', Array, Object(Closure))
#4 D:/Ngoding/RepoGithub/fiber-manager-G/vendor/laravel/framework/src/Illuminate/Database/Query/Processors/MySqlProcessor.php(35): Illuminate/Database/MySqlConnection->insert('insert into `us...', Array, 'id')
#5 D:/Ngoding/RepoGithub/fiber-manager-G/vendor/laravel/framework/src/Illuminate/Database/Query/Builder.php(4258): Illuminate/Database/Query/Processors/MySqlProcessor->processInsertGetId(Object(Illuminate/Database/Query/Builder), 'insert into `us...', Array, 'id')
#6 D:/Ngoding/RepoGithub/fiber-manager-G/vendor/laravel/framework/src/Illuminate/Database/Eloquent/Builder.php(2271): Illuminate/Database/Query/Builder->insertGetId(Array, 'id')
#7 D:/Ngoding/RepoGithub/fiber-manager-G/vendor/laravel/framework/src/Illuminate/Database/Eloquent/Model.php(1685): Illuminate/Database/Eloquent/Builder->__call('insertGetId', Array)
#8 D:/Ngoding/RepoGithub/fiber-manager-G/vendor/laravel/framework/src/Illuminate/Database/Eloquent/Model.php(1601): Illuminate/Database/Eloquent/Model->insertAndSetId(Object(Illuminate/Database/Eloquent/Builder), Array)
#9 D:/Ngoding/RepoGithub/fiber-manager-G/vendor/laravel/framework/src/Illuminate/Database/Eloquent/Model.php(1405): Illuminate/Database/Eloquent/Model->performInsert(Object(Illuminate/Database/Eloquent/Builder))
#10 D:/Ngoding/RepoGithub/fiber-manager-G/vendor/laravel/framework/src/Illuminate/Database/Eloquent/Builder.php(1225): Illuminate/Database/Eloquent/Model->save()
#11 D:/Ngoding/RepoGithub/fiber-manager-G/vendor/laravel/framework/src/Illuminate/Support/helpers.php(393): Illuminate/Database/Eloquent/Builder->Illuminate/Database/Eloquent/{closure}(Object(App/Models/User))
#12 D:/Ngoding/RepoGithub/fiber-manager-G/vendor/laravel/framework/src/Illuminate/Database/Eloquent/Builder.php(1224): tap(Object(App/Models/User), Object(Closure))
#13 D:/Ngoding/RepoGithub/fiber-manager-G/vendor/laravel/framework/src/Illuminate/Support/Traits/ForwardsCalls.php(23): Illuminate/Database/Eloquent/Builder->create(Array)
#14 D:/Ngoding/RepoGithub/fiber-manager-G/vendor/laravel/framework/src/Illuminate/Database/Eloquent/Model.php(2842): Illuminate/Database/Eloquent/Model->forwardCallTo(Object(Illuminate/Database/Eloquent/Builder), 'create', Array)
#15 D:/Ngoding/RepoGithub/fiber-manager-G/vendor/laravel/framework/src/Illuminate/Database/Eloquent/Model.php(2858): Illuminate/Database/Eloquent/Model->__call('create', Array)
#16 D:/Ngoding/RepoGithub/fiber-manager-G/database/seeders/DatabaseSeeder.php(18): Illuminate/Database/Eloquent/Model::__callStatic('create', Array)
#17 D:/Ngoding/RepoGithub/fiber-manager-G/vendor/laravel/framework/src/Illuminate/Container/BoundMethod.php(36): Database/Seeders/DatabaseSeeder->run()
#18 D:/Ngoding/RepoGithub/fiber-manager-G/vendor/laravel/framework/src/Illuminate/Container/Util.php(43): Illuminate/Container/BoundMethod::Illuminate/Container/{closure}()
#19 D:/Ngoding/RepoGithub/fiber-manager-G/vendor/laravel/framework/src/Illuminate/Container/BoundMethod.php(96): Illuminate/Container/Util::unwrapIfClosure(Object(Closure))
#20 D:/Ngoding/RepoGithub/fiber-manager-G/vendor/laravel/framework/src/Illuminate/Container/BoundMethod.php(35): Illuminate/Container/BoundMethod::callBoundMethod(Object(Illuminate/Foundation/Application), Array, Object(Closure))
#21 D:/Ngoding/RepoGithub/fiber-manager-G/vendor/laravel/framework/src/Illuminate/Container/Container.php(800): Illuminate/Container/BoundMethod::call(Object(Illuminate/Foundation/Application), Array, Array, NULL)
#22 D:/Ngoding/RepoGithub/fiber-manager-G/vendor/laravel/framework/src/Illuminate/Database/Seeder.php(184): Illuminate/Container/Container->call(Array, Array)
#23 D:/Ngoding/RepoGithub/fiber-manager-G/vendor/laravel/framework/src/Illuminate/Database/Eloquent/Concerns/HasEvents.php(456): Illuminate/Database/Seeder->Illuminate/Database/{closure}()
#24 D:/Ngoding/RepoGithub/fiber-manager-G/vendor/laravel/framework/src/Illuminate/Database/Console/Seeds/WithoutModelEvents.php(17): Illuminate/Database/Eloquent/Model::withoutEvents(Object(Closure))
#25 D:/Ngoding/RepoGithub/fiber-manager-G/vendor/laravel/framework/src/Illuminate/Database/Seeder.php(191): Database/Seeders/DatabaseSeeder->Illuminate/Database/Console/Seeds/{closure}()
#26 D:/Ngoding/RepoGithub/fiber-manager-G/vendor/laravel/framework/src/Illuminate/Database/Console/Seeds/SeedCommand.php(71): Illuminate/Database/Seeder->__invoke()
#27 D:/Ngoding/RepoGithub/fiber-manager-G/vendor/laravel/framework/src/Illuminate/Database/Eloquent/Concerns/GuardsAttributes.php(185): Illuminate/Database/Console/Seeds/SeedCommand->Illuminate/Database/Console/Seeds/{closure}()
#28 D:/Ngoding/RepoGithub/fiber-manager-G/vendor/laravel/framework/src/Illuminate/Database/Console/Seeds/SeedCommand.php(70): Illuminate/Database/Eloquent/Model::unguarded(Object(Closure))
#29 D:/Ngoding/RepoGithub/fiber-manager-G/vendor/laravel/framework/src/Illuminate/Container/BoundMethod.php(36): Illuminate/Database/Console/Seeds/SeedCommand->handle()
#30 D:/Ngoding/RepoGithub/fiber-manager-G/vendor/laravel/framework/src/Illuminate/Container/Util.php(43): Illuminate/Container/BoundMethod::Illuminate/Container/{closure}()
#31 D:/Ngoding/RepoGithub/fiber-manager-G/vendor/laravel/framework/src/Illuminate/Container/BoundMethod.php(96): Illuminate/Container/Util::unwrapIfClosure(Object(Closure))
#32 D:/Ngoding/RepoGithub/fiber-manager-G/vendor/laravel/framework/src/Illuminate/Container/BoundMethod.php(35): Illuminate/Container/BoundMethod::callBoundMethod(Object(Illuminate/Foundation/Application), Array, Object(Closure))
#33 D:/Ngoding/RepoGithub/fiber-manager-G/vendor/laravel/framework/src/Illuminate/Container/Container.php(800): Illuminate/Container/BoundMethod::call(Object(Illuminate/Foundation/Application), Array, Array, NULL)
#34 D:/Ngoding/RepoGithub/fiber-manager-G/vendor/laravel/framework/src/Illuminate/Console/Command.php(280): Illuminate/Container/Container->call(Array)
#35 D:/Ngoding/RepoGithub/fiber-manager-G/vendor/symfony/console/Command/Command.php(341): Illuminate/Console/Command->execute(Object(Symfony/Component/Console/Input/ArrayInput), Object(Illuminate/Console/OutputStyle))
#36 D:/Ngoding/RepoGithub/fiber-manager-G/vendor/laravel/framework/src/Illuminate/Console/Command.php(249): Symfony/Component/Console/Command/Command->run(Object(Symfony/Component/Console/Input/ArrayInput), Object(Illuminate/Console/OutputStyle))
#37 D:/Ngoding/RepoGithub/fiber-manager-G/vendor/laravel/framework/src/Illuminate/Console/Concerns/CallsCommands.php(68): Illuminate/Console/Command->run(Object(Symfony/Component/Console/Input/ArrayInput), Object(Illuminate/Console/OutputStyle))
#38 D:/Ngoding/RepoGithub/fiber-manager-G/vendor/laravel/framework/src/Illuminate/Console/Concerns/CallsCommands.php(29): Illuminate/Console/Command->runCommand('db:seed', Array, Object(Illuminate/Console/OutputStyle))
#39 D:/Ngoding/RepoGithub/fiber-manager-G/vendor/laravel/framework/src/Illuminate/Database/Console/Migrations/MigrateCommand.php(127): Illuminate/Console/Command->call('db:seed', Array)
#40 D:/Ngoding/RepoGithub/fiber-manager-G/vendor/laravel/framework/src/Illuminate/Database/Migrations/Migrator.php(672): Illuminate/Database/Console/Migrations/MigrateCommand->Illuminate/Database/Console/Migrations/{closure}()
#41 D:/Ngoding/RepoGithub/fiber-manager-G/vendor/laravel/framework/src/Illuminate/Database/Console/Migrations/MigrateCommand.php(111): Illuminate/Database/Migrations/Migrator->usingConnection(NULL, Object(Closure))
#42 D:/Ngoding/RepoGithub/fiber-manager-G/vendor/laravel/framework/src/Illuminate/Database/Console/Migrations/MigrateCommand.php(90): Illuminate/Database/Console/Migrations/MigrateCommand->runMigrations()
#43 D:/Ngoding/RepoGithub/fiber-manager-G/vendor/laravel/framework/src/Illuminate/Container/BoundMethod.php(36): Illuminate/Database/Console/Migrations/MigrateCommand->handle()
#44 D:/Ngoding/RepoGithub/fiber-manager-G/vendor/laravel/framework/src/Illuminate/Container/Util.php(43): Illuminate/Container/BoundMethod::Illuminate/Container/{closure}()
#45 D:/Ngoding/RepoGithub/fiber-manager-G/vendor/laravel/framework/src/Illuminate/Container/BoundMethod.php(96): Illuminate/Container/Util::unwrapIfClosure(Object(Closure))
#46 D:/Ngoding/RepoGithub/fiber-manager-G/vendor/laravel/framework/src/Illuminate/Container/BoundMethod.php(35): Illuminate/Container/BoundMethod::callBoundMethod(Object(Illuminate/Foundation/Application), Array, Object(Closure))
#47 D:/Ngoding/RepoGithub/fiber-manager-G/vendor/laravel/framework/src/Illuminate/Container/Container.php(800): Illuminate/Container/BoundMethod::call(Object(Illuminate/Foundation/Application), Array, Array, NULL)
#48 D:/Ngoding/RepoGithub/fiber-manager-G/vendor/laravel/framework/src/Illuminate/Console/Command.php(280): Illuminate/Container/Container->call(Array)
#49 D:/Ngoding/RepoGithub/fiber-manager-G/vendor/symfony/console/Command/Command.php(341): Illuminate/Console/Command->execute(Object(Symfony/Component/Console/Input/ArgvInput), Object(Illuminate/Console/OutputStyle))
#50 D:/Ngoding/RepoGithub/fiber-manager-G/vendor/laravel/framework/src/Illuminate/Console/Command.php(249): Symfony/Component/Console/Command/Command->run(Object(Symfony/Component/Console/Input/ArgvInput), Object(Illuminate/Console/OutputStyle))
#51 D:/Ngoding/RepoGithub/fiber-manager-G/vendor/symfony/console/Application.php(1117): Illuminate/Console/Command->run(Object(Symfony/Component/Console/Input/ArgvInput), Object(Symfony/Component/Console/Output/ConsoleOutput))
#52 D:/Ngoding/RepoGithub/fiber-manager-G/vendor/symfony/console/Application.php(356): Symfony/Component/Console/Application->doRunCommand(Object(Illuminate/Database/Console/Migrations/MigrateCommand), Object(Symfony/Component/Console/Input/ArgvInput), Object(Symfony/Component/Console/Output/ConsoleOutput))
#53 D:/Ngoding/RepoGithub/fiber-manager-G/vendor/symfony/console/Application.php(195): Symfony/Component/Console/Application->doRun(Object(Symfony/Component/Console/Input/ArgvInput), Object(Symfony/Component/Console/Output/ConsoleOutput))
#54 D:/Ngoding/RepoGithub/fiber-manager-G/vendor/laravel/framework/src/Illuminate/Foundation/Console/Kernel.php(198): Symfony/Component/Console/Application->run(Object(Symfony/Component/Console/Input/ArgvInput), Object(Symfony/Component/Console/Output/ConsoleOutput))
#55 D:/Ngoding/RepoGithub/fiber-manager-G/vendor/laravel/framework/src/Illuminate/Foundation/Application.php(1242): Illuminate/Foundation/Console/Kernel->handle(Object(Symfony/Component/Console/Input/ArgvInput), Object(Symfony/Component/Console/Output/ConsoleOutput))
#56 D:/Ngoding/RepoGithub/fiber-manager-G/artisan(16): Illuminate/Foundation/Application->handleCommand(Object(Symfony/Component/Console/Input/ArgvInput))
#57 {main}
"} 
[2026-07-28 06:44:52] local.ERROR: SQLSTATE[22003]: Numeric value out of range: 1264 Out of range value for column 'lat' at row 1 (Connection: mysql, Host: 127.0.0.1, Port: 3306, Database: fmg, SQL: insert into `pop` (`name`, `code`, `lat`, `lng`, `location`, `address`, `description`, `updated_at`, `created_at`) values (A, A, 123, 123, Gembong, 123, , 2026-07-28 06:44:52, 2026-07-28 06:44:52)) {"userId":1,"exception":"[object] (Illuminate\\Database\\QueryException(code: 22003): SQLSTATE[22003]: Numeric value out of range: 1264 Out of range value for column 'lat' at row 1 (Connection: mysql, Host: 127.0.0.1, Port: 3306, Database: fmg, SQL: insert into `pop` (`name`, `code`, `lat`, `lng`, `location`, `address`, `description`, `updated_at`, `created_at`) values (A, A, 123, 123, Gembong, 123, , 2026-07-28 06:44:52, 2026-07-28 06:44:52)) at D:/Ngoding/RepoGithub/fiber-manager-G/vendor/laravel/framework/src/Illuminate/Database/Connection.php:857)
[stacktrace]
#0 D:/Ngoding/RepoGithub/fiber-manager-G/vendor/laravel/framework/src/Illuminate/Database/Connection.php(813): Illuminate/Database/Connection->runQueryCallback('insert into `po...', Array, Object(Closure))
#1 D:/Ngoding/RepoGithub/fiber-manager-G/vendor/laravel/framework/src/Illuminate/Database/MySqlConnection.php(42): Illuminate/Database/Connection->run('insert into `po...', Array, Object(Closure))
#2 D:/Ngoding/RepoGithub/fiber-manager-G/vendor/laravel/framework/src/Illuminate/Database/Query/Processors/MySqlProcessor.php(35): Illuminate/Database/MySqlConnection->insert('insert into `po...', Array, 'id')
#3 D:/Ngoding/RepoGithub/fiber-manager-G/vendor/laravel/framework/src/Illuminate/Database/Query/Builder.php(4258): Illuminate/Database/Query/Processors/MySqlProcessor->processInsertGetId(Object(Illuminate/Database/Query/Builder), 'insert into `po...', Array, 'id')
#4 D:/Ngoding/RepoGithub/fiber-manager-G/vendor/laravel/framework/src/Illuminate/Database/Eloquent/Builder.php(2271): Illuminate/Database/Query/Builder->insertGetId(Array, 'id')
#5 D:/Ngoding/RepoGithub/fiber-manager-G/vendor/laravel/framework/src/Illuminate/Database/Eloquent/Model.php(1685): Illuminate/Database/Eloquent/Builder->__call('insertGetId', Array)
#6 D:/Ngoding/RepoGithub/fiber-manager-G/vendor/laravel/framework/src/Illuminate/Database/Eloquent/Model.php(1601): Illuminate/Database/Eloquent/Model->insertAndSetId(Object(Illuminate/Database/Eloquent/Builder), Array)
#7 D:/Ngoding/RepoGithub/fiber-manager-G/vendor/laravel/framework/src/Illuminate/Database/Eloquent/Model.php(1405): Illuminate/Database/Eloquent/Model->performInsert(Object(Illuminate/Database/Eloquent/Builder))
#8 D:/Ngoding/RepoGithub/fiber-manager-G/vendor/laravel/framework/src/Illuminate/Database/Eloquent/Builder.php(1225): Illuminate/Database/Eloquent/Model->save()
#9 D:/Ngoding/RepoGithub/fiber-manager-G/vendor/laravel/framework/src/Illuminate/Support/helpers.php(393): Illuminate/Database/Eloquent/Builder->Illuminate/Database/Eloquent/{closure}(Object(App/Models/Pop))
#10 D:/Ngoding/RepoGithub/fiber-manager-G/vendor/laravel/framework/src/Illuminate/Database/Eloquent/Builder.php(1224): tap(Object(App/Models/Pop), Object(Closure))
#11 D:/Ngoding/RepoGithub/fiber-manager-G/vendor/laravel/framework/src/Illuminate/Support/Traits/ForwardsCalls.php(23): Illuminate/Database/Eloquent/Builder->create(Array)
#12 D:/Ngoding/RepoGithub/fiber-manager-G/vendor/laravel/framework/src/Illuminate/Database/Eloquent/Model.php(2842): Illuminate/Database/Eloquent/Model->forwardCallTo(Object(Illuminate/Database/Eloquent/Builder), 'create', Array)
#13 D:/Ngoding/RepoGithub/fiber-manager-G/vendor/laravel/framework/src/Illuminate/Database/Eloquent/Model.php(2858): Illuminate/Database/Eloquent/Model->__call('create', Array)
#14 D:/Ngoding/RepoGithub/fiber-manager-G/app/Http/Controllers/PopController.php(132): Illuminate/Database/Eloquent/Model::__callStatic('create', Array)
#15 D:/Ngoding/RepoGithub/fiber-manager-G/app/Http/Controllers/PopController.php(35): App/Http/Controllers/PopController->createPOP(Object(Illuminate/Http/Request))
#16 D:/Ngoding/RepoGithub/fiber-manager-G/vendor/laravel/framework/src/Illuminate/Routing/ControllerDispatcher.php(46): App/Http/Controllers/PopController->handle(Object(Illuminate/Http/Request))
#17 D:/Ngoding/RepoGithub/fiber-manager-G/vendor/laravel/framework/src/Illuminate/Routing/Route.php(276): Illuminate/Routing/ControllerDispatcher->dispatch(Object(Illuminate/Routing/Route), Object(App/Http/Controllers/PopController), 'handle')
#18 D:/Ngoding/RepoGithub/fiber-manager-G/vendor/laravel/framework/src/Illuminate/Routing/Route.php(216): Illuminate/Routing/Route->runController()
#19 D:/Ngoding/RepoGithub/fiber-manager-G/vendor/laravel/framework/src/Illuminate/Routing/Router.php(822): Illuminate/Routing/Route->run()
#20 D:/Ngoding/RepoGithub/fiber-manager-G/vendor/laravel/framework/src/Illuminate/Pipeline/Pipeline.php(180): Illuminate/Routing/Router->Illuminate/Routing/{closure}(Object(Illuminate/Http/Request))
#21 D:/Ngoding/RepoGithub/fiber-manager-G/vendor/laravel/framework/src/Illuminate/Routing/Middleware/SubstituteBindings.php(52): Illuminate/Pipeline/Pipeline->Illuminate/Pipeline/{closure}(Object(Illuminate/Http/Request))
#22 D:/Ngoding/RepoGithub/fiber-manager-G/vendor/laravel/framework/src/Illuminate/Pipeline/Pipeline.php(219): Illuminate/Routing/Middleware/SubstituteBindings->handle(Object(Illuminate/Http/Request), Object(Closure))
#23 D:/Ngoding/RepoGithub/fiber-manager-G/vendor/laravel/framework/src/Illuminate/Foundation/Http/Middleware/PreventRequestForgery.php(104): Illuminate/Pipeline/Pipeline->Illuminate/Pipeline/{closure}(Object(Illuminate/Http/Request))
#24 D:/Ngoding/RepoGithub/fiber-manager-G/vendor/laravel/framework/src/Illuminate/Pipeline/Pipeline.php(219): Illuminate/Foundation/Http/Middleware/PreventRequestForgery->handle(Object(Illuminate/Http/Request), Object(Closure))
#25 D:/Ngoding/RepoGithub/fiber-manager-G/vendor/laravel/framework/src/Illuminate/View/Middleware/ShareErrorsFromSession.php(48): Illuminate/Pipeline/Pipeline->Illuminate/Pipeline/{closure}(Object(Illuminate/Http/Request))
#26 D:/Ngoding/RepoGithub/fiber-manager-G/vendor/laravel/framework/src/Illuminate/Pipeline/Pipeline.php(219): Illuminate/View/Middleware/ShareErrorsFromSession->handle(Object(Illuminate/Http/Request), Object(Closure))
#27 D:/Ngoding/RepoGithub/fiber-manager-G/vendor/laravel/framework/src/Illuminate/Session/Middleware/StartSession.php(120): Illuminate/Pipeline/Pipeline->Illuminate/Pipeline/{closure}(Object(Illuminate/Http/Request))
#28 D:/Ngoding/RepoGithub/fiber-manager-G/vendor/laravel/framework/src/Illuminate/Session/Middleware/StartSession.php(63): Illuminate/Session/Middleware/StartSession->handleStatefulRequest(Object(Illuminate/Http/Request), Object(Illuminate/Session/Store), Object(Closure))
#29 D:/Ngoding/RepoGithub/fiber-manager-G/vendor/laravel/framework/src/Illuminate/Pipeline/Pipeline.php(219): Illuminate/Session/Middleware/StartSession->handle(Object(Illuminate/Http/Request), Object(Closure))
#30 D:/Ngoding/RepoGithub/fiber-manager-G/vendor/laravel/framework/src/Illuminate/Cookie/Middleware/AddQueuedCookiesToResponse.php(36): Illuminate/Pipeline/Pipeline->Illuminate/Pipeline/{closure}(Object(Illuminate/Http/Request))
#31 D:/Ngoding/RepoGithub/fiber-manager-G/vendor/laravel/framework/src/Illuminate/Pipeline/Pipeline.php(219): Illuminate/Cookie/Middleware/AddQueuedCookiesToResponse->handle(Object(Illuminate/Http/Request), Object(Closure))
#32 D:/Ngoding/RepoGithub/fiber-manager-G/vendor/laravel/framework/src/Illuminate/Cookie/Middleware/EncryptCookies.php(74): Illuminate/Pipeline/Pipeline->Illuminate/Pipeline/{closure}(Object(Illuminate/Http/Request))
#33 D:/Ngoding/RepoGithub/fiber-manager-G/vendor/laravel/framework/src/Illuminate/Pipeline/Pipeline.php(219): Illuminate/Cookie/Middleware/EncryptCookies->handle(Object(Illuminate/Http/Request), Object(Closure))
#34 D:/Ngoding/RepoGithub/fiber-manager-G/vendor/laravel/framework/src/Illuminate/Pipeline/Pipeline.php(137): Illuminate/Pipeline/Pipeline->Illuminate/Pipeline/{closure}(Object(Illuminate/Http/Request))
#35 D:/Ngoding/RepoGithub/fiber-manager-G/vendor/laravel/framework/src/Illuminate/Routing/Router.php(821): Illuminate/Pipeline/Pipeline->then(Object(Closure))
#36 D:/Ngoding/RepoGithub/fiber-manager-G/vendor/laravel/framework/src/Illuminate/Routing/Router.php(800): Illuminate/Routing/Router->runRouteWithinStack(Object(Illuminate/Routing/Route), Object(Illuminate/Http/Request))
#37 D:/Ngoding/RepoGithub/fiber-manager-G/vendor/laravel/framework/src/Illuminate/Routing/Router.php(764): Illuminate/Routing/Router->runRoute(Object(Illuminate/Http/Request), Object(Illuminate/Routing/Route))
#38 D:/Ngoding/RepoGithub/fiber-manager-G/vendor/laravel/framework/src/Illuminate/Routing/Router.php(753): Illuminate/Routing/Router->dispatchToRoute(Object(Illuminate/Http/Request))
#39 D:/Ngoding/RepoGithub/fiber-manager-G/vendor/laravel/framework/src/Illuminate/Foundation/Http/Kernel.php(200): Illuminate/Routing/Router->dispatch(Object(Illuminate/Http/Request))
#40 D:/Ngoding/RepoGithub/fiber-manager-G/vendor/laravel/framework/src/Illuminate/Pipeline/Pipeline.php(180): Illuminate/Foundation/Http/Kernel->Illuminate/Foundation/Http/{closure}(Object(Illuminate/Http/Request))
#41 D:/Ngoding/RepoGithub/fiber-manager-G/vendor/laravel/framework/src/Illuminate/Foundation/Http/Middleware/TransformsRequest.php(21): Illuminate/Pipeline/Pipeline->Illuminate/Pipeline/{closure}(Object(Illuminate/Http/Request))
#42 D:/Ngoding/RepoGithub/fiber-manager-G/vendor/laravel/framework/src/Illuminate/Foundation/Http/Middleware/ConvertEmptyStringsToNull.php(31): Illuminate/Foundation/Http/Middleware/TransformsRequest->handle(Object(Illuminate/Http/Request), Object(Closure))
#43 D:/Ngoding/RepoGithub/fiber-manager-G/vendor/laravel/framework/src/Illuminate/Pipeline/Pipeline.php(219): Illuminate/Foundation/Http/Middleware/ConvertEmptyStringsToNull->handle(Object(Illuminate/Http/Request), Object(Closure))
#44 D:/Ngoding/RepoGithub/fiber-manager-G/vendor/laravel/framework/src/Illuminate/Foundation/Http/Middleware/TransformsRequest.php(21): Illuminate/Pipeline/Pipeline->Illuminate/Pipeline/{closure}(Object(Illuminate/Http/Request))
#45 D:/Ngoding/RepoGithub/fiber-manager-G/vendor/laravel/framework/src/Illuminate/Foundation/Http/Middleware/TrimStrings.php(51): Illuminate/Foundation/Http/Middleware/TransformsRequest->handle(Object(Illuminate/Http/Request), Object(Closure))
#46 D:/Ngoding/RepoGithub/fiber-manager-G/vendor/laravel/framework/src/Illuminate/Pipeline/Pipeline.php(219): Illuminate/Foundation/Http/Middleware/TrimStrings->handle(Object(Illuminate/Http/Request), Object(Closure))
#47 D:/Ngoding/RepoGithub/fiber-manager-G/vendor/laravel/framework/src/Illuminate/Http/Middleware/ValidatePostSize.php(27): Illuminate/Pipeline/Pipeline->Illuminate/Pipeline/{closure}(Object(Illuminate/Http/Request))
#48 D:/Ngoding/RepoGithub/fiber-manager-G/vendor/laravel/framework/src/Illuminate/Pipeline/Pipeline.php(219): Illuminate/Http/Middleware/ValidatePostSize->handle(Object(Illuminate/Http/Request), Object(Closure))
#49 D:/Ngoding/RepoGithub/fiber-manager-G/vendor/laravel/framework/src/Illuminate/Foundation/Http/Middleware/PreventRequestsDuringMaintenance.php(109): Illuminate/Pipeline/Pipeline->Illuminate/Pipeline/{closure}(Object(Illuminate/Http/Request))
#50 D:/Ngoding/RepoGithub/fiber-manager-G/vendor/laravel/framework/src/Illuminate/Pipeline/Pipeline.php(219): Illuminate/Foundation/Http/Middleware/PreventRequestsDuringMaintenance->handle(Object(Illuminate/Http/Request), Object(Closure))
#51 D:/Ngoding/RepoGithub/fiber-manager-G/vendor/laravel/framework/src/Illuminate/Http/Middleware/HandleCors.php(74): Illuminate/Pipeline/Pipeline->Illuminate/Pipeline/{closure}(Object(Illuminate/Http/Request))
#52 D:/Ngoding/RepoGithub/fiber-manager-G/vendor/laravel/framework/src/Illuminate/Pipeline/Pipeline.php(219): Illuminate/Http/Middleware/HandleCors->handle(Object(Illuminate/Http/Request), Object(Closure))
#53 D:/Ngoding/RepoGithub/fiber-manager-G/vendor/laravel/framework/src/Illuminate/Http/Middleware/TrustProxies.php(58): Illuminate/Pipeline/Pipeline->Illuminate/Pipeline/{closure}(Object(Illuminate/Http/Request))
#54 D:/Ngoding/RepoGithub/fiber-manager-G/vendor/laravel/framework/src/Illuminate/Pipeline/Pipeline.php(219): Illuminate/Http/Middleware/TrustProxies->handle(Object(Illuminate/Http/Request), Object(Closure))
#55 D:/Ngoding/RepoGithub/fiber-manager-G/vendor/laravel/framework/src/Illuminate/Foundation/Http/Middleware/InvokeDeferredCallbacks.php(22): Illuminate/Pipeline/Pipeline->Illuminate/Pipeline/{closure}(Object(Illuminate/Http/Request))
#56 D:/Ngoding/RepoGithub/fiber-manager-G/vendor/laravel/framework/src/Illuminate/Pipeline/Pipeline.php(219): Illuminate/Foundation/Http/Middleware/InvokeDeferredCallbacks->handle(Object(Illuminate/Http/Request), Object(Closure))
#57 D:/Ngoding/RepoGithub/fiber-manager-G/vendor/laravel/framework/src/Illuminate/Http/Middleware/ValidatePathEncoding.php(28): Illuminate/Pipeline/Pipeline->Illuminate/Pipeline/{closure}(Object(Illuminate/Http/Request))
#58 D:/Ngoding/RepoGithub/fiber-manager-G/vendor/laravel/framework/src/Illuminate/Pipeline/Pipeline.php(219): Illuminate/Http/Middleware/ValidatePathEncoding->handle(Object(Illuminate/Http/Request), Object(Closure))
#59 D:/Ngoding/RepoGithub/fiber-manager-G/vendor/laravel/framework/src/Illuminate/Pipeline/Pipeline.php(137): Illuminate/Pipeline/Pipeline->Illuminate/Pipeline/{closure}(Object(Illuminate/Http/Request))
#60 D:/Ngoding/RepoGithub/fiber-manager-G/vendor/laravel/framework/src/Illuminate/Foundation/Http/Kernel.php(175): Illuminate/Pipeline/Pipeline->then(Object(Closure))
#61 D:/Ngoding/RepoGithub/fiber-manager-G/vendor/laravel/framework/src/Illuminate/Foundation/Http/Kernel.php(144): Illuminate/Foundation/Http/Kernel->sendRequestThroughRouter(Object(Illuminate/Http/Request))
#62 D:/Ngoding/RepoGithub/fiber-manager-G/vendor/laravel/framework/src/Illuminate/Foundation/Application.php(1227): Illuminate/Foundation/Http/Kernel->handle(Object(Illuminate/Http/Request))
#63 D:/Ngoding/RepoGithub/fiber-manager-G/public/index.php(20): Illuminate/Foundation/Application->handleRequest(Object(Illuminate/Http/Request))
#64 D:/Ngoding/RepoGithub/fiber-manager-G/vendor/laravel/framework/src/Illuminate/Foundation/resources/server.php(23): require_once('D://Ngoding//Repo...')
#65 {main}

[previous exception] [object] (PDOException(code: 22003): SQLSTATE[22003]: Numeric value out of range: 1264 Out of range value for column 'lat' at row 1 at D:/Ngoding/RepoGithub/fiber-manager-G/vendor/laravel/framework/src/Illuminate/Database/MySqlConnection.php:53)
[stacktrace]
#0 D:/Ngoding/RepoGithub/fiber-manager-G/vendor/laravel/framework/src/Illuminate/Database/MySqlConnection.php(53): PDOStatement->execute()
#1 D:/Ngoding/RepoGithub/fiber-manager-G/vendor/laravel/framework/src/Illuminate/Database/Connection.php(846): Illuminate/Database/MySqlConnection->Illuminate/Database/{closure}('insert into `po...', Array)
#2 D:/Ngoding/RepoGithub/fiber-manager-G/vendor/laravel/framework/src/Illuminate/Database/Connection.php(813): Illuminate/Database/Connection->runQueryCallback('insert into `po...', Array, Object(Closure))
#3 D:/Ngoding/RepoGithub/fiber-manager-G/vendor/laravel/framework/src/Illuminate/Database/MySqlConnection.php(42): Illuminate/Database/Connection->run('insert into `po...', Array, Object(Closure))
#4 D:/Ngoding/RepoGithub/fiber-manager-G/vendor/laravel/framework/src/Illuminate/Database/Query/Processors/MySqlProcessor.php(35): Illuminate/Database/MySqlConnection->insert('insert into `po...', Array, 'id')
#5 D:/Ngoding/RepoGithub/fiber-manager-G/vendor/laravel/framework/src/Illuminate/Database/Query/Builder.php(4258): Illuminate/Database/Query/Processors/MySqlProcessor->processInsertGetId(Object(Illuminate/Database/Query/Builder), 'insert into `po...', Array, 'id')
#6 D:/Ngoding/RepoGithub/fiber-manager-G/vendor/laravel/framework/src/Illuminate/Database/Eloquent/Builder.php(2271): Illuminate/Database/Query/Builder->insertGetId(Array, 'id')
#7 D:/Ngoding/RepoGithub/fiber-manager-G/vendor/laravel/framework/src/Illuminate/Database/Eloquent/Model.php(1685): Illuminate/Database/Eloquent/Builder->__call('insertGetId', Array)
#8 D:/Ngoding/RepoGithub/fiber-manager-G/vendor/laravel/framework/src/Illuminate/Database/Eloquent/Model.php(1601): Illuminate/Database/Eloquent/Model->insertAndSetId(Object(Illuminate/Database/Eloquent/Builder), Array)
#9 D:/Ngoding/RepoGithub/fiber-manager-G/vendor/laravel/framework/src/Illuminate/Database/Eloquent/Model.php(1405): Illuminate/Database/Eloquent/Model->performInsert(Object(Illuminate/Database/Eloquent/Builder))
#10 D:/Ngoding/RepoGithub/fiber-manager-G/vendor/laravel/framework/src/Illuminate/Database/Eloquent/Builder.php(1225): Illuminate/Database/Eloquent/Model->save()
#11 D:/Ngoding/RepoGithub/fiber-manager-G/vendor/laravel/framework/src/Illuminate/Support/helpers.php(393): Illuminate/Database/Eloquent/Builder->Illuminate/Database/Eloquent/{closure}(Object(App/Models/Pop))
#12 D:/Ngoding/RepoGithub/fiber-manager-G/vendor/laravel/framework/src/Illuminate/Database/Eloquent/Builder.php(1224): tap(Object(App/Models/Pop), Object(Closure))
#13 D:/Ngoding/RepoGithub/fiber-manager-G/vendor/laravel/framework/src/Illuminate/Support/Traits/ForwardsCalls.php(23): Illuminate/Database/Eloquent/Builder->create(Array)
#14 D:/Ngoding/RepoGithub/fiber-manager-G/vendor/laravel/framework/src/Illuminate/Database/Eloquent/Model.php(2842): Illuminate/Database/Eloquent/Model->forwardCallTo(Object(Illuminate/Database/Eloquent/Builder), 'create', Array)
#15 D:/Ngoding/RepoGithub/fiber-manager-G/vendor/laravel/framework/src/Illuminate/Database/Eloquent/Model.php(2858): Illuminate/Database/Eloquent/Model->__call('create', Array)
#16 D:/Ngoding/RepoGithub/fiber-manager-G/app/Http/Controllers/PopController.php(132): Illuminate/Database/Eloquent/Model::__callStatic('create', Array)
#17 D:/Ngoding/RepoGithub/fiber-manager-G/app/Http/Controllers/PopController.php(35): App/Http/Controllers/PopController->createPOP(Object(Illuminate/Http/Request))
#18 D:/Ngoding/RepoGithub/fiber-manager-G/vendor/laravel/framework/src/Illuminate/Routing/ControllerDispatcher.php(46): App/Http/Controllers/PopController->handle(Object(Illuminate/Http/Request))
#19 D:/Ngoding/RepoGithub/fiber-manager-G/vendor/laravel/framework/src/Illuminate/Routing/Route.php(276): Illuminate/Routing/ControllerDispatcher->dispatch(Object(Illuminate/Routing/Route), Object(App/Http/Controllers/PopController), 'handle')
#20 D:/Ngoding/RepoGithub/fiber-manager-G/vendor/laravel/framework/src/Illuminate/Routing/Route.php(216): Illuminate/Routing/Route->runController()
#21 D:/Ngoding/RepoGithub/fiber-manager-G/vendor/laravel/framework/src/Illuminate/Routing/Router.php(822): Illuminate/Routing/Route->run()
#22 D:/Ngoding/RepoGithub/fiber-manager-G/vendor/laravel/framework/src/Illuminate/Pipeline/Pipeline.php(180): Illuminate/Routing/Router->Illuminate/Routing/{closure}(Object(Illuminate/Http/Request))
#23 D:/Ngoding/RepoGithub/fiber-manager-G/vendor/laravel/framework/src/Illuminate/Routing/Middleware/SubstituteBindings.php(52): Illuminate/Pipeline/Pipeline->Illuminate/Pipeline/{closure}(Object(Illuminate/Http/Request))
#24 D:/Ngoding/RepoGithub/fiber-manager-G/vendor/laravel/framework/src/Illuminate/Pipeline/Pipeline.php(219): Illuminate/Routing/Middleware/SubstituteBindings->handle(Object(Illuminate/Http/Request), Object(Closure))
#25 D:/Ngoding/RepoGithub/fiber-manager-G/vendor/laravel/framework/src/Illuminate/Foundation/Http/Middleware/PreventRequestForgery.php(104): Illuminate/Pipeline/Pipeline->Illuminate/Pipeline/{closure}(Object(Illuminate/Http/Request))
#26 D:/Ngoding/RepoGithub/fiber-manager-G/vendor/laravel/framework/src/Illuminate/Pipeline/Pipeline.php(219): Illuminate/Foundation/Http/Middleware/PreventRequestForgery->handle(Object(Illuminate/Http/Request), Object(Closure))
#27 D:/Ngoding/RepoGithub/fiber-manager-G/vendor/laravel/framework/src/Illuminate/View/Middleware/ShareErrorsFromSession.php(48): Illuminate/Pipeline/Pipeline->Illuminate/Pipeline/{closure}(Object(Illuminate/Http/Request))
#28 D:/Ngoding/RepoGithub/fiber-manager-G/vendor/laravel/framework/src/Illuminate/Pipeline/Pipeline.php(219): Illuminate/View/Middleware/ShareErrorsFromSession->handle(Object(Illuminate/Http/Request), Object(Closure))
#29 D:/Ngoding/RepoGithub/fiber-manager-G/vendor/laravel/framework/src/Illuminate/Session/Middleware/StartSession.php(120): Illuminate/Pipeline/Pipeline->Illuminate/Pipeline/{closure}(Object(Illuminate/Http/Request))
#30 D:/Ngoding/RepoGithub/fiber-manager-G/vendor/laravel/framework/src/Illuminate/Session/Middleware/StartSession.php(63): Illuminate/Session/Middleware/StartSession->handleStatefulRequest(Object(Illuminate/Http/Request), Object(Illuminate/Session/Store), Object(Closure))
#31 D:/Ngoding/RepoGithub/fiber-manager-G/vendor/laravel/framework/src/Illuminate/Pipeline/Pipeline.php(219): Illuminate/Session/Middleware/StartSession->handle(Object(Illuminate/Http/Request), Object(Closure))
#32 D:/Ngoding/RepoGithub/fiber-manager-G/vendor/laravel/framework/src/Illuminate/Cookie/Middleware/AddQueuedCookiesToResponse.php(36): Illuminate/Pipeline/Pipeline->Illuminate/Pipeline/{closure}(Object(Illuminate/Http/Request))
#33 D:/Ngoding/RepoGithub/fiber-manager-G/vendor/laravel/framework/src/Illuminate/Pipeline/Pipeline.php(219): Illuminate/Cookie/Middleware/AddQueuedCookiesToResponse->handle(Object(Illuminate/Http/Request), Object(Closure))
#34 D:/Ngoding/RepoGithub/fiber-manager-G/vendor/laravel/framework/src/Illuminate/Cookie/Middleware/EncryptCookies.php(74): Illuminate/Pipeline/Pipeline->Illuminate/Pipeline/{closure}(Object(Illuminate/Http/Request))
#35 D:/Ngoding/RepoGithub/fiber-manager-G/vendor/laravel/framework/src/Illuminate/Pipeline/Pipeline.php(219): Illuminate/Cookie/Middleware/EncryptCookies->handle(Object(Illuminate/Http/Request), Object(Closure))
#36 D:/Ngoding/RepoGithub/fiber-manager-G/vendor/laravel/framework/src/Illuminate/Pipeline/Pipeline.php(137): Illuminate/Pipeline/Pipeline->Illuminate/Pipeline/{closure}(Object(Illuminate/Http/Request))
#37 D:/Ngoding/RepoGithub/fiber-manager-G/vendor/laravel/framework/src/Illuminate/Routing/Router.php(821): Illuminate/Pipeline/Pipeline->then(Object(Closure))
#38 D:/Ngoding/RepoGithub/fiber-manager-G/vendor/laravel/framework/src/Illuminate/Routing/Router.php(800): Illuminate/Routing/Router->runRouteWithinStack(Object(Illuminate/Routing/Route), Object(Illuminate/Http/Request))
#39 D:/Ngoding/RepoGithub/fiber-manager-G/vendor/laravel/framework/src/Illuminate/Routing/Router.php(764): Illuminate/Routing/Router->runRoute(Object(Illuminate/Http/Request), Object(Illuminate/Routing/Route))
#40 D:/Ngoding/RepoGithub/fiber-manager-G/vendor/laravel/framework/src/Illuminate/Routing/Router.php(753): Illuminate/Routing/Router->dispatchToRoute(Object(Illuminate/Http/Request))
#41 D:/Ngoding/RepoGithub/fiber-manager-G/vendor/laravel/framework/src/Illuminate/Foundation/Http/Kernel.php(200): Illuminate/Routing/Router->dispatch(Object(Illuminate/Http/Request))
#42 D:/Ngoding/RepoGithub/fiber-manager-G/vendor/laravel/framework/src/Illuminate/Pipeline/Pipeline.php(180): Illuminate/Foundation/Http/Kernel->Illuminate/Foundation/Http/{closure}(Object(Illuminate/Http/Request))
#43 D:/Ngoding/RepoGithub/fiber-manager-G/vendor/laravel/framework/src/Illuminate/Foundation/Http/Middleware/TransformsRequest.php(21): Illuminate/Pipeline/Pipeline->Illuminate/Pipeline/{closure}(Object(Illuminate/Http/Request))
#44 D:/Ngoding/RepoGithub/fiber-manager-G/vendor/laravel/framework/src/Illuminate/Foundation/Http/Middleware/ConvertEmptyStringsToNull.php(31): Illuminate/Foundation/Http/Middleware/TransformsRequest->handle(Object(Illuminate/Http/Request), Object(Closure))
#45 D:/Ngoding/RepoGithub/fiber-manager-G/vendor/laravel/framework/src/Illuminate/Pipeline/Pipeline.php(219): Illuminate/Foundation/Http/Middleware/ConvertEmptyStringsToNull->handle(Object(Illuminate/Http/Request), Object(Closure))
#46 D:/Ngoding/RepoGithub/fiber-manager-G/vendor/laravel/framework/src/Illuminate/Foundation/Http/Middleware/TransformsRequest.php(21): Illuminate/Pipeline/Pipeline->Illuminate/Pipeline/{closure}(Object(Illuminate/Http/Request))
#47 D:/Ngoding/RepoGithub/fiber-manager-G/vendor/laravel/framework/src/Illuminate/Foundation/Http/Middleware/TrimStrings.php(51): Illuminate/Foundation/Http/Middleware/TransformsRequest->handle(Object(Illuminate/Http/Request), Object(Closure))
#48 D:/Ngoding/RepoGithub/fiber-manager-G/vendor/laravel/framework/src/Illuminate/Pipeline/Pipeline.php(219): Illuminate/Foundation/Http/Middleware/TrimStrings->handle(Object(Illuminate/Http/Request), Object(Closure))
#49 D:/Ngoding/RepoGithub/fiber-manager-G/vendor/laravel/framework/src/Illuminate/Http/Middleware/ValidatePostSize.php(27): Illuminate/Pipeline/Pipeline->Illuminate/Pipeline/{closure}(Object(Illuminate/Http/Request))
#50 D:/Ngoding/RepoGithub/fiber-manager-G/vendor/laravel/framework/src/Illuminate/Pipeline/Pipeline.php(219): Illuminate/Http/Middleware/ValidatePostSize->handle(Object(Illuminate/Http/Request), Object(Closure))
#51 D:/Ngoding/RepoGithub/fiber-manager-G/vendor/laravel/framework/src/Illuminate/Foundation/Http/Middleware/PreventRequestsDuringMaintenance.php(109): Illuminate/Pipeline/Pipeline->Illuminate/Pipeline/{closure}(Object(Illuminate/Http/Request))
#52 D:/Ngoding/RepoGithub/fiber-manager-G/vendor/laravel/framework/src/Illuminate/Pipeline/Pipeline.php(219): Illuminate/Foundation/Http/Middleware/PreventRequestsDuringMaintenance->handle(Object(Illuminate/Http/Request), Object(Closure))
#53 D:/Ngoding/RepoGithub/fiber-manager-G/vendor/laravel/framework/src/Illuminate/Http/Middleware/HandleCors.php(74): Illuminate/Pipeline/Pipeline->Illuminate/Pipeline/{closure}(Object(Illuminate/Http/Request))
#54 D:/Ngoding/RepoGithub/fiber-manager-G/vendor/laravel/framework/src/Illuminate/Pipeline/Pipeline.php(219): Illuminate/Http/Middleware/HandleCors->handle(Object(Illuminate/Http/Request), Object(Closure))
#55 D:/Ngoding/RepoGithub/fiber-manager-G/vendor/laravel/framework/src/Illuminate/Http/Middleware/TrustProxies.php(58): Illuminate/Pipeline/Pipeline->Illuminate/Pipeline/{closure}(Object(Illuminate/Http/Request))
#56 D:/Ngoding/RepoGithub/fiber-manager-G/vendor/laravel/framework/src/Illuminate/Pipeline/Pipeline.php(219): Illuminate/Http/Middleware/TrustProxies->handle(Object(Illuminate/Http/Request), Object(Closure))
#57 D:/Ngoding/RepoGithub/fiber-manager-G/vendor/laravel/framework/src/Illuminate/Foundation/Http/Middleware/InvokeDeferredCallbacks.php(22): Illuminate/Pipeline/Pipeline->Illuminate/Pipeline/{closure}(Object(Illuminate/Http/Request))
#58 D:/Ngoding/RepoGithub/fiber-manager-G/vendor/laravel/framework/src/Illuminate/Pipeline/Pipeline.php(219): Illuminate/Foundation/Http/Middleware/InvokeDeferredCallbacks->handle(Object(Illuminate/Http/Request), Object(Closure))
#59 D:/Ngoding/RepoGithub/fiber-manager-G/vendor/laravel/framework/src/Illuminate/Http/Middleware/ValidatePathEncoding.php(28): Illuminate/Pipeline/Pipeline->Illuminate/Pipeline/{closure}(Object(Illuminate/Http/Request))
#60 D:/Ngoding/RepoGithub/fiber-manager-G/vendor/laravel/framework/src/Illuminate/Pipeline/Pipeline.php(219): Illuminate/Http/Middleware/ValidatePathEncoding->handle(Object(Illuminate/Http/Request), Object(Closure))
#61 D:/Ngoding/RepoGithub/fiber-manager-G/vendor/laravel/framework/src/Illuminate/Pipeline/Pipeline.php(137): Illuminate/Pipeline/Pipeline->Illuminate/Pipeline/{closure}(Object(Illuminate/Http/Request))
#62 D:/Ngoding/RepoGithub/fiber-manager-G/vendor/laravel/framework/src/Illuminate/Foundation/Http/Kernel.php(175): Illuminate/Pipeline/Pipeline->then(Object(Closure))
#63 D:/Ngoding/RepoGithub/fiber-manager-G/vendor/laravel/framework/src/Illuminate/Foundation/Http/Kernel.php(144): Illuminate/Foundation/Http/Kernel->sendRequestThroughRouter(Object(Illuminate/Http/Request))
#64 D:/Ngoding/RepoGithub/fiber-manager-G/vendor/laravel/framework/src/Illuminate/Foundation/Application.php(1227): Illuminate/Foundation/Http/Kernel->handle(Object(Illuminate/Http/Request))
#65 D:/Ngoding/RepoGithub/fiber-manager-G/public/index.php(20): Illuminate/Foundation/Application->handleRequest(Object(Illuminate/Http/Request))
#66 D:/Ngoding/RepoGithub/fiber-manager-G/vendor/laravel/framework/src/Illuminate/Foundation/resources/server.php(23): require_once('D://Ngoding//Repo...')
#67 {main}
"} 
[2026-07-28 06:44:54] local.ERROR: SQLSTATE[22003]: Numeric value out of range: 1264 Out of range value for column 'lat' at row 1 (Connection: mysql, Host: 127.0.0.1, Port: 3306, Database: fmg, SQL: insert into `pop` (`name`, `code`, `lat`, `lng`, `location`, `address`, `description`, `updated_at`, `created_at`) values (A, A, 123, 123, Gembong, 123, , 2026-07-28 06:44:54, 2026-07-28 06:44:54)) {"userId":1,"exception":"[object] (Illuminate\\Database\\QueryException(code: 22003): SQLSTATE[22003]: Numeric value out of range: 1264 Out of range value for column 'lat' at row 1 (Connection: mysql, Host: 127.0.0.1, Port: 3306, Database: fmg, SQL: insert into `pop` (`name`, `code`, `lat`, `lng`, `location`, `address`, `description`, `updated_at`, `created_at`) values (A, A, 123, 123, Gembong, 123, , 2026-07-28 06:44:54, 2026-07-28 06:44:54)) at D:/Ngoding/RepoGithub/fiber-manager-G/vendor/laravel/framework/src/Illuminate/Database/Connection.php:857)
[stacktrace]
#0 D:/Ngoding/RepoGithub/fiber-manager-G/vendor/laravel/framework/src/Illuminate/Database/Connection.php(813): Illuminate/Database/Connection->runQueryCallback('insert into `po...', Array, Object(Closure))
#1 D:/Ngoding/RepoGithub/fiber-manager-G/vendor/laravel/framework/src/Illuminate/Database/MySqlConnection.php(42): Illuminate/Database/Connection->run('insert into `po...', Array, Object(Closure))
#2 D:/Ngoding/RepoGithub/fiber-manager-G/vendor/laravel/framework/src/Illuminate/Database/Query/Processors/MySqlProcessor.php(35): Illuminate/Database/MySqlConnection->insert('insert into `po...', Array, 'id')
#3 D:/Ngoding/RepoGithub/fiber-manager-G/vendor/laravel/framework/src/Illuminate/Database/Query/Builder.php(4258): Illuminate/Database/Query/Processors/MySqlProcessor->processInsertGetId(Object(Illuminate/Database/Query/Builder), 'insert into `po...', Array, 'id')
#4 D:/Ngoding/RepoGithub/fiber-manager-G/vendor/laravel/framework/src/Illuminate/Database/Eloquent/Builder.php(2271): Illuminate/Database/Query/Builder->insertGetId(Array, 'id')
#5 D:/Ngoding/RepoGithub/fiber-manager-G/vendor/laravel/framework/src/Illuminate/Database/Eloquent/Model.php(1685): Illuminate/Database/Eloquent/Builder->__call('insertGetId', Array)
#6 D:/Ngoding/RepoGithub/fiber-manager-G/vendor/laravel/framework/src/Illuminate/Database/Eloquent/Model.php(1601): Illuminate/Database/Eloquent/Model->insertAndSetId(Object(Illuminate/Database/Eloquent/Builder), Array)
#7 D:/Ngoding/RepoGithub/fiber-manager-G/vendor/laravel/framework/src/Illuminate/Database/Eloquent/Model.php(1405): Illuminate/Database/Eloquent/Model->performInsert(Object(Illuminate/Database/Eloquent/Builder))
#8 D:/Ngoding/RepoGithub/fiber-manager-G/vendor/laravel/framework/src/Illuminate/Database/Eloquent/Builder.php(1225): Illuminate/Database/Eloquent/Model->save()
#9 D:/Ngoding/RepoGithub/fiber-manager-G/vendor/laravel/framework/src/Illuminate/Support/helpers.php(393): Illuminate/Database/Eloquent/Builder->Illuminate/Database/Eloquent/{closure}(Object(App/Models/Pop))
#10 D:/Ngoding/RepoGithub/fiber-manager-G/vendor/laravel/framework/src/Illuminate/Database/Eloquent/Builder.php(1224): tap(Object(App/Models/Pop), Object(Closure))
#11 D:/Ngoding/RepoGithub/fiber-manager-G/vendor/laravel/framework/src/Illuminate/Support/Traits/ForwardsCalls.php(23): Illuminate/Database/Eloquent/Builder->create(Array)
#12 D:/Ngoding/RepoGithub/fiber-manager-G/vendor/laravel/framework/src/Illuminate/Database/Eloquent/Model.php(2842): Illuminate/Database/Eloquent/Model->forwardCallTo(Object(Illuminate/Database/Eloquent/Builder), 'create', Array)
#13 D:/Ngoding/RepoGithub/fiber-manager-G/vendor/laravel/framework/src/Illuminate/Database/Eloquent/Model.php(2858): Illuminate/Database/Eloquent/Model->__call('create', Array)
#14 D:/Ngoding/RepoGithub/fiber-manager-G/app/Http/Controllers/PopController.php(132): Illuminate/Database/Eloquent/Model::__callStatic('create', Array)
#15 D:/Ngoding/RepoGithub/fiber-manager-G/app/Http/Controllers/PopController.php(35): App/Http/Controllers/PopController->createPOP(Object(Illuminate/Http/Request))
#16 D:/Ngoding/RepoGithub/fiber-manager-G/vendor/laravel/framework/src/Illuminate/Routing/ControllerDispatcher.php(46): App/Http/Controllers/PopController->handle(Object(Illuminate/Http/Request))
#17 D:/Ngoding/RepoGithub/fiber-manager-G/vendor/laravel/framework/src/Illuminate/Routing/Route.php(276): Illuminate/Routing/ControllerDispatcher->dispatch(Object(Illuminate/Routing/Route), Object(App/Http/Controllers/PopController), 'handle')
#18 D:/Ngoding/RepoGithub/fiber-manager-G/vendor/laravel/framework/src/Illuminate/Routing/Route.php(216): Illuminate/Routing/Route->runController()
#19 D:/Ngoding/RepoGithub/fiber-manager-G/vendor/laravel/framework/src/Illuminate/Routing/Router.php(822): Illuminate/Routing/Route->run()
#20 D:/Ngoding/RepoGithub/fiber-manager-G/vendor/laravel/framework/src/Illuminate/Pipeline/Pipeline.php(180): Illuminate/Routing/Router->Illuminate/Routing/{closure}(Object(Illuminate/Http/Request))
#21 D:/Ngoding/RepoGithub/fiber-manager-G/vendor/laravel/framework/src/Illuminate/Routing/Middleware/SubstituteBindings.php(52): Illuminate/Pipeline/Pipeline->Illuminate/Pipeline/{closure}(Object(Illuminate/Http/Request))
#22 D:/Ngoding/RepoGithub/fiber-manager-G/vendor/laravel/framework/src/Illuminate/Pipeline/Pipeline.php(219): Illuminate/Routing/Middleware/SubstituteBindings->handle(Object(Illuminate/Http/Request), Object(Closure))
#23 D:/Ngoding/RepoGithub/fiber-manager-G/vendor/laravel/framework/src/Illuminate/Foundation/Http/Middleware/PreventRequestForgery.php(104): Illuminate/Pipeline/Pipeline->Illuminate/Pipeline/{closure}(Object(Illuminate/Http/Request))
#24 D:/Ngoding/RepoGithub/fiber-manager-G/vendor/laravel/framework/src/Illuminate/Pipeline/Pipeline.php(219): Illuminate/Foundation/Http/Middleware/PreventRequestForgery->handle(Object(Illuminate/Http/Request), Object(Closure))
#25 D:/Ngoding/RepoGithub/fiber-manager-G/vendor/laravel/framework/src/Illuminate/View/Middleware/ShareErrorsFromSession.php(48): Illuminate/Pipeline/Pipeline->Illuminate/Pipeline/{closure}(Object(Illuminate/Http/Request))
#26 D:/Ngoding/RepoGithub/fiber-manager-G/vendor/laravel/framework/src/Illuminate/Pipeline/Pipeline.php(219): Illuminate/View/Middleware/ShareErrorsFromSession->handle(Object(Illuminate/Http/Request), Object(Closure))
#27 D:/Ngoding/RepoGithub/fiber-manager-G/vendor/laravel/framework/src/Illuminate/Session/Middleware/StartSession.php(120): Illuminate/Pipeline/Pipeline->Illuminate/Pipeline/{closure}(Object(Illuminate/Http/Request))
#28 D:/Ngoding/RepoGithub/fiber-manager-G/vendor/laravel/framework/src/Illuminate/Session/Middleware/StartSession.php(63): Illuminate/Session/Middleware/StartSession->handleStatefulRequest(Object(Illuminate/Http/Request), Object(Illuminate/Session/Store), Object(Closure))
#29 D:/Ngoding/RepoGithub/fiber-manager-G/vendor/laravel/framework/src/Illuminate/Pipeline/Pipeline.php(219): Illuminate/Session/Middleware/StartSession->handle(Object(Illuminate/Http/Request), Object(Closure))
#30 D:/Ngoding/RepoGithub/fiber-manager-G/vendor/laravel/framework/src/Illuminate/Cookie/Middleware/AddQueuedCookiesToResponse.php(36): Illuminate/Pipeline/Pipeline->Illuminate/Pipeline/{closure}(Object(Illuminate/Http/Request))
#31 D:/Ngoding/RepoGithub/fiber-manager-G/vendor/laravel/framework/src/Illuminate/Pipeline/Pipeline.php(219): Illuminate/Cookie/Middleware/AddQueuedCookiesToResponse->handle(Object(Illuminate/Http/Request), Object(Closure))
#32 D:/Ngoding/RepoGithub/fiber-manager-G/vendor/laravel/framework/src/Illuminate/Cookie/Middleware/EncryptCookies.php(74): Illuminate/Pipeline/Pipeline->Illuminate/Pipeline/{closure}(Object(Illuminate/Http/Request))
#33 D:/Ngoding/RepoGithub/fiber-manager-G/vendor/laravel/framework/src/Illuminate/Pipeline/Pipeline.php(219): Illuminate/Cookie/Middleware/EncryptCookies->handle(Object(Illuminate/Http/Request), Object(Closure))
#34 D:/Ngoding/RepoGithub/fiber-manager-G/vendor/laravel/framework/src/Illuminate/Pipeline/Pipeline.php(137): Illuminate/Pipeline/Pipeline->Illuminate/Pipeline/{closure}(Object(Illuminate/Http/Request))
#35 D:/Ngoding/RepoGithub/fiber-manager-G/vendor/laravel/framework/src/Illuminate/Routing/Router.php(821): Illuminate/Pipeline/Pipeline->then(Object(Closure))
#36 D:/Ngoding/RepoGithub/fiber-manager-G/vendor/laravel/framework/src/Illuminate/Routing/Router.php(800): Illuminate/Routing/Router->runRouteWithinStack(Object(Illuminate/Routing/Route), Object(Illuminate/Http/Request))
#37 D:/Ngoding/RepoGithub/fiber-manager-G/vendor/laravel/framework/src/Illuminate/Routing/Router.php(764): Illuminate/Routing/Router->runRoute(Object(Illuminate/Http/Request), Object(Illuminate/Routing/Route))
#38 D:/Ngoding/RepoGithub/fiber-manager-G/vendor/laravel/framework/src/Illuminate/Routing/Router.php(753): Illuminate/Routing/Router->dispatchToRoute(Object(Illuminate/Http/Request))
#39 D:/Ngoding/RepoGithub/fiber-manager-G/vendor/laravel/framework/src/Illuminate/Foundation/Http/Kernel.php(200): Illuminate/Routing/Router->dispatch(Object(Illuminate/Http/Request))
#40 D:/Ngoding/RepoGithub/fiber-manager-G/vendor/laravel/framework/src/Illuminate/Pipeline/Pipeline.php(180): Illuminate/Foundation/Http/Kernel->Illuminate/Foundation/Http/{closure}(Object(Illuminate/Http/Request))
#41 D:/Ngoding/RepoGithub/fiber-manager-G/vendor/laravel/framework/src/Illuminate/Foundation/Http/Middleware/TransformsRequest.php(21): Illuminate/Pipeline/Pipeline->Illuminate/Pipeline/{closure}(Object(Illuminate/Http/Request))
#42 D:/Ngoding/RepoGithub/fiber-manager-G/vendor/laravel/framework/src/Illuminate/Foundation/Http/Middleware/ConvertEmptyStringsToNull.php(31): Illuminate/Foundation/Http/Middleware/TransformsRequest->handle(Object(Illuminate/Http/Request), Object(Closure))
#43 D:/Ngoding/RepoGithub/fiber-manager-G/vendor/laravel/framework/src/Illuminate/Pipeline/Pipeline.php(219): Illuminate/Foundation/Http/Middleware/ConvertEmptyStringsToNull->handle(Object(Illuminate/Http/Request), Object(Closure))
#44 D:/Ngoding/RepoGithub/fiber-manager-G/vendor/laravel/framework/src/Illuminate/Foundation/Http/Middleware/TransformsRequest.php(21): Illuminate/Pipeline/Pipeline->Illuminate/Pipeline/{closure}(Object(Illuminate/Http/Request))
#45 D:/Ngoding/RepoGithub/fiber-manager-G/vendor/laravel/framework/src/Illuminate/Foundation/Http/Middleware/TrimStrings.php(51): Illuminate/Foundation/Http/Middleware/TransformsRequest->handle(Object(Illuminate/Http/Request), Object(Closure))
#46 D:/Ngoding/RepoGithub/fiber-manager-G/vendor/laravel/framework/src/Illuminate/Pipeline/Pipeline.php(219): Illuminate/Foundation/Http/Middleware/TrimStrings->handle(Object(Illuminate/Http/Request), Object(Closure))
#47 D:/Ngoding/RepoGithub/fiber-manager-G/vendor/laravel/framework/src/Illuminate/Http/Middleware/ValidatePostSize.php(27): Illuminate/Pipeline/Pipeline->Illuminate/Pipeline/{closure}(Object(Illuminate/Http/Request))
#48 D:/Ngoding/RepoGithub/fiber-manager-G/vendor/laravel/framework/src/Illuminate/Pipeline/Pipeline.php(219): Illuminate/Http/Middleware/ValidatePostSize->handle(Object(Illuminate/Http/Request), Object(Closure))
#49 D:/Ngoding/RepoGithub/fiber-manager-G/vendor/laravel/framework/src/Illuminate/Foundation/Http/Middleware/PreventRequestsDuringMaintenance.php(109): Illuminate/Pipeline/Pipeline->Illuminate/Pipeline/{closure}(Object(Illuminate/Http/Request))
#50 D:/Ngoding/RepoGithub/fiber-manager-G/vendor/laravel/framework/src/Illuminate/Pipeline/Pipeline.php(219): Illuminate/Foundation/Http/Middleware/PreventRequestsDuringMaintenance->handle(Object(Illuminate/Http/Request), Object(Closure))
#51 D:/Ngoding/RepoGithub/fiber-manager-G/vendor/laravel/framework/src/Illuminate/Http/Middleware/HandleCors.php(74): Illuminate/Pipeline/Pipeline->Illuminate/Pipeline/{closure}(Object(Illuminate/Http/Request))
#52 D:/Ngoding/RepoGithub/fiber-manager-G/vendor/laravel/framework/src/Illuminate/Pipeline/Pipeline.php(219): Illuminate/Http/Middleware/HandleCors->handle(Object(Illuminate/Http/Request), Object(Closure))
#53 D:/Ngoding/RepoGithub/fiber-manager-G/vendor/laravel/framework/src/Illuminate/Http/Middleware/TrustProxies.php(58): Illuminate/Pipeline/Pipeline->Illuminate/Pipeline/{closure}(Object(Illuminate/Http/Request))
#54 D:/Ngoding/RepoGithub/fiber-manager-G/vendor/laravel/framework/src/Illuminate/Pipeline/Pipeline.php(219): Illuminate/Http/Middleware/TrustProxies->handle(Object(Illuminate/Http/Request), Object(Closure))
#55 D:/Ngoding/RepoGithub/fiber-manager-G/vendor/laravel/framework/src/Illuminate/Foundation/Http/Middleware/InvokeDeferredCallbacks.php(22): Illuminate/Pipeline/Pipeline->Illuminate/Pipeline/{closure}(Object(Illuminate/Http/Request))
#56 D:/Ngoding/RepoGithub/fiber-manager-G/vendor/laravel/framework/src/Illuminate/Pipeline/Pipeline.php(219): Illuminate/Foundation/Http/Middleware/InvokeDeferredCallbacks->handle(Object(Illuminate/Http/Request), Object(Closure))
#57 D:/Ngoding/RepoGithub/fiber-manager-G/vendor/laravel/framework/src/Illuminate/Http/Middleware/ValidatePathEncoding.php(28): Illuminate/Pipeline/Pipeline->Illuminate/Pipeline/{closure}(Object(Illuminate/Http/Request))
#58 D:/Ngoding/RepoGithub/fiber-manager-G/vendor/laravel/framework/src/Illuminate/Pipeline/Pipeline.php(219): Illuminate/Http/Middleware/ValidatePathEncoding->handle(Object(Illuminate/Http/Request), Object(Closure))
#59 D:/Ngoding/RepoGithub/fiber-manager-G/vendor/laravel/framework/src/Illuminate/Pipeline/Pipeline.php(137): Illuminate/Pipeline/Pipeline->Illuminate/Pipeline/{closure}(Object(Illuminate/Http/Request))
#60 D:/Ngoding/RepoGithub/fiber-manager-G/vendor/laravel/framework/src/Illuminate/Foundation/Http/Kernel.php(175): Illuminate/Pipeline/Pipeline->then(Object(Closure))
#61 D:/Ngoding/RepoGithub/fiber-manager-G/vendor/laravel/framework/src/Illuminate/Foundation/Http/Kernel.php(144): Illuminate/Foundation/Http/Kernel->sendRequestThroughRouter(Object(Illuminate/Http/Request))
#62 D:/Ngoding/RepoGithub/fiber-manager-G/vendor/laravel/framework/src/Illuminate/Foundation/Application.php(1227): Illuminate/Foundation/Http/Kernel->handle(Object(Illuminate/Http/Request))
#63 D:/Ngoding/RepoGithub/fiber-manager-G/public/index.php(20): Illuminate/Foundation/Application->handleRequest(Object(Illuminate/Http/Request))
#64 D:/Ngoding/RepoGithub/fiber-manager-G/vendor/laravel/framework/src/Illuminate/Foundation/resources/server.php(23): require_once('D://Ngoding//Repo...')
#65 {main}

[previous exception] [object] (PDOException(code: 22003): SQLSTATE[22003]: Numeric value out of range: 1264 Out of range value for column 'lat' at row 1 at D:/Ngoding/RepoGithub/fiber-manager-G/vendor/laravel/framework/src/Illuminate/Database/MySqlConnection.php:53)
[stacktrace]
#0 D:/Ngoding/RepoGithub/fiber-manager-G/vendor/laravel/framework/src/Illuminate/Database/MySqlConnection.php(53): PDOStatement->execute()
#1 D:/Ngoding/RepoGithub/fiber-manager-G/vendor/laravel/framework/src/Illuminate/Database/Connection.php(846): Illuminate/Database/MySqlConnection->Illuminate/Database/{closure}('insert into `po...', Array)
#2 D:/Ngoding/RepoGithub/fiber-manager-G/vendor/laravel/framework/src/Illuminate/Database/Connection.php(813): Illuminate/Database/Connection->runQueryCallback('insert into `po...', Array, Object(Closure))
#3 D:/Ngoding/RepoGithub/fiber-manager-G/vendor/laravel/framework/src/Illuminate/Database/MySqlConnection.php(42): Illuminate/Database/Connection->run('insert into `po...', Array, Object(Closure))
#4 D:/Ngoding/RepoGithub/fiber-manager-G/vendor/laravel/framework/src/Illuminate/Database/Query/Processors/MySqlProcessor.php(35): Illuminate/Database/MySqlConnection->insert('insert into `po...', Array, 'id')
#5 D:/Ngoding/RepoGithub/fiber-manager-G/vendor/laravel/framework/src/Illuminate/Database/Query/Builder.php(4258): Illuminate/Database/Query/Processors/MySqlProcessor->processInsertGetId(Object(Illuminate/Database/Query/Builder), 'insert into `po...', Array, 'id')
#6 D:/Ngoding/RepoGithub/fiber-manager-G/vendor/laravel/framework/src/Illuminate/Database/Eloquent/Builder.php(2271): Illuminate/Database/Query/Builder->insertGetId(Array, 'id')
#7 D:/Ngoding/RepoGithub/fiber-manager-G/vendor/laravel/framework/src/Illuminate/Database/Eloquent/Model.php(1685): Illuminate/Database/Eloquent/Builder->__call('insertGetId', Array)
#8 D:/Ngoding/RepoGithub/fiber-manager-G/vendor/laravel/framework/src/Illuminate/Database/Eloquent/Model.php(1601): Illuminate/Database/Eloquent/Model->insertAndSetId(Object(Illuminate/Database/Eloquent/Builder), Array)
#9 D:/Ngoding/RepoGithub/fiber-manager-G/vendor/laravel/framework/src/Illuminate/Database/Eloquent/Model.php(1405): Illuminate/Database/Eloquent/Model->performInsert(Object(Illuminate/Database/Eloquent/Builder))
#10 D:/Ngoding/RepoGithub/fiber-manager-G/vendor/laravel/framework/src/Illuminate/Database/Eloquent/Builder.php(1225): Illuminate/Database/Eloquent/Model->save()
#11 D:/Ngoding/RepoGithub/fiber-manager-G/vendor/laravel/framework/src/Illuminate/Support/helpers.php(393): Illuminate/Database/Eloquent/Builder->Illuminate/Database/Eloquent/{closure}(Object(App/Models/Pop))
#12 D:/Ngoding/RepoGithub/fiber-manager-G/vendor/laravel/framework/src/Illuminate/Database/Eloquent/Builder.php(1224): tap(Object(App/Models/Pop), Object(Closure))
#13 D:/Ngoding/RepoGithub/fiber-manager-G/vendor/laravel/framework/src/Illuminate/Support/Traits/ForwardsCalls.php(23): Illuminate/Database/Eloquent/Builder->create(Array)
#14 D:/Ngoding/RepoGithub/fiber-manager-G/vendor/laravel/framework/src/Illuminate/Database/Eloquent/Model.php(2842): Illuminate/Database/Eloquent/Model->forwardCallTo(Object(Illuminate/Database/Eloquent/Builder), 'create', Array)
#15 D:/Ngoding/RepoGithub/fiber-manager-G/vendor/laravel/framework/src/Illuminate/Database/Eloquent/Model.php(2858): Illuminate/Database/Eloquent/Model->__call('create', Array)
#16 D:/Ngoding/RepoGithub/fiber-manager-G/app/Http/Controllers/PopController.php(132): Illuminate/Database/Eloquent/Model::__callStatic('create', Array)
#17 D:/Ngoding/RepoGithub/fiber-manager-G/app/Http/Controllers/PopController.php(35): App/Http/Controllers/PopController->createPOP(Object(Illuminate/Http/Request))
#18 D:/Ngoding/RepoGithub/fiber-manager-G/vendor/laravel/framework/src/Illuminate/Routing/ControllerDispatcher.php(46): App/Http/Controllers/PopController->handle(Object(Illuminate/Http/Request))
#19 D:/Ngoding/RepoGithub/fiber-manager-G/vendor/laravel/framework/src/Illuminate/Routing/Route.php(276): Illuminate/Routing/ControllerDispatcher->dispatch(Object(Illuminate/Routing/Route), Object(App/Http/Controllers/PopController), 'handle')
#20 D:/Ngoding/RepoGithub/fiber-manager-G/vendor/laravel/framework/src/Illuminate/Routing/Route.php(216): Illuminate/Routing/Route->runController()
#21 D:/Ngoding/RepoGithub/fiber-manager-G/vendor/laravel/framework/src/Illuminate/Routing/Router.php(822): Illuminate/Routing/Route->run()
#22 D:/Ngoding/RepoGithub/fiber-manager-G/vendor/laravel/framework/src/Illuminate/Pipeline/Pipeline.php(180): Illuminate/Routing/Router->Illuminate/Routing/{closure}(Object(Illuminate/Http/Request))
#23 D:/Ngoding/RepoGithub/fiber-manager-G/vendor/laravel/framework/src/Illuminate/Routing/Middleware/SubstituteBindings.php(52): Illuminate/Pipeline/Pipeline->Illuminate/Pipeline/{closure}(Object(Illuminate/Http/Request))
#24 D:/Ngoding/RepoGithub/fiber-manager-G/vendor/laravel/framework/src/Illuminate/Pipeline/Pipeline.php(219): Illuminate/Routing/Middleware/SubstituteBindings->handle(Object(Illuminate/Http/Request), Object(Closure))
#25 D:/Ngoding/RepoGithub/fiber-manager-G/vendor/laravel/framework/src/Illuminate/Foundation/Http/Middleware/PreventRequestForgery.php(104): Illuminate/Pipeline/Pipeline->Illuminate/Pipeline/{closure}(Object(Illuminate/Http/Request))
#26 D:/Ngoding/RepoGithub/fiber-manager-G/vendor/laravel/framework/src/Illuminate/Pipeline/Pipeline.php(219): Illuminate/Foundation/Http/Middleware/PreventRequestForgery->handle(Object(Illuminate/Http/Request), Object(Closure))
#27 D:/Ngoding/RepoGithub/fiber-manager-G/vendor/laravel/framework/src/Illuminate/View/Middleware/ShareErrorsFromSession.php(48): Illuminate/Pipeline/Pipeline->Illuminate/Pipeline/{closure}(Object(Illuminate/Http/Request))
#28 D:/Ngoding/RepoGithub/fiber-manager-G/vendor/laravel/framework/src/Illuminate/Pipeline/Pipeline.php(219): Illuminate/View/Middleware/ShareErrorsFromSession->handle(Object(Illuminate/Http/Request), Object(Closure))
#29 D:/Ngoding/RepoGithub/fiber-manager-G/vendor/laravel/framework/src/Illuminate/Session/Middleware/StartSession.php(120): Illuminate/Pipeline/Pipeline->Illuminate/Pipeline/{closure}(Object(Illuminate/Http/Request))
#30 D:/Ngoding/RepoGithub/fiber-manager-G/vendor/laravel/framework/src/Illuminate/Session/Middleware/StartSession.php(63): Illuminate/Session/Middleware/StartSession->handleStatefulRequest(Object(Illuminate/Http/Request), Object(Illuminate/Session/Store), Object(Closure))
#31 D:/Ngoding/RepoGithub/fiber-manager-G/vendor/laravel/framework/src/Illuminate/Pipeline/Pipeline.php(219): Illuminate/Session/Middleware/StartSession->handle(Object(Illuminate/Http/Request), Object(Closure))
#32 D:/Ngoding/RepoGithub/fiber-manager-G/vendor/laravel/framework/src/Illuminate/Cookie/Middleware/AddQueuedCookiesToResponse.php(36): Illuminate/Pipeline/Pipeline->Illuminate/Pipeline/{closure}(Object(Illuminate/Http/Request))
#33 D:/Ngoding/RepoGithub/fiber-manager-G/vendor/laravel/framework/src/Illuminate/Pipeline/Pipeline.php(219): Illuminate/Cookie/Middleware/AddQueuedCookiesToResponse->handle(Object(Illuminate/Http/Request), Object(Closure))
#34 D:/Ngoding/RepoGithub/fiber-manager-G/vendor/laravel/framework/src/Illuminate/Cookie/Middleware/EncryptCookies.php(74): Illuminate/Pipeline/Pipeline->Illuminate/Pipeline/{closure}(Object(Illuminate/Http/Request))
#35 D:/Ngoding/RepoGithub/fiber-manager-G/vendor/laravel/framework/src/Illuminate/Pipeline/Pipeline.php(219): Illuminate/Cookie/Middleware/EncryptCookies->handle(Object(Illuminate/Http/Request), Object(Closure))
#36 D:/Ngoding/RepoGithub/fiber-manager-G/vendor/laravel/framework/src/Illuminate/Pipeline/Pipeline.php(137): Illuminate/Pipeline/Pipeline->Illuminate/Pipeline/{closure}(Object(Illuminate/Http/Request))
#37 D:/Ngoding/RepoGithub/fiber-manager-G/vendor/laravel/framework/src/Illuminate/Routing/Router.php(821): Illuminate/Pipeline/Pipeline->then(Object(Closure))
#38 D:/Ngoding/RepoGithub/fiber-manager-G/vendor/laravel/framework/src/Illuminate/Routing/Router.php(800): Illuminate/Routing/Router->runRouteWithinStack(Object(Illuminate/Routing/Route), Object(Illuminate/Http/Request))
#39 D:/Ngoding/RepoGithub/fiber-manager-G/vendor/laravel/framework/src/Illuminate/Routing/Router.php(764): Illuminate/Routing/Router->runRoute(Object(Illuminate/Http/Request), Object(Illuminate/Routing/Route))
#40 D:/Ngoding/RepoGithub/fiber-manager-G/vendor/laravel/framework/src/Illuminate/Routing/Router.php(753): Illuminate/Routing/Router->dispatchToRoute(Object(Illuminate/Http/Request))
#41 D:/Ngoding/RepoGithub/fiber-manager-G/vendor/laravel/framework/src/Illuminate/Foundation/Http/Kernel.php(200): Illuminate/Routing/Router->dispatch(Object(Illuminate/Http/Request))
#42 D:/Ngoding/RepoGithub/fiber-manager-G/vendor/laravel/framework/src/Illuminate/Pipeline/Pipeline.php(180): Illuminate/Foundation/Http/Kernel->Illuminate/Foundation/Http/{closure}(Object(Illuminate/Http/Request))
#43 D:/Ngoding/RepoGithub/fiber-manager-G/vendor/laravel/framework/src/Illuminate/Foundation/Http/Middleware/TransformsRequest.php(21): Illuminate/Pipeline/Pipeline->Illuminate/Pipeline/{closure}(Object(Illuminate/Http/Request))
#44 D:/Ngoding/RepoGithub/fiber-manager-G/vendor/laravel/framework/src/Illuminate/Foundation/Http/Middleware/ConvertEmptyStringsToNull.php(31): Illuminate/Foundation/Http/Middleware/TransformsRequest->handle(Object(Illuminate/Http/Request), Object(Closure))
#45 D:/Ngoding/RepoGithub/fiber-manager-G/vendor/laravel/framework/src/Illuminate/Pipeline/Pipeline.php(219): Illuminate/Foundation/Http/Middleware/ConvertEmptyStringsToNull->handle(Object(Illuminate/Http/Request), Object(Closure))
#46 D:/Ngoding/RepoGithub/fiber-manager-G/vendor/laravel/framework/src/Illuminate/Foundation/Http/Middleware/TransformsRequest.php(21): Illuminate/Pipeline/Pipeline->Illuminate/Pipeline/{closure}(Object(Illuminate/Http/Request))
#47 D:/Ngoding/RepoGithub/fiber-manager-G/vendor/laravel/framework/src/Illuminate/Foundation/Http/Middleware/TrimStrings.php(51): Illuminate/Foundation/Http/Middleware/TransformsRequest->handle(Object(Illuminate/Http/Request), Object(Closure))
#48 D:/Ngoding/RepoGithub/fiber-manager-G/vendor/laravel/framework/src/Illuminate/Pipeline/Pipeline.php(219): Illuminate/Foundation/Http/Middleware/TrimStrings->handle(Object(Illuminate/Http/Request), Object(Closure))
#49 D:/Ngoding/RepoGithub/fiber-manager-G/vendor/laravel/framework/src/Illuminate/Http/Middleware/ValidatePostSize.php(27): Illuminate/Pipeline/Pipeline->Illuminate/Pipeline/{closure}(Object(Illuminate/Http/Request))
#50 D:/Ngoding/RepoGithub/fiber-manager-G/vendor/laravel/framework/src/Illuminate/Pipeline/Pipeline.php(219): Illuminate/Http/Middleware/ValidatePostSize->handle(Object(Illuminate/Http/Request), Object(Closure))
#51 D:/Ngoding/RepoGithub/fiber-manager-G/vendor/laravel/framework/src/Illuminate/Foundation/Http/Middleware/PreventRequestsDuringMaintenance.php(109): Illuminate/Pipeline/Pipeline->Illuminate/Pipeline/{closure}(Object(Illuminate/Http/Request))
#52 D:/Ngoding/RepoGithub/fiber-manager-G/vendor/laravel/framework/src/Illuminate/Pipeline/Pipeline.php(219): Illuminate/Foundation/Http/Middleware/PreventRequestsDuringMaintenance->handle(Object(Illuminate/Http/Request), Object(Closure))
#53 D:/Ngoding/RepoGithub/fiber-manager-G/vendor/laravel/framework/src/Illuminate/Http/Middleware/HandleCors.php(74): Illuminate/Pipeline/Pipeline->Illuminate/Pipeline/{closure}(Object(Illuminate/Http/Request))
#54 D:/Ngoding/RepoGithub/fiber-manager-G/vendor/laravel/framework/src/Illuminate/Pipeline/Pipeline.php(219): Illuminate/Http/Middleware/HandleCors->handle(Object(Illuminate/Http/Request), Object(Closure))
#55 D:/Ngoding/RepoGithub/fiber-manager-G/vendor/laravel/framework/src/Illuminate/Http/Middleware/TrustProxies.php(58): Illuminate/Pipeline/Pipeline->Illuminate/Pipeline/{closure}(Object(Illuminate/Http/Request))
#56 D:/Ngoding/RepoGithub/fiber-manager-G/vendor/laravel/framework/src/Illuminate/Pipeline/Pipeline.php(219): Illuminate/Http/Middleware/TrustProxies->handle(Object(Illuminate/Http/Request), Object(Closure))
#57 D:/Ngoding/RepoGithub/fiber-manager-G/vendor/laravel/framework/src/Illuminate/Foundation/Http/Middleware/InvokeDeferredCallbacks.php(22): Illuminate/Pipeline/Pipeline->Illuminate/Pipeline/{closure}(Object(Illuminate/Http/Request))
#58 D:/Ngoding/RepoGithub/fiber-manager-G/vendor/laravel/framework/src/Illuminate/Pipeline/Pipeline.php(219): Illuminate/Foundation/Http/Middleware/InvokeDeferredCallbacks->handle(Object(Illuminate/Http/Request), Object(Closure))
#59 D:/Ngoding/RepoGithub/fiber-manager-G/vendor/laravel/framework/src/Illuminate/Http/Middleware/ValidatePathEncoding.php(28): Illuminate/Pipeline/Pipeline->Illuminate/Pipeline/{closure}(Object(Illuminate/Http/Request))
#60 D:/Ngoding/RepoGithub/fiber-manager-G/vendor/laravel/framework/src/Illuminate/Pipeline/Pipeline.php(219): Illuminate/Http/Middleware/ValidatePathEncoding->handle(Object(Illuminate/Http/Request), Object(Closure))
#61 D:/Ngoding/RepoGithub/fiber-manager-G/vendor/laravel/framework/src/Illuminate/Pipeline/Pipeline.php(137): Illuminate/Pipeline/Pipeline->Illuminate/Pipeline/{closure}(Object(Illuminate/Http/Request))
#62 D:/Ngoding/RepoGithub/fiber-manager-G/vendor/laravel/framework/src/Illuminate/Foundation/Http/Kernel.php(175): Illuminate/Pipeline/Pipeline->then(Object(Closure))
#63 D:/Ngoding/RepoGithub/fiber-manager-G/vendor/laravel/framework/src/Illuminate/Foundation/Http/Kernel.php(144): Illuminate/Foundation/Http/Kernel->sendRequestThroughRouter(Object(Illuminate/Http/Request))
#64 D:/Ngoding/RepoGithub/fiber-manager-G/vendor/laravel/framework/src/Illuminate/Foundation/Application.php(1227): Illuminate/Foundation/Http/Kernel->handle(Object(Illuminate/Http/Request))
#65 D:/Ngoding/RepoGithub/fiber-manager-G/public/index.php(20): Illuminate/Foundation/Application->handleRequest(Object(Illuminate/Http/Request))
#66 D:/Ngoding/RepoGithub/fiber-manager-G/vendor/laravel/framework/src/Illuminate/Foundation/resources/server.php(23): require_once('D://Ngoding//Repo...')
#67 {main}
"} 
[2026-07-28 06:45:03] local.ERROR: SQLSTATE[22003]: Numeric value out of range: 1264 Out of range value for column 'lat' at row 1 (Connection: mysql, Host: 127.0.0.1, Port: 3306, Database: fmg, SQL: insert into `pop` (`name`, `code`, `lat`, `lng`, `location`, `address`, `description`, `updated_at`, `created_at`) values (A, A, -123, 123.1321, Gembong, 123, , 2026-07-28 06:45:03, 2026-07-28 06:45:03)) {"userId":1,"exception":"[object] (Illuminate\\Database\\QueryException(code: 22003): SQLSTATE[22003]: Numeric value out of range: 1264 Out of range value for column 'lat' at row 1 (Connection: mysql, Host: 127.0.0.1, Port: 3306, Database: fmg, SQL: insert into `pop` (`name`, `code`, `lat`, `lng`, `location`, `address`, `description`, `updated_at`, `created_at`) values (A, A, -123, 123.1321, Gembong, 123, , 2026-07-28 06:45:03, 2026-07-28 06:45:03)) at D:/Ngoding/RepoGithub/fiber-manager-G/vendor/laravel/framework/src/Illuminate/Database/Connection.php:857)
[stacktrace]
#0 D:/Ngoding/RepoGithub/fiber-manager-G/vendor/laravel/framework/src/Illuminate/Database/Connection.php(813): Illuminate/Database/Connection->runQueryCallback('insert into `po...', Array, Object(Closure))
#1 D:/Ngoding/RepoGithub/fiber-manager-G/vendor/laravel/framework/src/Illuminate/Database/MySqlConnection.php(42): Illuminate/Database/Connection->run('insert into `po...', Array, Object(Closure))
#2 D:/Ngoding/RepoGithub/fiber-manager-G/vendor/laravel/framework/src/Illuminate/Database/Query/Processors/MySqlProcessor.php(35): Illuminate/Database/MySqlConnection->insert('insert into `po...', Array, 'id')
#3 D:/Ngoding/RepoGithub/fiber-manager-G/vendor/laravel/framework/src/Illuminate/Database/Query/Builder.php(4258): Illuminate/Database/Query/Processors/MySqlProcessor->processInsertGetId(Object(Illuminate/Database/Query/Builder), 'insert into `po...', Array, 'id')
#4 D:/Ngoding/RepoGithub/fiber-manager-G/vendor/laravel/framework/src/Illuminate/Database/Eloquent/Builder.php(2271): Illuminate/Database/Query/Builder->insertGetId(Array, 'id')
#5 D:/Ngoding/RepoGithub/fiber-manager-G/vendor/laravel/framework/src/Illuminate/Database/Eloquent/Model.php(1685): Illuminate/Database/Eloquent/Builder->__call('insertGetId', Array)
#6 D:/Ngoding/RepoGithub/fiber-manager-G/vendor/laravel/framework/src/Illuminate/Database/Eloquent/Model.php(1601): Illuminate/Database/Eloquent/Model->insertAndSetId(Object(Illuminate/Database/Eloquent/Builder), Array)
#7 D:/Ngoding/RepoGithub/fiber-manager-G/vendor/laravel/framework/src/Illuminate/Database/Eloquent/Model.php(1405): Illuminate/Database/Eloquent/Model->performInsert(Object(Illuminate/Database/Eloquent/Builder))
#8 D:/Ngoding/RepoGithub/fiber-manager-G/vendor/laravel/framework/src/Illuminate/Database/Eloquent/Builder.php(1225): Illuminate/Database/Eloquent/Model->save()
#9 D:/Ngoding/RepoGithub/fiber-manager-G/vendor/laravel/framework/src/Illuminate/Support/helpers.php(393): Illuminate/Database/Eloquent/Builder->Illuminate/Database/Eloquent/{closure}(Object(App/Models/Pop))
#10 D:/Ngoding/RepoGithub/fiber-manager-G/vendor/laravel/framework/src/Illuminate/Database/Eloquent/Builder.php(1224): tap(Object(App/Models/Pop), Object(Closure))
#11 D:/Ngoding/RepoGithub/fiber-manager-G/vendor/laravel/framework/src/Illuminate/Support/Traits/ForwardsCalls.php(23): Illuminate/Database/Eloquent/Builder->create(Array)
#12 D:/Ngoding/RepoGithub/fiber-manager-G/vendor/laravel/framework/src/Illuminate/Database/Eloquent/Model.php(2842): Illuminate/Database/Eloquent/Model->forwardCallTo(Object(Illuminate/Database/Eloquent/Builder), 'create', Array)
#13 D:/Ngoding/RepoGithub/fiber-manager-G/vendor/laravel/framework/src/Illuminate/Database/Eloquent/Model.php(2858): Illuminate/Database/Eloquent/Model->__call('create', Array)
#14 D:/Ngoding/RepoGithub/fiber-manager-G/app/Http/Controllers/PopController.php(132): Illuminate/Database/Eloquent/Model::__callStatic('create', Array)
#15 D:/Ngoding/RepoGithub/fiber-manager-G/app/Http/Controllers/PopController.php(35): App/Http/Controllers/PopController->createPOP(Object(Illuminate/Http/Request))
#16 D:/Ngoding/RepoGithub/fiber-manager-G/vendor/laravel/framework/src/Illuminate/Routing/ControllerDispatcher.php(46): App/Http/Controllers/PopController->handle(Object(Illuminate/Http/Request))
#17 D:/Ngoding/RepoGithub/fiber-manager-G/vendor/laravel/framework/src/Illuminate/Routing/Route.php(276): Illuminate/Routing/ControllerDispatcher->dispatch(Object(Illuminate/Routing/Route), Object(App/Http/Controllers/PopController), 'handle')
#18 D:/Ngoding/RepoGithub/fiber-manager-G/vendor/laravel/framework/src/Illuminate/Routing/Route.php(216): Illuminate/Routing/Route->runController()
#19 D:/Ngoding/RepoGithub/fiber-manager-G/vendor/laravel/framework/src/Illuminate/Routing/Router.php(822): Illuminate/Routing/Route->run()
#20 D:/Ngoding/RepoGithub/fiber-manager-G/vendor/laravel/framework/src/Illuminate/Pipeline/Pipeline.php(180): Illuminate/Routing/Router->Illuminate/Routing/{closure}(Object(Illuminate/Http/Request))
#21 D:/Ngoding/RepoGithub/fiber-manager-G/vendor/laravel/framework/src/Illuminate/Routing/Middleware/SubstituteBindings.php(52): Illuminate/Pipeline/Pipeline->Illuminate/Pipeline/{closure}(Object(Illuminate/Http/Request))
#22 D:/Ngoding/RepoGithub/fiber-manager-G/vendor/laravel/framework/src/Illuminate/Pipeline/Pipeline.php(219): Illuminate/Routing/Middleware/SubstituteBindings->handle(Object(Illuminate/Http/Request), Object(Closure))
#23 D:/Ngoding/RepoGithub/fiber-manager-G/vendor/laravel/framework/src/Illuminate/Foundation/Http/Middleware/PreventRequestForgery.php(104): Illuminate/Pipeline/Pipeline->Illuminate/Pipeline/{closure}(Object(Illuminate/Http/Request))
#24 D:/Ngoding/RepoGithub/fiber-manager-G/vendor/laravel/framework/src/Illuminate/Pipeline/Pipeline.php(219): Illuminate/Foundation/Http/Middleware/PreventRequestForgery->handle(Object(Illuminate/Http/Request), Object(Closure))
#25 D:/Ngoding/RepoGithub/fiber-manager-G/vendor/laravel/framework/src/Illuminate/View/Middleware/ShareErrorsFromSession.php(48): Illuminate/Pipeline/Pipeline->Illuminate/Pipeline/{closure}(Object(Illuminate/Http/Request))
#26 D:/Ngoding/RepoGithub/fiber-manager-G/vendor/laravel/framework/src/Illuminate/Pipeline/Pipeline.php(219): Illuminate/View/Middleware/ShareErrorsFromSession->handle(Object(Illuminate/Http/Request), Object(Closure))
#27 D:/Ngoding/RepoGithub/fiber-manager-G/vendor/laravel/framework/src/Illuminate/Session/Middleware/StartSession.php(120): Illuminate/Pipeline/Pipeline->Illuminate/Pipeline/{closure}(Object(Illuminate/Http/Request))
#28 D:/Ngoding/RepoGithub/fiber-manager-G/vendor/laravel/framework/src/Illuminate/Session/Middleware/StartSession.php(63): Illuminate/Session/Middleware/StartSession->handleStatefulRequest(Object(Illuminate/Http/Request), Object(Illuminate/Session/Store), Object(Closure))
#29 D:/Ngoding/RepoGithub/fiber-manager-G/vendor/laravel/framework/src/Illuminate/Pipeline/Pipeline.php(219): Illuminate/Session/Middleware/StartSession->handle(Object(Illuminate/Http/Request), Object(Closure))
#30 D:/Ngoding/RepoGithub/fiber-manager-G/vendor/laravel/framework/src/Illuminate/Cookie/Middleware/AddQueuedCookiesToResponse.php(36): Illuminate/Pipeline/Pipeline->Illuminate/Pipeline/{closure}(Object(Illuminate/Http/Request))
#31 D:/Ngoding/RepoGithub/fiber-manager-G/vendor/laravel/framework/src/Illuminate/Pipeline/Pipeline.php(219): Illuminate/Cookie/Middleware/AddQueuedCookiesToResponse->handle(Object(Illuminate/Http/Request), Object(Closure))
#32 D:/Ngoding/RepoGithub/fiber-manager-G/vendor/laravel/framework/src/Illuminate/Cookie/Middleware/EncryptCookies.php(74): Illuminate/Pipeline/Pipeline->Illuminate/Pipeline/{closure}(Object(Illuminate/Http/Request))
#33 D:/Ngoding/RepoGithub/fiber-manager-G/vendor/laravel/framework/src/Illuminate/Pipeline/Pipeline.php(219): Illuminate/Cookie/Middleware/EncryptCookies->handle(Object(Illuminate/Http/Request), Object(Closure))
#34 D:/Ngoding/RepoGithub/fiber-manager-G/vendor/laravel/framework/src/Illuminate/Pipeline/Pipeline.php(137): Illuminate/Pipeline/Pipeline->Illuminate/Pipeline/{closure}(Object(Illuminate/Http/Request))
#35 D:/Ngoding/RepoGithub/fiber-manager-G/vendor/laravel/framework/src/Illuminate/Routing/Router.php(821): Illuminate/Pipeline/Pipeline->then(Object(Closure))
#36 D:/Ngoding/RepoGithub/fiber-manager-G/vendor/laravel/framework/src/Illuminate/Routing/Router.php(800): Illuminate/Routing/Router->runRouteWithinStack(Object(Illuminate/Routing/Route), Object(Illuminate/Http/Request))
#37 D:/Ngoding/RepoGithub/fiber-manager-G/vendor/laravel/framework/src/Illuminate/Routing/Router.php(764): Illuminate/Routing/Router->runRoute(Object(Illuminate/Http/Request), Object(Illuminate/Routing/Route))
#38 D:/Ngoding/RepoGithub/fiber-manager-G/vendor/laravel/framework/src/Illuminate/Routing/Router.php(753): Illuminate/Routing/Router->dispatchToRoute(Object(Illuminate/Http/Request))
#39 D:/Ngoding/RepoGithub/fiber-manager-G/vendor/laravel/framework/src/Illuminate/Foundation/Http/Kernel.php(200): Illuminate/Routing/Router->dispatch(Object(Illuminate/Http/Request))
#40 D:/Ngoding/RepoGithub/fiber-manager-G/vendor/laravel/framework/src/Illuminate/Pipeline/Pipeline.php(180): Illuminate/Foundation/Http/Kernel->Illuminate/Foundation/Http/{closure}(Object(Illuminate/Http/Request))
#41 D:/Ngoding/RepoGithub/fiber-manager-G/vendor/laravel/framework/src/Illuminate/Foundation/Http/Middleware/TransformsRequest.php(21): Illuminate/Pipeline/Pipeline->Illuminate/Pipeline/{closure}(Object(Illuminate/Http/Request))
#42 D:/Ngoding/RepoGithub/fiber-manager-G/vendor/laravel/framework/src/Illuminate/Foundation/Http/Middleware/ConvertEmptyStringsToNull.php(31): Illuminate/Foundation/Http/Middleware/TransformsRequest->handle(Object(Illuminate/Http/Request), Object(Closure))
#43 D:/Ngoding/RepoGithub/fiber-manager-G/vendor/laravel/framework/src/Illuminate/Pipeline/Pipeline.php(219): Illuminate/Foundation/Http/Middleware/ConvertEmptyStringsToNull->handle(Object(Illuminate/Http/Request), Object(Closure))
#44 D:/Ngoding/RepoGithub/fiber-manager-G/vendor/laravel/framework/src/Illuminate/Foundation/Http/Middleware/TransformsRequest.php(21): Illuminate/Pipeline/Pipeline->Illuminate/Pipeline/{closure}(Object(Illuminate/Http/Request))
#45 D:/Ngoding/RepoGithub/fiber-manager-G/vendor/laravel/framework/src/Illuminate/Foundation/Http/Middleware/TrimStrings.php(51): Illuminate/Foundation/Http/Middleware/TransformsRequest->handle(Object(Illuminate/Http/Request), Object(Closure))
#46 D:/Ngoding/RepoGithub/fiber-manager-G/vendor/laravel/framework/src/Illuminate/Pipeline/Pipeline.php(219): Illuminate/Foundation/Http/Middleware/TrimStrings->handle(Object(Illuminate/Http/Request), Object(Closure))
#47 D:/Ngoding/RepoGithub/fiber-manager-G/vendor/laravel/framework/src/Illuminate/Http/Middleware/ValidatePostSize.php(27): Illuminate/Pipeline/Pipeline->Illuminate/Pipeline/{closure}(Object(Illuminate/Http/Request))
#48 D:/Ngoding/RepoGithub/fiber-manager-G/vendor/laravel/framework/src/Illuminate/Pipeline/Pipeline.php(219): Illuminate/Http/Middleware/ValidatePostSize->handle(Object(Illuminate/Http/Request), Object(Closure))
#49 D:/Ngoding/RepoGithub/fiber-manager-G/vendor/laravel/framework/src/Illuminate/Foundation/Http/Middleware/PreventRequestsDuringMaintenance.php(109): Illuminate/Pipeline/Pipeline->Illuminate/Pipeline/{closure}(Object(Illuminate/Http/Request))
#50 D:/Ngoding/RepoGithub/fiber-manager-G/vendor/laravel/framework/src/Illuminate/Pipeline/Pipeline.php(219): Illuminate/Foundation/Http/Middleware/PreventRequestsDuringMaintenance->handle(Object(Illuminate/Http/Request), Object(Closure))
#51 D:/Ngoding/RepoGithub/fiber-manager-G/vendor/laravel/framework/src/Illuminate/Http/Middleware/HandleCors.php(74): Illuminate/Pipeline/Pipeline->Illuminate/Pipeline/{closure}(Object(Illuminate/Http/Request))
#52 D:/Ngoding/RepoGithub/fiber-manager-G/vendor/laravel/framework/src/Illuminate/Pipeline/Pipeline.php(219): Illuminate/Http/Middleware/HandleCors->handle(Object(Illuminate/Http/Request), Object(Closure))
#53 D:/Ngoding/RepoGithub/fiber-manager-G/vendor/laravel/framework/src/Illuminate/Http/Middleware/TrustProxies.php(58): Illuminate/Pipeline/Pipeline->Illuminate/Pipeline/{closure}(Object(Illuminate/Http/Request))
#54 D:/Ngoding/RepoGithub/fiber-manager-G/vendor/laravel/framework/src/Illuminate/Pipeline/Pipeline.php(219): Illuminate/Http/Middleware/TrustProxies->handle(Object(Illuminate/Http/Request), Object(Closure))
#55 D:/Ngoding/RepoGithub/fiber-manager-G/vendor/laravel/framework/src/Illuminate/Foundation/Http/Middleware/InvokeDeferredCallbacks.php(22): Illuminate/Pipeline/Pipeline->Illuminate/Pipeline/{closure}(Object(Illuminate/Http/Request))
#56 D:/Ngoding/RepoGithub/fiber-manager-G/vendor/laravel/framework/src/Illuminate/Pipeline/Pipeline.php(219): Illuminate/Foundation/Http/Middleware/InvokeDeferredCallbacks->handle(Object(Illuminate/Http/Request), Object(Closure))
#57 D:/Ngoding/RepoGithub/fiber-manager-G/vendor/laravel/framework/src/Illuminate/Http/Middleware/ValidatePathEncoding.php(28): Illuminate/Pipeline/Pipeline->Illuminate/Pipeline/{closure}(Object(Illuminate/Http/Request))
#58 D:/Ngoding/RepoGithub/fiber-manager-G/vendor/laravel/framework/src/Illuminate/Pipeline/Pipeline.php(219): Illuminate/Http/Middleware/ValidatePathEncoding->handle(Object(Illuminate/Http/Request), Object(Closure))
#59 D:/Ngoding/RepoGithub/fiber-manager-G/vendor/laravel/framework/src/Illuminate/Pipeline/Pipeline.php(137): Illuminate/Pipeline/Pipeline->Illuminate/Pipeline/{closure}(Object(Illuminate/Http/Request))
#60 D:/Ngoding/RepoGithub/fiber-manager-G/vendor/laravel/framework/src/Illuminate/Foundation/Http/Kernel.php(175): Illuminate/Pipeline/Pipeline->then(Object(Closure))
#61 D:/Ngoding/RepoGithub/fiber-manager-G/vendor/laravel/framework/src/Illuminate/Foundation/Http/Kernel.php(144): Illuminate/Foundation/Http/Kernel->sendRequestThroughRouter(Object(Illuminate/Http/Request))
#62 D:/Ngoding/RepoGithub/fiber-manager-G/vendor/laravel/framework/src/Illuminate/Foundation/Application.php(1227): Illuminate/Foundation/Http/Kernel->handle(Object(Illuminate/Http/Request))
#63 D:/Ngoding/RepoGithub/fiber-manager-G/public/index.php(20): Illuminate/Foundation/Application->handleRequest(Object(Illuminate/Http/Request))
#64 D:/Ngoding/RepoGithub/fiber-manager-G/vendor/laravel/framework/src/Illuminate/Foundation/resources/server.php(23): require_once('D://Ngoding//Repo...')
#65 {main}

[previous exception] [object] (PDOException(code: 22003): SQLSTATE[22003]: Numeric value out of range: 1264 Out of range value for column 'lat' at row 1 at D:/Ngoding/RepoGithub/fiber-manager-G/vendor/laravel/framework/src/Illuminate/Database/MySqlConnection.php:53)
[stacktrace]
#0 D:/Ngoding/RepoGithub/fiber-manager-G/vendor/laravel/framework/src/Illuminate/Database/MySqlConnection.php(53): PDOStatement->execute()
#1 D:/Ngoding/RepoGithub/fiber-manager-G/vendor/laravel/framework/src/Illuminate/Database/Connection.php(846): Illuminate/Database/MySqlConnection->Illuminate/Database/{closure}('insert into `po...', Array)
#2 D:/Ngoding/RepoGithub/fiber-manager-G/vendor/laravel/framework/src/Illuminate/Database/Connection.php(813): Illuminate/Database/Connection->runQueryCallback('insert into `po...', Array, Object(Closure))
#3 D:/Ngoding/RepoGithub/fiber-manager-G/vendor/laravel/framework/src/Illuminate/Database/MySqlConnection.php(42): Illuminate/Database/Connection->run('insert into `po...', Array, Object(Closure))
#4 D:/Ngoding/RepoGithub/fiber-manager-G/vendor/laravel/framework/src/Illuminate/Database/Query/Processors/MySqlProcessor.php(35): Illuminate/Database/MySqlConnection->insert('insert into `po...', Array, 'id')
#5 D:/Ngoding/RepoGithub/fiber-manager-G/vendor/laravel/framework/src/Illuminate/Database/Query/Builder.php(4258): Illuminate/Database/Query/Processors/MySqlProcessor->processInsertGetId(Object(Illuminate/Database/Query/Builder), 'insert into `po...', Array, 'id')
#6 D:/Ngoding/RepoGithub/fiber-manager-G/vendor/laravel/framework/src/Illuminate/Database/Eloquent/Builder.php(2271): Illuminate/Database/Query/Builder->insertGetId(Array, 'id')
#7 D:/Ngoding/RepoGithub/fiber-manager-G/vendor/laravel/framework/src/Illuminate/Database/Eloquent/Model.php(1685): Illuminate/Database/Eloquent/Builder->__call('insertGetId', Array)
#8 D:/Ngoding/RepoGithub/fiber-manager-G/vendor/laravel/framework/src/Illuminate/Database/Eloquent/Model.php(1601): Illuminate/Database/Eloquent/Model->insertAndSetId(Object(Illuminate/Database/Eloquent/Builder), Array)
#9 D:/Ngoding/RepoGithub/fiber-manager-G/vendor/laravel/framework/src/Illuminate/Database/Eloquent/Model.php(1405): Illuminate/Database/Eloquent/Model->performInsert(Object(Illuminate/Database/Eloquent/Builder))
#10 D:/Ngoding/RepoGithub/fiber-manager-G/vendor/laravel/framework/src/Illuminate/Database/Eloquent/Builder.php(1225): Illuminate/Database/Eloquent/Model->save()
#11 D:/Ngoding/RepoGithub/fiber-manager-G/vendor/laravel/framework/src/Illuminate/Support/helpers.php(393): Illuminate/Database/Eloquent/Builder->Illuminate/Database/Eloquent/{closure}(Object(App/Models/Pop))
#12 D:/Ngoding/RepoGithub/fiber-manager-G/vendor/laravel/framework/src/Illuminate/Database/Eloquent/Builder.php(1224): tap(Object(App/Models/Pop), Object(Closure))
#13 D:/Ngoding/RepoGithub/fiber-manager-G/vendor/laravel/framework/src/Illuminate/Support/Traits/ForwardsCalls.php(23): Illuminate/Database/Eloquent/Builder->create(Array)
#14 D:/Ngoding/RepoGithub/fiber-manager-G/vendor/laravel/framework/src/Illuminate/Database/Eloquent/Model.php(2842): Illuminate/Database/Eloquent/Model->forwardCallTo(Object(Illuminate/Database/Eloquent/Builder), 'create', Array)
#15 D:/Ngoding/RepoGithub/fiber-manager-G/vendor/laravel/framework/src/Illuminate/Database/Eloquent/Model.php(2858): Illuminate/Database/Eloquent/Model->__call('create', Array)
#16 D:/Ngoding/RepoGithub/fiber-manager-G/app/Http/Controllers/PopController.php(132): Illuminate/Database/Eloquent/Model::__callStatic('create', Array)
#17 D:/Ngoding/RepoGithub/fiber-manager-G/app/Http/Controllers/PopController.php(35): App/Http/Controllers/PopController->createPOP(Object(Illuminate/Http/Request))
#18 D:/Ngoding/RepoGithub/fiber-manager-G/vendor/laravel/framework/src/Illuminate/Routing/ControllerDispatcher.php(46): App/Http/Controllers/PopController->handle(Object(Illuminate/Http/Request))
#19 D:/Ngoding/RepoGithub/fiber-manager-G/vendor/laravel/framework/src/Illuminate/Routing/Route.php(276): Illuminate/Routing/ControllerDispatcher->dispatch(Object(Illuminate/Routing/Route), Object(App/Http/Controllers/PopController), 'handle')
#20 D:/Ngoding/RepoGithub/fiber-manager-G/vendor/laravel/framework/src/Illuminate/Routing/Route.php(216): Illuminate/Routing/Route->runController()
#21 D:/Ngoding/RepoGithub/fiber-manager-G/vendor/laravel/framework/src/Illuminate/Routing/Router.php(822): Illuminate/Routing/Route->run()
#22 D:/Ngoding/RepoGithub/fiber-manager-G/vendor/laravel/framework/src/Illuminate/Pipeline/Pipeline.php(180): Illuminate/Routing/Router->Illuminate/Routing/{closure}(Object(Illuminate/Http/Request))
#23 D:/Ngoding/RepoGithub/fiber-manager-G/vendor/laravel/framework/src/Illuminate/Routing/Middleware/SubstituteBindings.php(52): Illuminate/Pipeline/Pipeline->Illuminate/Pipeline/{closure}(Object(Illuminate/Http/Request))
#24 D:/Ngoding/RepoGithub/fiber-manager-G/vendor/laravel/framework/src/Illuminate/Pipeline/Pipeline.php(219): Illuminate/Routing/Middleware/SubstituteBindings->handle(Object(Illuminate/Http/Request), Object(Closure))
#25 D:/Ngoding/RepoGithub/fiber-manager-G/vendor/laravel/framework/src/Illuminate/Foundation/Http/Middleware/PreventRequestForgery.php(104): Illuminate/Pipeline/Pipeline->Illuminate/Pipeline/{closure}(Object(Illuminate/Http/Request))
#26 D:/Ngoding/RepoGithub/fiber-manager-G/vendor/laravel/framework/src/Illuminate/Pipeline/Pipeline.php(219): Illuminate/Foundation/Http/Middleware/PreventRequestForgery->handle(Object(Illuminate/Http/Request), Object(Closure))
#27 D:/Ngoding/RepoGithub/fiber-manager-G/vendor/laravel/framework/src/Illuminate/View/Middleware/ShareErrorsFromSession.php(48): Illuminate/Pipeline/Pipeline->Illuminate/Pipeline/{closure}(Object(Illuminate/Http/Request))
#28 D:/Ngoding/RepoGithub/fiber-manager-G/vendor/laravel/framework/src/Illuminate/Pipeline/Pipeline.php(219): Illuminate/View/Middleware/ShareErrorsFromSession->handle(Object(Illuminate/Http/Request), Object(Closure))
#29 D:/Ngoding/RepoGithub/fiber-manager-G/vendor/laravel/framework/src/Illuminate/Session/Middleware/StartSession.php(120): Illuminate/Pipeline/Pipeline->Illuminate/Pipeline/{closure}(Object(Illuminate/Http/Request))
#30 D:/Ngoding/RepoGithub/fiber-manager-G/vendor/laravel/framework/src/Illuminate/Session/Middleware/StartSession.php(63): Illuminate/Session/Middleware/StartSession->handleStatefulRequest(Object(Illuminate/Http/Request), Object(Illuminate/Session/Store), Object(Closure))
#31 D:/Ngoding/RepoGithub/fiber-manager-G/vendor/laravel/framework/src/Illuminate/Pipeline/Pipeline.php(219): Illuminate/Session/Middleware/StartSession->handle(Object(Illuminate/Http/Request), Object(Closure))
#32 D:/Ngoding/RepoGithub/fiber-manager-G/vendor/laravel/framework/src/Illuminate/Cookie/Middleware/AddQueuedCookiesToResponse.php(36): Illuminate/Pipeline/Pipeline->Illuminate/Pipeline/{closure}(Object(Illuminate/Http/Request))
#33 D:/Ngoding/RepoGithub/fiber-manager-G/vendor/laravel/framework/src/Illuminate/Pipeline/Pipeline.php(219): Illuminate/Cookie/Middleware/AddQueuedCookiesToResponse->handle(Object(Illuminate/Http/Request), Object(Closure))
#34 D:/Ngoding/RepoGithub/fiber-manager-G/vendor/laravel/framework/src/Illuminate/Cookie/Middleware/EncryptCookies.php(74): Illuminate/Pipeline/Pipeline->Illuminate/Pipeline/{closure}(Object(Illuminate/Http/Request))
#35 D:/Ngoding/RepoGithub/fiber-manager-G/vendor/laravel/framework/src/Illuminate/Pipeline/Pipeline.php(219): Illuminate/Cookie/Middleware/EncryptCookies->handle(Object(Illuminate/Http/Request), Object(Closure))
#36 D:/Ngoding/RepoGithub/fiber-manager-G/vendor/laravel/framework/src/Illuminate/Pipeline/Pipeline.php(137): Illuminate/Pipeline/Pipeline->Illuminate/Pipeline/{closure}(Object(Illuminate/Http/Request))
#37 D:/Ngoding/RepoGithub/fiber-manager-G/vendor/laravel/framework/src/Illuminate/Routing/Router.php(821): Illuminate/Pipeline/Pipeline->then(Object(Closure))
#38 D:/Ngoding/RepoGithub/fiber-manager-G/vendor/laravel/framework/src/Illuminate/Routing/Router.php(800): Illuminate/Routing/Router->runRouteWithinStack(Object(Illuminate/Routing/Route), Object(Illuminate/Http/Request))
#39 D:/Ngoding/RepoGithub/fiber-manager-G/vendor/laravel/framework/src/Illuminate/Routing/Router.php(764): Illuminate/Routing/Router->runRoute(Object(Illuminate/Http/Request), Object(Illuminate/Routing/Route))
#40 D:/Ngoding/RepoGithub/fiber-manager-G/vendor/laravel/framework/src/Illuminate/Routing/Router.php(753): Illuminate/Routing/Router->dispatchToRoute(Object(Illuminate/Http/Request))
#41 D:/Ngoding/RepoGithub/fiber-manager-G/vendor/laravel/framework/src/Illuminate/Foundation/Http/Kernel.php(200): Illuminate/Routing/Router->dispatch(Object(Illuminate/Http/Request))
#42 D:/Ngoding/RepoGithub/fiber-manager-G/vendor/laravel/framework/src/Illuminate/Pipeline/Pipeline.php(180): Illuminate/Foundation/Http/Kernel->Illuminate/Foundation/Http/{closure}(Object(Illuminate/Http/Request))
#43 D:/Ngoding/RepoGithub/fiber-manager-G/vendor/laravel/framework/src/Illuminate/Foundation/Http/Middleware/TransformsRequest.php(21): Illuminate/Pipeline/Pipeline->Illuminate/Pipeline/{closure}(Object(Illuminate/Http/Request))
#44 D:/Ngoding/RepoGithub/fiber-manager-G/vendor/laravel/framework/src/Illuminate/Foundation/Http/Middleware/ConvertEmptyStringsToNull.php(31): Illuminate/Foundation/Http/Middleware/TransformsRequest->handle(Object(Illuminate/Http/Request), Object(Closure))
#45 D:/Ngoding/RepoGithub/fiber-manager-G/vendor/laravel/framework/src/Illuminate/Pipeline/Pipeline.php(219): Illuminate/Foundation/Http/Middleware/ConvertEmptyStringsToNull->handle(Object(Illuminate/Http/Request), Object(Closure))
#46 D:/Ngoding/RepoGithub/fiber-manager-G/vendor/laravel/framework/src/Illuminate/Foundation/Http/Middleware/TransformsRequest.php(21): Illuminate/Pipeline/Pipeline->Illuminate/Pipeline/{closure}(Object(Illuminate/Http/Request))
#47 D:/Ngoding/RepoGithub/fiber-manager-G/vendor/laravel/framework/src/Illuminate/Foundation/Http/Middleware/TrimStrings.php(51): Illuminate/Foundation/Http/Middleware/TransformsRequest->handle(Object(Illuminate/Http/Request), Object(Closure))
#48 D:/Ngoding/RepoGithub/fiber-manager-G/vendor/laravel/framework/src/Illuminate/Pipeline/Pipeline.php(219): Illuminate/Foundation/Http/Middleware/TrimStrings->handle(Object(Illuminate/Http/Request), Object(Closure))
#49 D:/Ngoding/RepoGithub/fiber-manager-G/vendor/laravel/framework/src/Illuminate/Http/Middleware/ValidatePostSize.php(27): Illuminate/Pipeline/Pipeline->Illuminate/Pipeline/{closure}(Object(Illuminate/Http/Request))
#50 D:/Ngoding/RepoGithub/fiber-manager-G/vendor/laravel/framework/src/Illuminate/Pipeline/Pipeline.php(219): Illuminate/Http/Middleware/ValidatePostSize->handle(Object(Illuminate/Http/Request), Object(Closure))
#51 D:/Ngoding/RepoGithub/fiber-manager-G/vendor/laravel/framework/src/Illuminate/Foundation/Http/Middleware/PreventRequestsDuringMaintenance.php(109): Illuminate/Pipeline/Pipeline->Illuminate/Pipeline/{closure}(Object(Illuminate/Http/Request))
#52 D:/Ngoding/RepoGithub/fiber-manager-G/vendor/laravel/framework/src/Illuminate/Pipeline/Pipeline.php(219): Illuminate/Foundation/Http/Middleware/PreventRequestsDuringMaintenance->handle(Object(Illuminate/Http/Request), Object(Closure))
#53 D:/Ngoding/RepoGithub/fiber-manager-G/vendor/laravel/framework/src/Illuminate/Http/Middleware/HandleCors.php(74): Illuminate/Pipeline/Pipeline->Illuminate/Pipeline/{closure}(Object(Illuminate/Http/Request))
#54 D:/Ngoding/RepoGithub/fiber-manager-G/vendor/laravel/framework/src/Illuminate/Pipeline/Pipeline.php(219): Illuminate/Http/Middleware/HandleCors->handle(Object(Illuminate/Http/Request), Object(Closure))
#55 D:/Ngoding/RepoGithub/fiber-manager-G/vendor/laravel/framework/src/Illuminate/Http/Middleware/TrustProxies.php(58): Illuminate/Pipeline/Pipeline->Illuminate/Pipeline/{closure}(Object(Illuminate/Http/Request))
#56 D:/Ngoding/RepoGithub/fiber-manager-G/vendor/laravel/framework/src/Illuminate/Pipeline/Pipeline.php(219): Illuminate/Http/Middleware/TrustProxies->handle(Object(Illuminate/Http/Request), Object(Closure))
#57 D:/Ngoding/RepoGithub/fiber-manager-G/vendor/laravel/framework/src/Illuminate/Foundation/Http/Middleware/InvokeDeferredCallbacks.php(22): Illuminate/Pipeline/Pipeline->Illuminate/Pipeline/{closure}(Object(Illuminate/Http/Request))
#58 D:/Ngoding/RepoGithub/fiber-manager-G/vendor/laravel/framework/src/Illuminate/Pipeline/Pipeline.php(219): Illuminate/Foundation/Http/Middleware/InvokeDeferredCallbacks->handle(Object(Illuminate/Http/Request), Object(Closure))
#59 D:/Ngoding/RepoGithub/fiber-manager-G/vendor/laravel/framework/src/Illuminate/Http/Middleware/ValidatePathEncoding.php(28): Illuminate/Pipeline/Pipeline->Illuminate/Pipeline/{closure}(Object(Illuminate/Http/Request))
#60 D:/Ngoding/RepoGithub/fiber-manager-G/vendor/laravel/framework/src/Illuminate/Pipeline/Pipeline.php(219): Illuminate/Http/Middleware/ValidatePathEncoding->handle(Object(Illuminate/Http/Request), Object(Closure))
#61 D:/Ngoding/RepoGithub/fiber-manager-G/vendor/laravel/framework/src/Illuminate/Pipeline/Pipeline.php(137): Illuminate/Pipeline/Pipeline->Illuminate/Pipeline/{closure}(Object(Illuminate/Http/Request))
#62 D:/Ngoding/RepoGithub/fiber-manager-G/vendor/laravel/framework/src/Illuminate/Foundation/Http/Kernel.php(175): Illuminate/Pipeline/Pipeline->then(Object(Closure))
#63 D:/Ngoding/RepoGithub/fiber-manager-G/vendor/laravel/framework/src/Illuminate/Foundation/Http/Kernel.php(144): Illuminate/Foundation/Http/Kernel->sendRequestThroughRouter(Object(Illuminate/Http/Request))
#64 D:/Ngoding/RepoGithub/fiber-manager-G/vendor/laravel/framework/src/Illuminate/Foundation/Application.php(1227): Illuminate/Foundation/Http/Kernel->handle(Object(Illuminate/Http/Request))
#65 D:/Ngoding/RepoGithub/fiber-manager-G/public/index.php(20): Illuminate/Foundation/Application->handleRequest(Object(Illuminate/Http/Request))
#66 D:/Ngoding/RepoGithub/fiber-manager-G/vendor/laravel/framework/src/Illuminate/Foundation/resources/server.php(23): require_once('D://Ngoding//Repo...')
#67 {main}
"} 
[2026-07-28 07:13:42] local.ERROR: SQLSTATE[42S02]: Base table or view not found: 1146 Table 'fmg.customers' doesn't exist (Connection: mysql, Host: 127.0.0.1, Port: 3306, Database: fmg, SQL: select * from `customers` order by `created_at` desc) {"userId":1,"exception":"[object] (Illuminate\\Database\\QueryException(code: 42S02): SQLSTATE[42S02]: Base table or view not found: 1146 Table 'fmg.customers' doesn't exist (Connection: mysql, Host: 127.0.0.1, Port: 3306, Database: fmg, SQL: select * from `customers` order by `created_at` desc) at D:/Ngoding/RepoGithub/fiber-manager-G/vendor/laravel/framework/src/Illuminate/Database/Connection.php:857)
[stacktrace]
#0 D:/Ngoding/RepoGithub/fiber-manager-G/vendor/laravel/framework/src/Illuminate/Database/Connection.php(813): Illuminate/Database/Connection->runQueryCallback('select * from `...', Array, Object(Closure))
#1 D:/Ngoding/RepoGithub/fiber-manager-G/vendor/laravel/framework/src/Illuminate/Database/Connection.php(426): Illuminate/Database/Connection->run('select * from `...', Array, Object(Closure))
#2 D:/Ngoding/RepoGithub/fiber-manager-G/vendor/laravel/framework/src/Illuminate/Database/Query/Builder.php(3574): Illuminate/Database/Connection->select('select * from `...', Array, true, Array)
#3 D:/Ngoding/RepoGithub/fiber-manager-G/vendor/laravel/framework/src/Illuminate/Database/Query/Builder.php(3558): Illuminate/Database/Query/Builder->runSelect()
#4 D:/Ngoding/RepoGithub/fiber-manager-G/vendor/laravel/framework/src/Illuminate/Database/Eloquent/Builder.php(908): Illuminate/Database/Query/Builder->get(Array)
#5 D:/Ngoding/RepoGithub/fiber-manager-G/vendor/laravel/framework/src/Illuminate/Database/Eloquent/Builder.php(890): Illuminate/Database/Eloquent/Builder->getModels(Array)
#6 D:/Ngoding/RepoGithub/fiber-manager-G/app/Http/Controllers/CustomerController.php(72): Illuminate/Database/Eloquent/Builder->get()
#7 D:/Ngoding/RepoGithub/fiber-manager-G/app/Http/Controllers/CustomerController.php(29): App/Http/Controllers/CustomerController->getAllCustomers(Object(Illuminate/Http/Request))
#8 D:/Ngoding/RepoGithub/fiber-manager-G/vendor/laravel/framework/src/Illuminate/Routing/ControllerDispatcher.php(46): App/Http/Controllers/CustomerController->handle(Object(Illuminate/Http/Request))
#9 D:/Ngoding/RepoGithub/fiber-manager-G/vendor/laravel/framework/src/Illuminate/Routing/Route.php(276): Illuminate/Routing/ControllerDispatcher->dispatch(Object(Illuminate/Routing/Route), Object(App/Http/Controllers/CustomerController), 'handle')
#10 D:/Ngoding/RepoGithub/fiber-manager-G/vendor/laravel/framework/src/Illuminate/Routing/Route.php(216): Illuminate/Routing/Route->runController()
#11 D:/Ngoding/RepoGithub/fiber-manager-G/vendor/laravel/framework/src/Illuminate/Routing/Router.php(822): Illuminate/Routing/Route->run()
#12 D:/Ngoding/RepoGithub/fiber-manager-G/vendor/laravel/framework/src/Illuminate/Pipeline/Pipeline.php(180): Illuminate/Routing/Router->Illuminate/Routing/{closure}(Object(Illuminate/Http/Request))
#13 D:/Ngoding/RepoGithub/fiber-manager-G/vendor/laravel/framework/src/Illuminate/Routing/Middleware/SubstituteBindings.php(52): Illuminate/Pipeline/Pipeline->Illuminate/Pipeline/{closure}(Object(Illuminate/Http/Request))
#14 D:/Ngoding/RepoGithub/fiber-manager-G/vendor/laravel/framework/src/Illuminate/Pipeline/Pipeline.php(219): Illuminate/Routing/Middleware/SubstituteBindings->handle(Object(Illuminate/Http/Request), Object(Closure))
#15 D:/Ngoding/RepoGithub/fiber-manager-G/vendor/laravel/framework/src/Illuminate/Foundation/Http/Middleware/PreventRequestForgery.php(104): Illuminate/Pipeline/Pipeline->Illuminate/Pipeline/{closure}(Object(Illuminate/Http/Request))
#16 D:/Ngoding/RepoGithub/fiber-manager-G/vendor/laravel/framework/src/Illuminate/Pipeline/Pipeline.php(219): Illuminate/Foundation/Http/Middleware/PreventRequestForgery->handle(Object(Illuminate/Http/Request), Object(Closure))
#17 D:/Ngoding/RepoGithub/fiber-manager-G/vendor/laravel/framework/src/Illuminate/View/Middleware/ShareErrorsFromSession.php(48): Illuminate/Pipeline/Pipeline->Illuminate/Pipeline/{closure}(Object(Illuminate/Http/Request))
#18 D:/Ngoding/RepoGithub/fiber-manager-G/vendor/laravel/framework/src/Illuminate/Pipeline/Pipeline.php(219): Illuminate/View/Middleware/ShareErrorsFromSession->handle(Object(Illuminate/Http/Request), Object(Closure))
#19 D:/Ngoding/RepoGithub/fiber-manager-G/vendor/laravel/framework/src/Illuminate/Session/Middleware/StartSession.php(120): Illuminate/Pipeline/Pipeline->Illuminate/Pipeline/{closure}(Object(Illuminate/Http/Request))
#20 D:/Ngoding/RepoGithub/fiber-manager-G/vendor/laravel/framework/src/Illuminate/Session/Middleware/StartSession.php(63): Illuminate/Session/Middleware/StartSession->handleStatefulRequest(Object(Illuminate/Http/Request), Object(Illuminate/Session/Store), Object(Closure))
#21 D:/Ngoding/RepoGithub/fiber-manager-G/vendor/laravel/framework/src/Illuminate/Pipeline/Pipeline.php(219): Illuminate/Session/Middleware/StartSession->handle(Object(Illuminate/Http/Request), Object(Closure))
#22 D:/Ngoding/RepoGithub/fiber-manager-G/vendor/laravel/framework/src/Illuminate/Cookie/Middleware/AddQueuedCookiesToResponse.php(36): Illuminate/Pipeline/Pipeline->Illuminate/Pipeline/{closure}(Object(Illuminate/Http/Request))
#23 D:/Ngoding/RepoGithub/fiber-manager-G/vendor/laravel/framework/src/Illuminate/Pipeline/Pipeline.php(219): Illuminate/Cookie/Middleware/AddQueuedCookiesToResponse->handle(Object(Illuminate/Http/Request), Object(Closure))
#24 D:/Ngoding/RepoGithub/fiber-manager-G/vendor/laravel/framework/src/Illuminate/Cookie/Middleware/EncryptCookies.php(74): Illuminate/Pipeline/Pipeline->Illuminate/Pipeline/{closure}(Object(Illuminate/Http/Request))
#25 D:/Ngoding/RepoGithub/fiber-manager-G/vendor/laravel/framework/src/Illuminate/Pipeline/Pipeline.php(219): Illuminate/Cookie/Middleware/EncryptCookies->handle(Object(Illuminate/Http/Request), Object(Closure))
#26 D:/Ngoding/RepoGithub/fiber-manager-G/vendor/laravel/framework/src/Illuminate/Pipeline/Pipeline.php(137): Illuminate/Pipeline/Pipeline->Illuminate/Pipeline/{closure}(Object(Illuminate/Http/Request))
#27 D:/Ngoding/RepoGithub/fiber-manager-G/vendor/laravel/framework/src/Illuminate/Routing/Router.php(821): Illuminate/Pipeline/Pipeline->then(Object(Closure))
#28 D:/Ngoding/RepoGithub/fiber-manager-G/vendor/laravel/framework/src/Illuminate/Routing/Router.php(800): Illuminate/Routing/Router->runRouteWithinStack(Object(Illuminate/Routing/Route), Object(Illuminate/Http/Request))
#29 D:/Ngoding/RepoGithub/fiber-manager-G/vendor/laravel/framework/src/Illuminate/Routing/Router.php(764): Illuminate/Routing/Router->runRoute(Object(Illuminate/Http/Request), Object(Illuminate/Routing/Route))
#30 D:/Ngoding/RepoGithub/fiber-manager-G/vendor/laravel/framework/src/Illuminate/Routing/Router.php(753): Illuminate/Routing/Router->dispatchToRoute(Object(Illuminate/Http/Request))
#31 D:/Ngoding/RepoGithub/fiber-manager-G/vendor/laravel/framework/src/Illuminate/Foundation/Http/Kernel.php(200): Illuminate/Routing/Router->dispatch(Object(Illuminate/Http/Request))
#32 D:/Ngoding/RepoGithub/fiber-manager-G/vendor/laravel/framework/src/Illuminate/Pipeline/Pipeline.php(180): Illuminate/Foundation/Http/Kernel->Illuminate/Foundation/Http/{closure}(Object(Illuminate/Http/Request))
#33 D:/Ngoding/RepoGithub/fiber-manager-G/vendor/laravel/framework/src/Illuminate/Foundation/Http/Middleware/TransformsRequest.php(21): Illuminate/Pipeline/Pipeline->Illuminate/Pipeline/{closure}(Object(Illuminate/Http/Request))
#34 D:/Ngoding/RepoGithub/fiber-manager-G/vendor/laravel/framework/src/Illuminate/Foundation/Http/Middleware/ConvertEmptyStringsToNull.php(31): Illuminate/Foundation/Http/Middleware/TransformsRequest->handle(Object(Illuminate/Http/Request), Object(Closure))
#35 D:/Ngoding/RepoGithub/fiber-manager-G/vendor/laravel/framework/src/Illuminate/Pipeline/Pipeline.php(219): Illuminate/Foundation/Http/Middleware/ConvertEmptyStringsToNull->handle(Object(Illuminate/Http/Request), Object(Closure))
#36 D:/Ngoding/RepoGithub/fiber-manager-G/vendor/laravel/framework/src/Illuminate/Foundation/Http/Middleware/TransformsRequest.php(21): Illuminate/Pipeline/Pipeline->Illuminate/Pipeline/{closure}(Object(Illuminate/Http/Request))
#37 D:/Ngoding/RepoGithub/fiber-manager-G/vendor/laravel/framework/src/Illuminate/Foundation/Http/Middleware/TrimStrings.php(51): Illuminate/Foundation/Http/Middleware/TransformsRequest->handle(Object(Illuminate/Http/Request), Object(Closure))
#38 D:/Ngoding/RepoGithub/fiber-manager-G/vendor/laravel/framework/src/Illuminate/Pipeline/Pipeline.php(219): Illuminate/Foundation/Http/Middleware/TrimStrings->handle(Object(Illuminate/Http/Request), Object(Closure))
#39 D:/Ngoding/RepoGithub/fiber-manager-G/vendor/laravel/framework/src/Illuminate/Http/Middleware/ValidatePostSize.php(27): Illuminate/Pipeline/Pipeline->Illuminate/Pipeline/{closure}(Object(Illuminate/Http/Request))
#40 D:/Ngoding/RepoGithub/fiber-manager-G/vendor/laravel/framework/src/Illuminate/Pipeline/Pipeline.php(219): Illuminate/Http/Middleware/ValidatePostSize->handle(Object(Illuminate/Http/Request), Object(Closure))
#41 D:/Ngoding/RepoGithub/fiber-manager-G/vendor/laravel/framework/src/Illuminate/Foundation/Http/Middleware/PreventRequestsDuringMaintenance.php(109): Illuminate/Pipeline/Pipeline->Illuminate/Pipeline/{closure}(Object(Illuminate/Http/Request))
#42 D:/Ngoding/RepoGithub/fiber-manager-G/vendor/laravel/framework/src/Illuminate/Pipeline/Pipeline.php(219): Illuminate/Foundation/Http/Middleware/PreventRequestsDuringMaintenance->handle(Object(Illuminate/Http/Request), Object(Closure))
#43 D:/Ngoding/RepoGithub/fiber-manager-G/vendor/laravel/framework/src/Illuminate/Http/Middleware/HandleCors.php(61): Illuminate/Pipeline/Pipeline->Illuminate/Pipeline/{closure}(Object(Illuminate/Http/Request))
#44 D:/Ngoding/RepoGithub/fiber-manager-G/vendor/laravel/framework/src/Illuminate/Pipeline/Pipeline.php(219): Illuminate/Http/Middleware/HandleCors->handle(Object(Illuminate/Http/Request), Object(Closure))
#45 D:/Ngoding/RepoGithub/fiber-manager-G/vendor/laravel/framework/src/Illuminate/Http/Middleware/TrustProxies.php(58): Illuminate/Pipeline/Pipeline->Illuminate/Pipeline/{closure}(Object(Illuminate/Http/Request))
#46 D:/Ngoding/RepoGithub/fiber-manager-G/vendor/laravel/framework/src/Illuminate/Pipeline/Pipeline.php(219): Illuminate/Http/Middleware/TrustProxies->handle(Object(Illuminate/Http/Request), Object(Closure))
#47 D:/Ngoding/RepoGithub/fiber-manager-G/vendor/laravel/framework/src/Illuminate/Foundation/Http/Middleware/InvokeDeferredCallbacks.php(22): Illuminate/Pipeline/Pipeline->Illuminate/Pipeline/{closure}(Object(Illuminate/Http/Request))
#48 D:/Ngoding/RepoGithub/fiber-manager-G/vendor/laravel/framework/src/Illuminate/Pipeline/Pipeline.php(219): Illuminate/Foundation/Http/Middleware/InvokeDeferredCallbacks->handle(Object(Illuminate/Http/Request), Object(Closure))
#49 D:/Ngoding/RepoGithub/fiber-manager-G/vendor/laravel/framework/src/Illuminate/Http/Middleware/ValidatePathEncoding.php(28): Illuminate/Pipeline/Pipeline->Illuminate/Pipeline/{closure}(Object(Illuminate/Http/Request))
#50 D:/Ngoding/RepoGithub/fiber-manager-G/vendor/laravel/framework/src/Illuminate/Pipeline/Pipeline.php(219): Illuminate/Http/Middleware/ValidatePathEncoding->handle(Object(Illuminate/Http/Request), Object(Closure))
#51 D:/Ngoding/RepoGithub/fiber-manager-G/vendor/laravel/framework/src/Illuminate/Pipeline/Pipeline.php(137): Illuminate/Pipeline/Pipeline->Illuminate/Pipeline/{closure}(Object(Illuminate/Http/Request))
#52 D:/Ngoding/RepoGithub/fiber-manager-G/vendor/laravel/framework/src/Illuminate/Foundation/Http/Kernel.php(175): Illuminate/Pipeline/Pipeline->then(Object(Closure))
#53 D:/Ngoding/RepoGithub/fiber-manager-G/vendor/laravel/framework/src/Illuminate/Foundation/Http/Kernel.php(144): Illuminate/Foundation/Http/Kernel->sendRequestThroughRouter(Object(Illuminate/Http/Request))
#54 D:/Ngoding/RepoGithub/fiber-manager-G/vendor/laravel/framework/src/Illuminate/Foundation/Application.php(1227): Illuminate/Foundation/Http/Kernel->handle(Object(Illuminate/Http/Request))
#55 D:/Ngoding/RepoGithub/fiber-manager-G/public/index.php(20): Illuminate/Foundation/Application->handleRequest(Object(Illuminate/Http/Request))
#56 D:/Ngoding/RepoGithub/fiber-manager-G/vendor/laravel/framework/src/Illuminate/Foundation/resources/server.php(23): require_once('D://Ngoding//Repo...')
#57 {main}

[previous exception] [object] (PDOException(code: 42S02): SQLSTATE[42S02]: Base table or view not found: 1146 Table 'fmg.customers' doesn't exist at D:/Ngoding/RepoGithub/fiber-manager-G/vendor/laravel/framework/src/Illuminate/Database/Connection.php:435)
[stacktrace]
#0 D:/Ngoding/RepoGithub/fiber-manager-G/vendor/laravel/framework/src/Illuminate/Database/Connection.php(435): PDO->prepare('select * from `...')
#1 D:/Ngoding/RepoGithub/fiber-manager-G/vendor/laravel/framework/src/Illuminate/Database/Connection.php(846): Illuminate/Database/Connection->Illuminate/Database/{closure}('select * from `...', Array)
#2 D:/Ngoding/RepoGithub/fiber-manager-G/vendor/laravel/framework/src/Illuminate/Database/Connection.php(813): Illuminate/Database/Connection->runQueryCallback('select * from `...', Array, Object(Closure))
#3 D:/Ngoding/RepoGithub/fiber-manager-G/vendor/laravel/framework/src/Illuminate/Database/Connection.php(426): Illuminate/Database/Connection->run('select * from `...', Array, Object(Closure))
#4 D:/Ngoding/RepoGithub/fiber-manager-G/vendor/laravel/framework/src/Illuminate/Database/Query/Builder.php(3574): Illuminate/Database/Connection->select('select * from `...', Array, true, Array)
#5 D:/Ngoding/RepoGithub/fiber-manager-G/vendor/laravel/framework/src/Illuminate/Database/Query/Builder.php(3558): Illuminate/Database/Query/Builder->runSelect()
#6 D:/Ngoding/RepoGithub/fiber-manager-G/vendor/laravel/framework/src/Illuminate/Database/Eloquent/Builder.php(908): Illuminate/Database/Query/Builder->get(Array)
#7 D:/Ngoding/RepoGithub/fiber-manager-G/vendor/laravel/framework/src/Illuminate/Database/Eloquent/Builder.php(890): Illuminate/Database/Eloquent/Builder->getModels(Array)
#8 D:/Ngoding/RepoGithub/fiber-manager-G/app/Http/Controllers/CustomerController.php(72): Illuminate/Database/Eloquent/Builder->get()
#9 D:/Ngoding/RepoGithub/fiber-manager-G/app/Http/Controllers/CustomerController.php(29): App/Http/Controllers/CustomerController->getAllCustomers(Object(Illuminate/Http/Request))
#10 D:/Ngoding/RepoGithub/fiber-manager-G/vendor/laravel/framework/src/Illuminate/Routing/ControllerDispatcher.php(46): App/Http/Controllers/CustomerController->handle(Object(Illuminate/Http/Request))
#11 D:/Ngoding/RepoGithub/fiber-manager-G/vendor/laravel/framework/src/Illuminate/Routing/Route.php(276): Illuminate/Routing/ControllerDispatcher->dispatch(Object(Illuminate/Routing/Route), Object(App/Http/Controllers/CustomerController), 'handle')
#12 D:/Ngoding/RepoGithub/fiber-manager-G/vendor/laravel/framework/src/Illuminate/Routing/Route.php(216): Illuminate/Routing/Route->runController()
#13 D:/Ngoding/RepoGithub/fiber-manager-G/vendor/laravel/framework/src/Illuminate/Routing/Router.php(822): Illuminate/Routing/Route->run()
#14 D:/Ngoding/RepoGithub/fiber-manager-G/vendor/laravel/framework/src/Illuminate/Pipeline/Pipeline.php(180): Illuminate/Routing/Router->Illuminate/Routing/{closure}(Object(Illuminate/Http/Request))
#15 D:/Ngoding/RepoGithub/fiber-manager-G/vendor/laravel/framework/src/Illuminate/Routing/Middleware/SubstituteBindings.php(52): Illuminate/Pipeline/Pipeline->Illuminate/Pipeline/{closure}(Object(Illuminate/Http/Request))
#16 D:/Ngoding/RepoGithub/fiber-manager-G/vendor/laravel/framework/src/Illuminate/Pipeline/Pipeline.php(219): Illuminate/Routing/Middleware/SubstituteBindings->handle(Object(Illuminate/Http/Request), Object(Closure))
#17 D:/Ngoding/RepoGithub/fiber-manager-G/vendor/laravel/framework/src/Illuminate/Foundation/Http/Middleware/PreventRequestForgery.php(104): Illuminate/Pipeline/Pipeline->Illuminate/Pipeline/{closure}(Object(Illuminate/Http/Request))
#18 D:/Ngoding/RepoGithub/fiber-manager-G/vendor/laravel/framework/src/Illuminate/Pipeline/Pipeline.php(219): Illuminate/Foundation/Http/Middleware/PreventRequestForgery->handle(Object(Illuminate/Http/Request), Object(Closure))
#19 D:/Ngoding/RepoGithub/fiber-manager-G/vendor/laravel/framework/src/Illuminate/View/Middleware/ShareErrorsFromSession.php(48): Illuminate/Pipeline/Pipeline->Illuminate/Pipeline/{closure}(Object(Illuminate/Http/Request))
#20 D:/Ngoding/RepoGithub/fiber-manager-G/vendor/laravel/framework/src/Illuminate/Pipeline/Pipeline.php(219): Illuminate/View/Middleware/ShareErrorsFromSession->handle(Object(Illuminate/Http/Request), Object(Closure))
#21 D:/Ngoding/RepoGithub/fiber-manager-G/vendor/laravel/framework/src/Illuminate/Session/Middleware/StartSession.php(120): Illuminate/Pipeline/Pipeline->Illuminate/Pipeline/{closure}(Object(Illuminate/Http/Request))
#22 D:/Ngoding/RepoGithub/fiber-manager-G/vendor/laravel/framework/src/Illuminate/Session/Middleware/StartSession.php(63): Illuminate/Session/Middleware/StartSession->handleStatefulRequest(Object(Illuminate/Http/Request), Object(Illuminate/Session/Store), Object(Closure))
#23 D:/Ngoding/RepoGithub/fiber-manager-G/vendor/laravel/framework/src/Illuminate/Pipeline/Pipeline.php(219): Illuminate/Session/Middleware/StartSession->handle(Object(Illuminate/Http/Request), Object(Closure))
#24 D:/Ngoding/RepoGithub/fiber-manager-G/vendor/laravel/framework/src/Illuminate/Cookie/Middleware/AddQueuedCookiesToResponse.php(36): Illuminate/Pipeline/Pipeline->Illuminate/Pipeline/{closure}(Object(Illuminate/Http/Request))
#25 D:/Ngoding/RepoGithub/fiber-manager-G/vendor/laravel/framework/src/Illuminate/Pipeline/Pipeline.php(219): Illuminate/Cookie/Middleware/AddQueuedCookiesToResponse->handle(Object(Illuminate/Http/Request), Object(Closure))
#26 D:/Ngoding/RepoGithub/fiber-manager-G/vendor/laravel/framework/src/Illuminate/Cookie/Middleware/EncryptCookies.php(74): Illuminate/Pipeline/Pipeline->Illuminate/Pipeline/{closure}(Object(Illuminate/Http/Request))
#27 D:/Ngoding/RepoGithub/fiber-manager-G/vendor/laravel/framework/src/Illuminate/Pipeline/Pipeline.php(219): Illuminate/Cookie/Middleware/EncryptCookies->handle(Object(Illuminate/Http/Request), Object(Closure))
#28 D:/Ngoding/RepoGithub/fiber-manager-G/vendor/laravel/framework/src/Illuminate/Pipeline/Pipeline.php(137): Illuminate/Pipeline/Pipeline->Illuminate/Pipeline/{closure}(Object(Illuminate/Http/Request))
#29 D:/Ngoding/RepoGithub/fiber-manager-G/vendor/laravel/framework/src/Illuminate/Routing/Router.php(821): Illuminate/Pipeline/Pipeline->then(Object(Closure))
#30 D:/Ngoding/RepoGithub/fiber-manager-G/vendor/laravel/framework/src/Illuminate/Routing/Router.php(800): Illuminate/Routing/Router->runRouteWithinStack(Object(Illuminate/Routing/Route), Object(Illuminate/Http/Request))
#31 D:/Ngoding/RepoGithub/fiber-manager-G/vendor/laravel/framework/src/Illuminate/Routing/Router.php(764): Illuminate/Routing/Router->runRoute(Object(Illuminate/Http/Request), Object(Illuminate/Routing/Route))
#32 D:/Ngoding/RepoGithub/fiber-manager-G/vendor/laravel/framework/src/Illuminate/Routing/Router.php(753): Illuminate/Routing/Router->dispatchToRoute(Object(Illuminate/Http/Request))
#33 D:/Ngoding/RepoGithub/fiber-manager-G/vendor/laravel/framework/src/Illuminate/Foundation/Http/Kernel.php(200): Illuminate/Routing/Router->dispatch(Object(Illuminate/Http/Request))
#34 D:/Ngoding/RepoGithub/fiber-manager-G/vendor/laravel/framework/src/Illuminate/Pipeline/Pipeline.php(180): Illuminate/Foundation/Http/Kernel->Illuminate/Foundation/Http/{closure}(Object(Illuminate/Http/Request))
#35 D:/Ngoding/RepoGithub/fiber-manager-G/vendor/laravel/framework/src/Illuminate/Foundation/Http/Middleware/TransformsRequest.php(21): Illuminate/Pipeline/Pipeline->Illuminate/Pipeline/{closure}(Object(Illuminate/Http/Request))
#36 D:/Ngoding/RepoGithub/fiber-manager-G/vendor/laravel/framework/src/Illuminate/Foundation/Http/Middleware/ConvertEmptyStringsToNull.php(31): Illuminate/Foundation/Http/Middleware/TransformsRequest->handle(Object(Illuminate/Http/Request), Object(Closure))
#37 D:/Ngoding/RepoGithub/fiber-manager-G/vendor/laravel/framework/src/Illuminate/Pipeline/Pipeline.php(219): Illuminate/Foundation/Http/Middleware/ConvertEmptyStringsToNull->handle(Object(Illuminate/Http/Request), Object(Closure))
#38 D:/Ngoding/RepoGithub/fiber-manager-G/vendor/laravel/framework/src/Illuminate/Foundation/Http/Middleware/TransformsRequest.php(21): Illuminate/Pipeline/Pipeline->Illuminate/Pipeline/{closure}(Object(Illuminate/Http/Request))
#39 D:/Ngoding/RepoGithub/fiber-manager-G/vendor/laravel/framework/src/Illuminate/Foundation/Http/Middleware/TrimStrings.php(51): Illuminate/Foundation/Http/Middleware/TransformsRequest->handle(Object(Illuminate/Http/Request), Object(Closure))
#40 D:/Ngoding/RepoGithub/fiber-manager-G/vendor/laravel/framework/src/Illuminate/Pipeline/Pipeline.php(219): Illuminate/Foundation/Http/Middleware/TrimStrings->handle(Object(Illuminate/Http/Request), Object(Closure))
#41 D:/Ngoding/RepoGithub/fiber-manager-G/vendor/laravel/framework/src/Illuminate/Http/Middleware/ValidatePostSize.php(27): Illuminate/Pipeline/Pipeline->Illuminate/Pipeline/{closure}(Object(Illuminate/Http/Request))
#42 D:/Ngoding/RepoGithub/fiber-manager-G/vendor/laravel/framework/src/Illuminate/Pipeline/Pipeline.php(219): Illuminate/Http/Middleware/ValidatePostSize->handle(Object(Illuminate/Http/Request), Object(Closure))
#43 D:/Ngoding/RepoGithub/fiber-manager-G/vendor/laravel/framework/src/Illuminate/Foundation/Http/Middleware/PreventRequestsDuringMaintenance.php(109): Illuminate/Pipeline/Pipeline->Illuminate/Pipeline/{closure}(Object(Illuminate/Http/Request))
#44 D:/Ngoding/RepoGithub/fiber-manager-G/vendor/laravel/framework/src/Illuminate/Pipeline/Pipeline.php(219): Illuminate/Foundation/Http/Middleware/PreventRequestsDuringMaintenance->handle(Object(Illuminate/Http/Request), Object(Closure))
#45 D:/Ngoding/RepoGithub/fiber-manager-G/vendor/laravel/framework/src/Illuminate/Http/Middleware/HandleCors.php(61): Illuminate/Pipeline/Pipeline->Illuminate/Pipeline/{closure}(Object(Illuminate/Http/Request))
#46 D:/Ngoding/RepoGithub/fiber-manager-G/vendor/laravel/framework/src/Illuminate/Pipeline/Pipeline.php(219): Illuminate/Http/Middleware/HandleCors->handle(Object(Illuminate/Http/Request), Object(Closure))
#47 D:/Ngoding/RepoGithub/fiber-manager-G/vendor/laravel/framework/src/Illuminate/Http/Middleware/TrustProxies.php(58): Illuminate/Pipeline/Pipeline->Illuminate/Pipeline/{closure}(Object(Illuminate/Http/Request))
#48 D:/Ngoding/RepoGithub/fiber-manager-G/vendor/laravel/framework/src/Illuminate/Pipeline/Pipeline.php(219): Illuminate/Http/Middleware/TrustProxies->handle(Object(Illuminate/Http/Request), Object(Closure))
#49 D:/Ngoding/RepoGithub/fiber-manager-G/vendor/laravel/framework/src/Illuminate/Foundation/Http/Middleware/InvokeDeferredCallbacks.php(22): Illuminate/Pipeline/Pipeline->Illuminate/Pipeline/{closure}(Object(Illuminate/Http/Request))
#50 D:/Ngoding/RepoGithub/fiber-manager-G/vendor/laravel/framework/src/Illuminate/Pipeline/Pipeline.php(219): Illuminate/Foundation/Http/Middleware/InvokeDeferredCallbacks->handle(Object(Illuminate/Http/Request), Object(Closure))
#51 D:/Ngoding/RepoGithub/fiber-manager-G/vendor/laravel/framework/src/Illuminate/Http/Middleware/ValidatePathEncoding.php(28): Illuminate/Pipeline/Pipeline->Illuminate/Pipeline/{closure}(Object(Illuminate/Http/Request))
#52 D:/Ngoding/RepoGithub/fiber-manager-G/vendor/laravel/framework/src/Illuminate/Pipeline/Pipeline.php(219): Illuminate/Http/Middleware/ValidatePathEncoding->handle(Object(Illuminate/Http/Request), Object(Closure))
#53 D:/Ngoding/RepoGithub/fiber-manager-G/vendor/laravel/framework/src/Illuminate/Pipeline/Pipeline.php(137): Illuminate/Pipeline/Pipeline->Illuminate/Pipeline/{closure}(Object(Illuminate/Http/Request))
#54 D:/Ngoding/RepoGithub/fiber-manager-G/vendor/laravel/framework/src/Illuminate/Foundation/Http/Kernel.php(175): Illuminate/Pipeline/Pipeline->then(Object(Closure))
#55 D:/Ngoding/RepoGithub/fiber-manager-G/vendor/laravel/framework/src/Illuminate/Foundation/Http/Kernel.php(144): Illuminate/Foundation/Http/Kernel->sendRequestThroughRouter(Object(Illuminate/Http/Request))
#56 D:/Ngoding/RepoGithub/fiber-manager-G/vendor/laravel/framework/src/Illuminate/Foundation/Application.php(1227): Illuminate/Foundation/Http/Kernel->handle(Object(Illuminate/Http/Request))
#57 D:/Ngoding/RepoGithub/fiber-manager-G/public/index.php(20): Illuminate/Foundation/Application->handleRequest(Object(Illuminate/Http/Request))
#58 D:/Ngoding/RepoGithub/fiber-manager-G/vendor/laravel/framework/src/Illuminate/Foundation/resources/server.php(23): require_once('D://Ngoding//Repo...')
#59 {main}
"} 
[2026-07-28 07:14:03] local.ERROR: SQLSTATE[42S02]: Base table or view not found: 1146 Table 'fmg.customers' doesn't exist (Connection: mysql, Host: 127.0.0.1, Port: 3306, Database: fmg, SQL: select * from `customers` order by `created_at` desc) {"userId":1,"exception":"[object] (Illuminate\\Database\\QueryException(code: 42S02): SQLSTATE[42S02]: Base table or view not found: 1146 Table 'fmg.customers' doesn't exist (Connection: mysql, Host: 127.0.0.1, Port: 3306, Database: fmg, SQL: select * from `customers` order by `created_at` desc) at D:/Ngoding/RepoGithub/fiber-manager-G/vendor/laravel/framework/src/Illuminate/Database/Connection.php:857)
[stacktrace]
#0 D:/Ngoding/RepoGithub/fiber-manager-G/vendor/laravel/framework/src/Illuminate/Database/Connection.php(813): Illuminate/Database/Connection->runQueryCallback('select * from `...', Array, Object(Closure))
#1 D:/Ngoding/RepoGithub/fiber-manager-G/vendor/laravel/framework/src/Illuminate/Database/Connection.php(426): Illuminate/Database/Connection->run('select * from `...', Array, Object(Closure))
#2 D:/Ngoding/RepoGithub/fiber-manager-G/vendor/laravel/framework/src/Illuminate/Database/Query/Builder.php(3574): Illuminate/Database/Connection->select('select * from `...', Array, true, Array)
#3 D:/Ngoding/RepoGithub/fiber-manager-G/vendor/laravel/framework/src/Illuminate/Database/Query/Builder.php(3558): Illuminate/Database/Query/Builder->runSelect()
#4 D:/Ngoding/RepoGithub/fiber-manager-G/vendor/laravel/framework/src/Illuminate/Database/Eloquent/Builder.php(908): Illuminate/Database/Query/Builder->get(Array)
#5 D:/Ngoding/RepoGithub/fiber-manager-G/vendor/laravel/framework/src/Illuminate/Database/Eloquent/Builder.php(890): Illuminate/Database/Eloquent/Builder->getModels(Array)
#6 D:/Ngoding/RepoGithub/fiber-manager-G/app/Http/Controllers/CustomerController.php(72): Illuminate/Database/Eloquent/Builder->get()
#7 D:/Ngoding/RepoGithub/fiber-manager-G/app/Http/Controllers/CustomerController.php(29): App/Http/Controllers/CustomerController->getAllCustomers(Object(Illuminate/Http/Request))
#8 D:/Ngoding/RepoGithub/fiber-manager-G/vendor/laravel/framework/src/Illuminate/Routing/ControllerDispatcher.php(46): App/Http/Controllers/CustomerController->handle(Object(Illuminate/Http/Request))
#9 D:/Ngoding/RepoGithub/fiber-manager-G/vendor/laravel/framework/src/Illuminate/Routing/Route.php(276): Illuminate/Routing/ControllerDispatcher->dispatch(Object(Illuminate/Routing/Route), Object(App/Http/Controllers/CustomerController), 'handle')
#10 D:/Ngoding/RepoGithub/fiber-manager-G/vendor/laravel/framework/src/Illuminate/Routing/Route.php(216): Illuminate/Routing/Route->runController()
#11 D:/Ngoding/RepoGithub/fiber-manager-G/vendor/laravel/framework/src/Illuminate/Routing/Router.php(822): Illuminate/Routing/Route->run()
#12 D:/Ngoding/RepoGithub/fiber-manager-G/vendor/laravel/framework/src/Illuminate/Pipeline/Pipeline.php(180): Illuminate/Routing/Router->Illuminate/Routing/{closure}(Object(Illuminate/Http/Request))
#13 D:/Ngoding/RepoGithub/fiber-manager-G/vendor/laravel/framework/src/Illuminate/Routing/Middleware/SubstituteBindings.php(52): Illuminate/Pipeline/Pipeline->Illuminate/Pipeline/{closure}(Object(Illuminate/Http/Request))
#14 D:/Ngoding/RepoGithub/fiber-manager-G/vendor/laravel/framework/src/Illuminate/Pipeline/Pipeline.php(219): Illuminate/Routing/Middleware/SubstituteBindings->handle(Object(Illuminate/Http/Request), Object(Closure))
#15 D:/Ngoding/RepoGithub/fiber-manager-G/vendor/laravel/framework/src/Illuminate/Foundation/Http/Middleware/PreventRequestForgery.php(104): Illuminate/Pipeline/Pipeline->Illuminate/Pipeline/{closure}(Object(Illuminate/Http/Request))
#16 D:/Ngoding/RepoGithub/fiber-manager-G/vendor/laravel/framework/src/Illuminate/Pipeline/Pipeline.php(219): Illuminate/Foundation/Http/Middleware/PreventRequestForgery->handle(Object(Illuminate/Http/Request), Object(Closure))
#17 D:/Ngoding/RepoGithub/fiber-manager-G/vendor/laravel/framework/src/Illuminate/View/Middleware/ShareErrorsFromSession.php(48): Illuminate/Pipeline/Pipeline->Illuminate/Pipeline/{closure}(Object(Illuminate/Http/Request))
#18 D:/Ngoding/RepoGithub/fiber-manager-G/vendor/laravel/framework/src/Illuminate/Pipeline/Pipeline.php(219): Illuminate/View/Middleware/ShareErrorsFromSession->handle(Object(Illuminate/Http/Request), Object(Closure))
#19 D:/Ngoding/RepoGithub/fiber-manager-G/vendor/laravel/framework/src/Illuminate/Session/Middleware/StartSession.php(120): Illuminate/Pipeline/Pipeline->Illuminate/Pipeline/{closure}(Object(Illuminate/Http/Request))
#20 D:/Ngoding/RepoGithub/fiber-manager-G/vendor/laravel/framework/src/Illuminate/Session/Middleware/StartSession.php(63): Illuminate/Session/Middleware/StartSession->handleStatefulRequest(Object(Illuminate/Http/Request), Object(Illuminate/Session/Store), Object(Closure))
#21 D:/Ngoding/RepoGithub/fiber-manager-G/vendor/laravel/framework/src/Illuminate/Pipeline/Pipeline.php(219): Illuminate/Session/Middleware/StartSession->handle(Object(Illuminate/Http/Request), Object(Closure))
#22 D:/Ngoding/RepoGithub/fiber-manager-G/vendor/laravel/framework/src/Illuminate/Cookie/Middleware/AddQueuedCookiesToResponse.php(36): Illuminate/Pipeline/Pipeline->Illuminate/Pipeline/{closure}(Object(Illuminate/Http/Request))
#23 D:/Ngoding/RepoGithub/fiber-manager-G/vendor/laravel/framework/src/Illuminate/Pipeline/Pipeline.php(219): Illuminate/Cookie/Middleware/AddQueuedCookiesToResponse->handle(Object(Illuminate/Http/Request), Object(Closure))
#24 D:/Ngoding/RepoGithub/fiber-manager-G/vendor/laravel/framework/src/Illuminate/Cookie/Middleware/EncryptCookies.php(74): Illuminate/Pipeline/Pipeline->Illuminate/Pipeline/{closure}(Object(Illuminate/Http/Request))
#25 D:/Ngoding/RepoGithub/fiber-manager-G/vendor/laravel/framework/src/Illuminate/Pipeline/Pipeline.php(219): Illuminate/Cookie/Middleware/EncryptCookies->handle(Object(Illuminate/Http/Request), Object(Closure))
#26 D:/Ngoding/RepoGithub/fiber-manager-G/vendor/laravel/framework/src/Illuminate/Pipeline/Pipeline.php(137): Illuminate/Pipeline/Pipeline->Illuminate/Pipeline/{closure}(Object(Illuminate/Http/Request))
#27 D:/Ngoding/RepoGithub/fiber-manager-G/vendor/laravel/framework/src/Illuminate/Routing/Router.php(821): Illuminate/Pipeline/Pipeline->then(Object(Closure))
#28 D:/Ngoding/RepoGithub/fiber-manager-G/vendor/laravel/framework/src/Illuminate/Routing/Router.php(800): Illuminate/Routing/Router->runRouteWithinStack(Object(Illuminate/Routing/Route), Object(Illuminate/Http/Request))
#29 D:/Ngoding/RepoGithub/fiber-manager-G/vendor/laravel/framework/src/Illuminate/Routing/Router.php(764): Illuminate/Routing/Router->runRoute(Object(Illuminate/Http/Request), Object(Illuminate/Routing/Route))
#30 D:/Ngoding/RepoGithub/fiber-manager-G/vendor/laravel/framework/src/Illuminate/Routing/Router.php(753): Illuminate/Routing/Router->dispatchToRoute(Object(Illuminate/Http/Request))
#31 D:/Ngoding/RepoGithub/fiber-manager-G/vendor/laravel/framework/src/Illuminate/Foundation/Http/Kernel.php(200): Illuminate/Routing/Router->dispatch(Object(Illuminate/Http/Request))
#32 D:/Ngoding/RepoGithub/fiber-manager-G/vendor/laravel/framework/src/Illuminate/Pipeline/Pipeline.php(180): Illuminate/Foundation/Http/Kernel->Illuminate/Foundation/Http/{closure}(Object(Illuminate/Http/Request))
#33 D:/Ngoding/RepoGithub/fiber-manager-G/vendor/laravel/framework/src/Illuminate/Foundation/Http/Middleware/TransformsRequest.php(21): Illuminate/Pipeline/Pipeline->Illuminate/Pipeline/{closure}(Object(Illuminate/Http/Request))
#34 D:/Ngoding/RepoGithub/fiber-manager-G/vendor/laravel/framework/src/Illuminate/Foundation/Http/Middleware/ConvertEmptyStringsToNull.php(31): Illuminate/Foundation/Http/Middleware/TransformsRequest->handle(Object(Illuminate/Http/Request), Object(Closure))
#35 D:/Ngoding/RepoGithub/fiber-manager-G/vendor/laravel/framework/src/Illuminate/Pipeline/Pipeline.php(219): Illuminate/Foundation/Http/Middleware/ConvertEmptyStringsToNull->handle(Object(Illuminate/Http/Request), Object(Closure))
#36 D:/Ngoding/RepoGithub/fiber-manager-G/vendor/laravel/framework/src/Illuminate/Foundation/Http/Middleware/TransformsRequest.php(21): Illuminate/Pipeline/Pipeline->Illuminate/Pipeline/{closure}(Object(Illuminate/Http/Request))
#37 D:/Ngoding/RepoGithub/fiber-manager-G/vendor/laravel/framework/src/Illuminate/Foundation/Http/Middleware/TrimStrings.php(51): Illuminate/Foundation/Http/Middleware/TransformsRequest->handle(Object(Illuminate/Http/Request), Object(Closure))
#38 D:/Ngoding/RepoGithub/fiber-manager-G/vendor/laravel/framework/src/Illuminate/Pipeline/Pipeline.php(219): Illuminate/Foundation/Http/Middleware/TrimStrings->handle(Object(Illuminate/Http/Request), Object(Closure))
#39 D:/Ngoding/RepoGithub/fiber-manager-G/vendor/laravel/framework/src/Illuminate/Http/Middleware/ValidatePostSize.php(27): Illuminate/Pipeline/Pipeline->Illuminate/Pipeline/{closure}(Object(Illuminate/Http/Request))
#40 D:/Ngoding/RepoGithub/fiber-manager-G/vendor/laravel/framework/src/Illuminate/Pipeline/Pipeline.php(219): Illuminate/Http/Middleware/ValidatePostSize->handle(Object(Illuminate/Http/Request), Object(Closure))
#41 D:/Ngoding/RepoGithub/fiber-manager-G/vendor/laravel/framework/src/Illuminate/Foundation/Http/Middleware/PreventRequestsDuringMaintenance.php(109): Illuminate/Pipeline/Pipeline->Illuminate/Pipeline/{closure}(Object(Illuminate/Http/Request))
#42 D:/Ngoding/RepoGithub/fiber-manager-G/vendor/laravel/framework/src/Illuminate/Pipeline/Pipeline.php(219): Illuminate/Foundation/Http/Middleware/PreventRequestsDuringMaintenance->handle(Object(Illuminate/Http/Request), Object(Closure))
#43 D:/Ngoding/RepoGithub/fiber-manager-G/vendor/laravel/framework/src/Illuminate/Http/Middleware/HandleCors.php(61): Illuminate/Pipeline/Pipeline->Illuminate/Pipeline/{closure}(Object(Illuminate/Http/Request))
#44 D:/Ngoding/RepoGithub/fiber-manager-G/vendor/laravel/framework/src/Illuminate/Pipeline/Pipeline.php(219): Illuminate/Http/Middleware/HandleCors->handle(Object(Illuminate/Http/Request), Object(Closure))
#45 D:/Ngoding/RepoGithub/fiber-manager-G/vendor/laravel/framework/src/Illuminate/Http/Middleware/TrustProxies.php(58): Illuminate/Pipeline/Pipeline->Illuminate/Pipeline/{closure}(Object(Illuminate/Http/Request))
#46 D:/Ngoding/RepoGithub/fiber-manager-G/vendor/laravel/framework/src/Illuminate/Pipeline/Pipeline.php(219): Illuminate/Http/Middleware/TrustProxies->handle(Object(Illuminate/Http/Request), Object(Closure))
#47 D:/Ngoding/RepoGithub/fiber-manager-G/vendor/laravel/framework/src/Illuminate/Foundation/Http/Middleware/InvokeDeferredCallbacks.php(22): Illuminate/Pipeline/Pipeline->Illuminate/Pipeline/{closure}(Object(Illuminate/Http/Request))
#48 D:/Ngoding/RepoGithub/fiber-manager-G/vendor/laravel/framework/src/Illuminate/Pipeline/Pipeline.php(219): Illuminate/Foundation/Http/Middleware/InvokeDeferredCallbacks->handle(Object(Illuminate/Http/Request), Object(Closure))
#49 D:/Ngoding/RepoGithub/fiber-manager-G/vendor/laravel/framework/src/Illuminate/Http/Middleware/ValidatePathEncoding.php(28): Illuminate/Pipeline/Pipeline->Illuminate/Pipeline/{closure}(Object(Illuminate/Http/Request))
#50 D:/Ngoding/RepoGithub/fiber-manager-G/vendor/laravel/framework/src/Illuminate/Pipeline/Pipeline.php(219): Illuminate/Http/Middleware/ValidatePathEncoding->handle(Object(Illuminate/Http/Request), Object(Closure))
#51 D:/Ngoding/RepoGithub/fiber-manager-G/vendor/laravel/framework/src/Illuminate/Pipeline/Pipeline.php(137): Illuminate/Pipeline/Pipeline->Illuminate/Pipeline/{closure}(Object(Illuminate/Http/Request))
#52 D:/Ngoding/RepoGithub/fiber-manager-G/vendor/laravel/framework/src/Illuminate/Foundation/Http/Kernel.php(175): Illuminate/Pipeline/Pipeline->then(Object(Closure))
#53 D:/Ngoding/RepoGithub/fiber-manager-G/vendor/laravel/framework/src/Illuminate/Foundation/Http/Kernel.php(144): Illuminate/Foundation/Http/Kernel->sendRequestThroughRouter(Object(Illuminate/Http/Request))
#54 D:/Ngoding/RepoGithub/fiber-manager-G/vendor/laravel/framework/src/Illuminate/Foundation/Application.php(1227): Illuminate/Foundation/Http/Kernel->handle(Object(Illuminate/Http/Request))
#55 D:/Ngoding/RepoGithub/fiber-manager-G/public/index.php(20): Illuminate/Foundation/Application->handleRequest(Object(Illuminate/Http/Request))
#56 D:/Ngoding/RepoGithub/fiber-manager-G/vendor/laravel/framework/src/Illuminate/Foundation/resources/server.php(23): require_once('D://Ngoding//Repo...')
#57 {main}

[previous exception] [object] (PDOException(code: 42S02): SQLSTATE[42S02]: Base table or view not found: 1146 Table 'fmg.customers' doesn't exist at D:/Ngoding/RepoGithub/fiber-manager-G/vendor/laravel/framework/src/Illuminate/Database/Connection.php:435)
[stacktrace]
#0 D:/Ngoding/RepoGithub/fiber-manager-G/vendor/laravel/framework/src/Illuminate/Database/Connection.php(435): PDO->prepare('select * from `...')
#1 D:/Ngoding/RepoGithub/fiber-manager-G/vendor/laravel/framework/src/Illuminate/Database/Connection.php(846): Illuminate/Database/Connection->Illuminate/Database/{closure}('select * from `...', Array)
#2 D:/Ngoding/RepoGithub/fiber-manager-G/vendor/laravel/framework/src/Illuminate/Database/Connection.php(813): Illuminate/Database/Connection->runQueryCallback('select * from `...', Array, Object(Closure))
#3 D:/Ngoding/RepoGithub/fiber-manager-G/vendor/laravel/framework/src/Illuminate/Database/Connection.php(426): Illuminate/Database/Connection->run('select * from `...', Array, Object(Closure))
#4 D:/Ngoding/RepoGithub/fiber-manager-G/vendor/laravel/framework/src/Illuminate/Database/Query/Builder.php(3574): Illuminate/Database/Connection->select('select * from `...', Array, true, Array)
#5 D:/Ngoding/RepoGithub/fiber-manager-G/vendor/laravel/framework/src/Illuminate/Database/Query/Builder.php(3558): Illuminate/Database/Query/Builder->runSelect()
#6 D:/Ngoding/RepoGithub/fiber-manager-G/vendor/laravel/framework/src/Illuminate/Database/Eloquent/Builder.php(908): Illuminate/Database/Query/Builder->get(Array)
#7 D:/Ngoding/RepoGithub/fiber-manager-G/vendor/laravel/framework/src/Illuminate/Database/Eloquent/Builder.php(890): Illuminate/Database/Eloquent/Builder->getModels(Array)
#8 D:/Ngoding/RepoGithub/fiber-manager-G/app/Http/Controllers/CustomerController.php(72): Illuminate/Database/Eloquent/Builder->get()
#9 D:/Ngoding/RepoGithub/fiber-manager-G/app/Http/Controllers/CustomerController.php(29): App/Http/Controllers/CustomerController->getAllCustomers(Object(Illuminate/Http/Request))
#10 D:/Ngoding/RepoGithub/fiber-manager-G/vendor/laravel/framework/src/Illuminate/Routing/ControllerDispatcher.php(46): App/Http/Controllers/CustomerController->handle(Object(Illuminate/Http/Request))
#11 D:/Ngoding/RepoGithub/fiber-manager-G/vendor/laravel/framework/src/Illuminate/Routing/Route.php(276): Illuminate/Routing/ControllerDispatcher->dispatch(Object(Illuminate/Routing/Route), Object(App/Http/Controllers/CustomerController), 'handle')
#12 D:/Ngoding/RepoGithub/fiber-manager-G/vendor/laravel/framework/src/Illuminate/Routing/Route.php(216): Illuminate/Routing/Route->runController()
#13 D:/Ngoding/RepoGithub/fiber-manager-G/vendor/laravel/framework/src/Illuminate/Routing/Router.php(822): Illuminate/Routing/Route->run()
#14 D:/Ngoding/RepoGithub/fiber-manager-G/vendor/laravel/framework/src/Illuminate/Pipeline/Pipeline.php(180): Illuminate/Routing/Router->Illuminate/Routing/{closure}(Object(Illuminate/Http/Request))
#15 D:/Ngoding/RepoGithub/fiber-manager-G/vendor/laravel/framework/src/Illuminate/Routing/Middleware/SubstituteBindings.php(52): Illuminate/Pipeline/Pipeline->Illuminate/Pipeline/{closure}(Object(Illuminate/Http/Request))
#16 D:/Ngoding/RepoGithub/fiber-manager-G/vendor/laravel/framework/src/Illuminate/Pipeline/Pipeline.php(219): Illuminate/Routing/Middleware/SubstituteBindings->handle(Object(Illuminate/Http/Request), Object(Closure))
#17 D:/Ngoding/RepoGithub/fiber-manager-G/vendor/laravel/framework/src/Illuminate/Foundation/Http/Middleware/PreventRequestForgery.php(104): Illuminate/Pipeline/Pipeline->Illuminate/Pipeline/{closure}(Object(Illuminate/Http/Request))
#18 D:/Ngoding/RepoGithub/fiber-manager-G/vendor/laravel/framework/src/Illuminate/Pipeline/Pipeline.php(219): Illuminate/Foundation/Http/Middleware/PreventRequestForgery->handle(Object(Illuminate/Http/Request), Object(Closure))
#19 D:/Ngoding/RepoGithub/fiber-manager-G/vendor/laravel/framework/src/Illuminate/View/Middleware/ShareErrorsFromSession.php(48): Illuminate/Pipeline/Pipeline->Illuminate/Pipeline/{closure}(Object(Illuminate/Http/Request))
#20 D:/Ngoding/RepoGithub/fiber-manager-G/vendor/laravel/framework/src/Illuminate/Pipeline/Pipeline.php(219): Illuminate/View/Middleware/ShareErrorsFromSession->handle(Object(Illuminate/Http/Request), Object(Closure))
#21 D:/Ngoding/RepoGithub/fiber-manager-G/vendor/laravel/framework/src/Illuminate/Session/Middleware/StartSession.php(120): Illuminate/Pipeline/Pipeline->Illuminate/Pipeline/{closure}(Object(Illuminate/Http/Request))
#22 D:/Ngoding/RepoGithub/fiber-manager-G/vendor/laravel/framework/src/Illuminate/Session/Middleware/StartSession.php(63): Illuminate/Session/Middleware/StartSession->handleStatefulRequest(Object(Illuminate/Http/Request), Object(Illuminate/Session/Store), Object(Closure))
#23 D:/Ngoding/RepoGithub/fiber-manager-G/vendor/laravel/framework/src/Illuminate/Pipeline/Pipeline.php(219): Illuminate/Session/Middleware/StartSession->handle(Object(Illuminate/Http/Request), Object(Closure))
#24 D:/Ngoding/RepoGithub/fiber-manager-G/vendor/laravel/framework/src/Illuminate/Cookie/Middleware/AddQueuedCookiesToResponse.php(36): Illuminate/Pipeline/Pipeline->Illuminate/Pipeline/{closure}(Object(Illuminate/Http/Request))
#25 D:/Ngoding/RepoGithub/fiber-manager-G/vendor/laravel/framework/src/Illuminate/Pipeline/Pipeline.php(219): Illuminate/Cookie/Middleware/AddQueuedCookiesToResponse->handle(Object(Illuminate/Http/Request), Object(Closure))
#26 D:/Ngoding/RepoGithub/fiber-manager-G/vendor/laravel/framework/src/Illuminate/Cookie/Middleware/EncryptCookies.php(74): Illuminate/Pipeline/Pipeline->Illuminate/Pipeline/{closure}(Object(Illuminate/Http/Request))
#27 D:/Ngoding/RepoGithub/fiber-manager-G/vendor/laravel/framework/src/Illuminate/Pipeline/Pipeline.php(219): Illuminate/Cookie/Middleware/EncryptCookies->handle(Object(Illuminate/Http/Request), Object(Closure))
#28 D:/Ngoding/RepoGithub/fiber-manager-G/vendor/laravel/framework/src/Illuminate/Pipeline/Pipeline.php(137): Illuminate/Pipeline/Pipeline->Illuminate/Pipeline/{closure}(Object(Illuminate/Http/Request))
#29 D:/Ngoding/RepoGithub/fiber-manager-G/vendor/laravel/framework/src/Illuminate/Routing/Router.php(821): Illuminate/Pipeline/Pipeline->then(Object(Closure))
#30 D:/Ngoding/RepoGithub/fiber-manager-G/vendor/laravel/framework/src/Illuminate/Routing/Router.php(800): Illuminate/Routing/Router->runRouteWithinStack(Object(Illuminate/Routing/Route), Object(Illuminate/Http/Request))
#31 D:/Ngoding/RepoGithub/fiber-manager-G/vendor/laravel/framework/src/Illuminate/Routing/Router.php(764): Illuminate/Routing/Router->runRoute(Object(Illuminate/Http/Request), Object(Illuminate/Routing/Route))
#32 D:/Ngoding/RepoGithub/fiber-manager-G/vendor/laravel/framework/src/Illuminate/Routing/Router.php(753): Illuminate/Routing/Router->dispatchToRoute(Object(Illuminate/Http/Request))
#33 D:/Ngoding/RepoGithub/fiber-manager-G/vendor/laravel/framework/src/Illuminate/Foundation/Http/Kernel.php(200): Illuminate/Routing/Router->dispatch(Object(Illuminate/Http/Request))
#34 D:/Ngoding/RepoGithub/fiber-manager-G/vendor/laravel/framework/src/Illuminate/Pipeline/Pipeline.php(180): Illuminate/Foundation/Http/Kernel->Illuminate/Foundation/Http/{closure}(Object(Illuminate/Http/Request))
#35 D:/Ngoding/RepoGithub/fiber-manager-G/vendor/laravel/framework/src/Illuminate/Foundation/Http/Middleware/TransformsRequest.php(21): Illuminate/Pipeline/Pipeline->Illuminate/Pipeline/{closure}(Object(Illuminate/Http/Request))
#36 D:/Ngoding/RepoGithub/fiber-manager-G/vendor/laravel/framework/src/Illuminate/Foundation/Http/Middleware/ConvertEmptyStringsToNull.php(31): Illuminate/Foundation/Http/Middleware/TransformsRequest->handle(Object(Illuminate/Http/Request), Object(Closure))
#37 D:/Ngoding/RepoGithub/fiber-manager-G/vendor/laravel/framework/src/Illuminate/Pipeline/Pipeline.php(219): Illuminate/Foundation/Http/Middleware/ConvertEmptyStringsToNull->handle(Object(Illuminate/Http/Request), Object(Closure))
#38 D:/Ngoding/RepoGithub/fiber-manager-G/vendor/laravel/framework/src/Illuminate/Foundation/Http/Middleware/TransformsRequest.php(21): Illuminate/Pipeline/Pipeline->Illuminate/Pipeline/{closure}(Object(Illuminate/Http/Request))
#39 D:/Ngoding/RepoGithub/fiber-manager-G/vendor/laravel/framework/src/Illuminate/Foundation/Http/Middleware/TrimStrings.php(51): Illuminate/Foundation/Http/Middleware/TransformsRequest->handle(Object(Illuminate/Http/Request), Object(Closure))
#40 D:/Ngoding/RepoGithub/fiber-manager-G/vendor/laravel/framework/src/Illuminate/Pipeline/Pipeline.php(219): Illuminate/Foundation/Http/Middleware/TrimStrings->handle(Object(Illuminate/Http/Request), Object(Closure))
#41 D:/Ngoding/RepoGithub/fiber-manager-G/vendor/laravel/framework/src/Illuminate/Http/Middleware/ValidatePostSize.php(27): Illuminate/Pipeline/Pipeline->Illuminate/Pipeline/{closure}(Object(Illuminate/Http/Request))
#42 D:/Ngoding/RepoGithub/fiber-manager-G/vendor/laravel/framework/src/Illuminate/Pipeline/Pipeline.php(219): Illuminate/Http/Middleware/ValidatePostSize->handle(Object(Illuminate/Http/Request), Object(Closure))
#43 D:/Ngoding/RepoGithub/fiber-manager-G/vendor/laravel/framework/src/Illuminate/Foundation/Http/Middleware/PreventRequestsDuringMaintenance.php(109): Illuminate/Pipeline/Pipeline->Illuminate/Pipeline/{closure}(Object(Illuminate/Http/Request))
#44 D:/Ngoding/RepoGithub/fiber-manager-G/vendor/laravel/framework/src/Illuminate/Pipeline/Pipeline.php(219): Illuminate/Foundation/Http/Middleware/PreventRequestsDuringMaintenance->handle(Object(Illuminate/Http/Request), Object(Closure))
#45 D:/Ngoding/RepoGithub/fiber-manager-G/vendor/laravel/framework/src/Illuminate/Http/Middleware/HandleCors.php(61): Illuminate/Pipeline/Pipeline->Illuminate/Pipeline/{closure}(Object(Illuminate/Http/Request))
#46 D:/Ngoding/RepoGithub/fiber-manager-G/vendor/laravel/framework/src/Illuminate/Pipeline/Pipeline.php(219): Illuminate/Http/Middleware/HandleCors->handle(Object(Illuminate/Http/Request), Object(Closure))
#47 D:/Ngoding/RepoGithub/fiber-manager-G/vendor/laravel/framework/src/Illuminate/Http/Middleware/TrustProxies.php(58): Illuminate/Pipeline/Pipeline->Illuminate/Pipeline/{closure}(Object(Illuminate/Http/Request))
#48 D:/Ngoding/RepoGithub/fiber-manager-G/vendor/laravel/framework/src/Illuminate/Pipeline/Pipeline.php(219): Illuminate/Http/Middleware/TrustProxies->handle(Object(Illuminate/Http/Request), Object(Closure))
#49 D:/Ngoding/RepoGithub/fiber-manager-G/vendor/laravel/framework/src/Illuminate/Foundation/Http/Middleware/InvokeDeferredCallbacks.php(22): Illuminate/Pipeline/Pipeline->Illuminate/Pipeline/{closure}(Object(Illuminate/Http/Request))
#50 D:/Ngoding/RepoGithub/fiber-manager-G/vendor/laravel/framework/src/Illuminate/Pipeline/Pipeline.php(219): Illuminate/Foundation/Http/Middleware/InvokeDeferredCallbacks->handle(Object(Illuminate/Http/Request), Object(Closure))
#51 D:/Ngoding/RepoGithub/fiber-manager-G/vendor/laravel/framework/src/Illuminate/Http/Middleware/ValidatePathEncoding.php(28): Illuminate/Pipeline/Pipeline->Illuminate/Pipeline/{closure}(Object(Illuminate/Http/Request))
#52 D:/Ngoding/RepoGithub/fiber-manager-G/vendor/laravel/framework/src/Illuminate/Pipeline/Pipeline.php(219): Illuminate/Http/Middleware/ValidatePathEncoding->handle(Object(Illuminate/Http/Request), Object(Closure))
#53 D:/Ngoding/RepoGithub/fiber-manager-G/vendor/laravel/framework/src/Illuminate/Pipeline/Pipeline.php(137): Illuminate/Pipeline/Pipeline->Illuminate/Pipeline/{closure}(Object(Illuminate/Http/Request))
#54 D:/Ngoding/RepoGithub/fiber-manager-G/vendor/laravel/framework/src/Illuminate/Foundation/Http/Kernel.php(175): Illuminate/Pipeline/Pipeline->then(Object(Closure))
#55 D:/Ngoding/RepoGithub/fiber-manager-G/vendor/laravel/framework/src/Illuminate/Foundation/Http/Kernel.php(144): Illuminate/Foundation/Http/Kernel->sendRequestThroughRouter(Object(Illuminate/Http/Request))
#56 D:/Ngoding/RepoGithub/fiber-manager-G/vendor/laravel/framework/src/Illuminate/Foundation/Application.php(1227): Illuminate/Foundation/Http/Kernel->handle(Object(Illuminate/Http/Request))
#57 D:/Ngoding/RepoGithub/fiber-manager-G/public/index.php(20): Illuminate/Foundation/Application->handleRequest(Object(Illuminate/Http/Request))
#58 D:/Ngoding/RepoGithub/fiber-manager-G/vendor/laravel/framework/src/Illuminate/Foundation/resources/server.php(23): require_once('D://Ngoding//Repo...')
#59 {main}
"} 
[2026-07-28 07:14:36] local.ERROR: SQLSTATE[42S02]: Base table or view not found: 1146 Table 'fmg.customers' doesn't exist (Connection: mysql, Host: 127.0.0.1, Port: 3306, Database: fmg, SQL: insert into `customers` (`name`, `lat`, `lng`, `onu_number`, `modem_type`, `address`, `phone`, `description`, `odp_id`, `port_number`, `path_coordinates`, `updated_at`, `created_at`) values (ae, -6.9700442220599, 109.64761298281, ZTEASDADWA, CET, ?, ?, adads, ?, ?, ?, 2026-07-28 07:14:36, 2026-07-28 07:14:36)) {"userId":1,"exception":"[object] (Illuminate\\Database\\QueryException(code: 42S02): SQLSTATE[42S02]: Base table or view not found: 1146 Table 'fmg.customers' doesn't exist (Connection: mysql, Host: 127.0.0.1, Port: 3306, Database: fmg, SQL: insert into `customers` (`name`, `lat`, `lng`, `onu_number`, `modem_type`, `address`, `phone`, `description`, `odp_id`, `port_number`, `path_coordinates`, `updated_at`, `created_at`) values (ae, -6.9700442220599, 109.64761298281, ZTEASDADWA, CET, ?, ?, adads, ?, ?, ?, 2026-07-28 07:14:36, 2026-07-28 07:14:36)) at D:/Ngoding/RepoGithub/fiber-manager-G/vendor/laravel/framework/src/Illuminate/Database/Connection.php:857)
[stacktrace]
#0 D:/Ngoding/RepoGithub/fiber-manager-G/vendor/laravel/framework/src/Illuminate/Database/Connection.php(813): Illuminate/Database/Connection->runQueryCallback('insert into `cu...', Array, Object(Closure))
#1 D:/Ngoding/RepoGithub/fiber-manager-G/vendor/laravel/framework/src/Illuminate/Database/MySqlConnection.php(42): Illuminate/Database/Connection->run('insert into `cu...', Array, Object(Closure))
#2 D:/Ngoding/RepoGithub/fiber-manager-G/vendor/laravel/framework/src/Illuminate/Database/Query/Processors/MySqlProcessor.php(35): Illuminate/Database/MySqlConnection->insert('insert into `cu...', Array, 'id')
#3 D:/Ngoding/RepoGithub/fiber-manager-G/vendor/laravel/framework/src/Illuminate/Database/Query/Builder.php(4258): Illuminate/Database/Query/Processors/MySqlProcessor->processInsertGetId(Object(Illuminate/Database/Query/Builder), 'insert into `cu...', Array, 'id')
#4 D:/Ngoding/RepoGithub/fiber-manager-G/vendor/laravel/framework/src/Illuminate/Database/Eloquent/Builder.php(2271): Illuminate/Database/Query/Builder->insertGetId(Array, 'id')
#5 D:/Ngoding/RepoGithub/fiber-manager-G/vendor/laravel/framework/src/Illuminate/Database/Eloquent/Model.php(1685): Illuminate/Database/Eloquent/Builder->__call('insertGetId', Array)
#6 D:/Ngoding/RepoGithub/fiber-manager-G/vendor/laravel/framework/src/Illuminate/Database/Eloquent/Model.php(1601): Illuminate/Database/Eloquent/Model->insertAndSetId(Object(Illuminate/Database/Eloquent/Builder), Array)
#7 D:/Ngoding/RepoGithub/fiber-manager-G/vendor/laravel/framework/src/Illuminate/Database/Eloquent/Model.php(1405): Illuminate/Database/Eloquent/Model->performInsert(Object(Illuminate/Database/Eloquent/Builder))
#8 D:/Ngoding/RepoGithub/fiber-manager-G/vendor/laravel/framework/src/Illuminate/Database/Eloquent/Builder.php(1225): Illuminate/Database/Eloquent/Model->save()
#9 D:/Ngoding/RepoGithub/fiber-manager-G/vendor/laravel/framework/src/Illuminate/Support/helpers.php(393): Illuminate/Database/Eloquent/Builder->Illuminate/Database/Eloquent/{closure}(Object(App/Models/Customer))
#10 D:/Ngoding/RepoGithub/fiber-manager-G/vendor/laravel/framework/src/Illuminate/Database/Eloquent/Builder.php(1224): tap(Object(App/Models/Customer), Object(Closure))
#11 D:/Ngoding/RepoGithub/fiber-manager-G/vendor/laravel/framework/src/Illuminate/Support/Traits/ForwardsCalls.php(23): Illuminate/Database/Eloquent/Builder->create(Array)
#12 D:/Ngoding/RepoGithub/fiber-manager-G/vendor/laravel/framework/src/Illuminate/Database/Eloquent/Model.php(2842): Illuminate/Database/Eloquent/Model->forwardCallTo(Object(Illuminate/Database/Eloquent/Builder), 'create', Array)
#13 D:/Ngoding/RepoGithub/fiber-manager-G/vendor/laravel/framework/src/Illuminate/Database/Eloquent/Model.php(2858): Illuminate/Database/Eloquent/Model->__call('create', Array)
#14 D:/Ngoding/RepoGithub/fiber-manager-G/app/Http/Controllers/CustomerController.php(113): Illuminate/Database/Eloquent/Model::__callStatic('create', Array)
#15 D:/Ngoding/RepoGithub/fiber-manager-G/app/Http/Controllers/CustomerController.php(40): App/Http/Controllers/CustomerController->createCustomer(Object(Illuminate/Http/Request))
#16 D:/Ngoding/RepoGithub/fiber-manager-G/vendor/laravel/framework/src/Illuminate/Routing/ControllerDispatcher.php(46): App/Http/Controllers/CustomerController->handle(Object(Illuminate/Http/Request))
#17 D:/Ngoding/RepoGithub/fiber-manager-G/vendor/laravel/framework/src/Illuminate/Routing/Route.php(276): Illuminate/Routing/ControllerDispatcher->dispatch(Object(Illuminate/Routing/Route), Object(App/Http/Controllers/CustomerController), 'handle')
#18 D:/Ngoding/RepoGithub/fiber-manager-G/vendor/laravel/framework/src/Illuminate/Routing/Route.php(216): Illuminate/Routing/Route->runController()
#19 D:/Ngoding/RepoGithub/fiber-manager-G/vendor/laravel/framework/src/Illuminate/Routing/Router.php(822): Illuminate/Routing/Route->run()
#20 D:/Ngoding/RepoGithub/fiber-manager-G/vendor/laravel/framework/src/Illuminate/Pipeline/Pipeline.php(180): Illuminate/Routing/Router->Illuminate/Routing/{closure}(Object(Illuminate/Http/Request))
#21 D:/Ngoding/RepoGithub/fiber-manager-G/vendor/laravel/framework/src/Illuminate/Routing/Middleware/SubstituteBindings.php(52): Illuminate/Pipeline/Pipeline->Illuminate/Pipeline/{closure}(Object(Illuminate/Http/Request))
#22 D:/Ngoding/RepoGithub/fiber-manager-G/vendor/laravel/framework/src/Illuminate/Pipeline/Pipeline.php(219): Illuminate/Routing/Middleware/SubstituteBindings->handle(Object(Illuminate/Http/Request), Object(Closure))
#23 D:/Ngoding/RepoGithub/fiber-manager-G/vendor/laravel/framework/src/Illuminate/Foundation/Http/Middleware/PreventRequestForgery.php(104): Illuminate/Pipeline/Pipeline->Illuminate/Pipeline/{closure}(Object(Illuminate/Http/Request))
#24 D:/Ngoding/RepoGithub/fiber-manager-G/vendor/laravel/framework/src/Illuminate/Pipeline/Pipeline.php(219): Illuminate/Foundation/Http/Middleware/PreventRequestForgery->handle(Object(Illuminate/Http/Request), Object(Closure))
#25 D:/Ngoding/RepoGithub/fiber-manager-G/vendor/laravel/framework/src/Illuminate/View/Middleware/ShareErrorsFromSession.php(48): Illuminate/Pipeline/Pipeline->Illuminate/Pipeline/{closure}(Object(Illuminate/Http/Request))
#26 D:/Ngoding/RepoGithub/fiber-manager-G/vendor/laravel/framework/src/Illuminate/Pipeline/Pipeline.php(219): Illuminate/View/Middleware/ShareErrorsFromSession->handle(Object(Illuminate/Http/Request), Object(Closure))
#27 D:/Ngoding/RepoGithub/fiber-manager-G/vendor/laravel/framework/src/Illuminate/Session/Middleware/StartSession.php(120): Illuminate/Pipeline/Pipeline->Illuminate/Pipeline/{closure}(Object(Illuminate/Http/Request))
#28 D:/Ngoding/RepoGithub/fiber-manager-G/vendor/laravel/framework/src/Illuminate/Session/Middleware/StartSession.php(63): Illuminate/Session/Middleware/StartSession->handleStatefulRequest(Object(Illuminate/Http/Request), Object(Illuminate/Session/Store), Object(Closure))
#29 D:/Ngoding/RepoGithub/fiber-manager-G/vendor/laravel/framework/src/Illuminate/Pipeline/Pipeline.php(219): Illuminate/Session/Middleware/StartSession->handle(Object(Illuminate/Http/Request), Object(Closure))
#30 D:/Ngoding/RepoGithub/fiber-manager-G/vendor/laravel/framework/src/Illuminate/Cookie/Middleware/AddQueuedCookiesToResponse.php(36): Illuminate/Pipeline/Pipeline->Illuminate/Pipeline/{closure}(Object(Illuminate/Http/Request))
#31 D:/Ngoding/RepoGithub/fiber-manager-G/vendor/laravel/framework/src/Illuminate/Pipeline/Pipeline.php(219): Illuminate/Cookie/Middleware/AddQueuedCookiesToResponse->handle(Object(Illuminate/Http/Request), Object(Closure))
#32 D:/Ngoding/RepoGithub/fiber-manager-G/vendor/laravel/framework/src/Illuminate/Cookie/Middleware/EncryptCookies.php(74): Illuminate/Pipeline/Pipeline->Illuminate/Pipeline/{closure}(Object(Illuminate/Http/Request))
#33 D:/Ngoding/RepoGithub/fiber-manager-G/vendor/laravel/framework/src/Illuminate/Pipeline/Pipeline.php(219): Illuminate/Cookie/Middleware/EncryptCookies->handle(Object(Illuminate/Http/Request), Object(Closure))
#34 D:/Ngoding/RepoGithub/fiber-manager-G/vendor/laravel/framework/src/Illuminate/Pipeline/Pipeline.php(137): Illuminate/Pipeline/Pipeline->Illuminate/Pipeline/{closure}(Object(Illuminate/Http/Request))
#35 D:/Ngoding/RepoGithub/fiber-manager-G/vendor/laravel/framework/src/Illuminate/Routing/Router.php(821): Illuminate/Pipeline/Pipeline->then(Object(Closure))
#36 D:/Ngoding/RepoGithub/fiber-manager-G/vendor/laravel/framework/src/Illuminate/Routing/Router.php(800): Illuminate/Routing/Router->runRouteWithinStack(Object(Illuminate/Routing/Route), Object(Illuminate/Http/Request))
#37 D:/Ngoding/RepoGithub/fiber-manager-G/vendor/laravel/framework/src/Illuminate/Routing/Router.php(764): Illuminate/Routing/Router->runRoute(Object(Illuminate/Http/Request), Object(Illuminate/Routing/Route))
#38 D:/Ngoding/RepoGithub/fiber-manager-G/vendor/laravel/framework/src/Illuminate/Routing/Router.php(753): Illuminate/Routing/Router->dispatchToRoute(Object(Illuminate/Http/Request))
#39 D:/Ngoding/RepoGithub/fiber-manager-G/vendor/laravel/framework/src/Illuminate/Foundation/Http/Kernel.php(200): Illuminate/Routing/Router->dispatch(Object(Illuminate/Http/Request))
#40 D:/Ngoding/RepoGithub/fiber-manager-G/vendor/laravel/framework/src/Illuminate/Pipeline/Pipeline.php(180): Illuminate/Foundation/Http/Kernel->Illuminate/Foundation/Http/{closure}(Object(Illuminate/Http/Request))
#41 D:/Ngoding/RepoGithub/fiber-manager-G/vendor/laravel/framework/src/Illuminate/Foundation/Http/Middleware/TransformsRequest.php(21): Illuminate/Pipeline/Pipeline->Illuminate/Pipeline/{closure}(Object(Illuminate/Http/Request))
#42 D:/Ngoding/RepoGithub/fiber-manager-G/vendor/laravel/framework/src/Illuminate/Foundation/Http/Middleware/ConvertEmptyStringsToNull.php(31): Illuminate/Foundation/Http/Middleware/TransformsRequest->handle(Object(Illuminate/Http/Request), Object(Closure))
#43 D:/Ngoding/RepoGithub/fiber-manager-G/vendor/laravel/framework/src/Illuminate/Pipeline/Pipeline.php(219): Illuminate/Foundation/Http/Middleware/ConvertEmptyStringsToNull->handle(Object(Illuminate/Http/Request), Object(Closure))
#44 D:/Ngoding/RepoGithub/fiber-manager-G/vendor/laravel/framework/src/Illuminate/Foundation/Http/Middleware/TransformsRequest.php(21): Illuminate/Pipeline/Pipeline->Illuminate/Pipeline/{closure}(Object(Illuminate/Http/Request))
#45 D:/Ngoding/RepoGithub/fiber-manager-G/vendor/laravel/framework/src/Illuminate/Foundation/Http/Middleware/TrimStrings.php(51): Illuminate/Foundation/Http/Middleware/TransformsRequest->handle(Object(Illuminate/Http/Request), Object(Closure))
#46 D:/Ngoding/RepoGithub/fiber-manager-G/vendor/laravel/framework/src/Illuminate/Pipeline/Pipeline.php(219): Illuminate/Foundation/Http/Middleware/TrimStrings->handle(Object(Illuminate/Http/Request), Object(Closure))
#47 D:/Ngoding/RepoGithub/fiber-manager-G/vendor/laravel/framework/src/Illuminate/Http/Middleware/ValidatePostSize.php(27): Illuminate/Pipeline/Pipeline->Illuminate/Pipeline/{closure}(Object(Illuminate/Http/Request))
#48 D:/Ngoding/RepoGithub/fiber-manager-G/vendor/laravel/framework/src/Illuminate/Pipeline/Pipeline.php(219): Illuminate/Http/Middleware/ValidatePostSize->handle(Object(Illuminate/Http/Request), Object(Closure))
#49 D:/Ngoding/RepoGithub/fiber-manager-G/vendor/laravel/framework/src/Illuminate/Foundation/Http/Middleware/PreventRequestsDuringMaintenance.php(109): Illuminate/Pipeline/Pipeline->Illuminate/Pipeline/{closure}(Object(Illuminate/Http/Request))
#50 D:/Ngoding/RepoGithub/fiber-manager-G/vendor/laravel/framework/src/Illuminate/Pipeline/Pipeline.php(219): Illuminate/Foundation/Http/Middleware/PreventRequestsDuringMaintenance->handle(Object(Illuminate/Http/Request), Object(Closure))
#51 D:/Ngoding/RepoGithub/fiber-manager-G/vendor/laravel/framework/src/Illuminate/Http/Middleware/HandleCors.php(61): Illuminate/Pipeline/Pipeline->Illuminate/Pipeline/{closure}(Object(Illuminate/Http/Request))
#52 D:/Ngoding/RepoGithub/fiber-manager-G/vendor/laravel/framework/src/Illuminate/Pipeline/Pipeline.php(219): Illuminate/Http/Middleware/HandleCors->handle(Object(Illuminate/Http/Request), Object(Closure))
#53 D:/Ngoding/RepoGithub/fiber-manager-G/vendor/laravel/framework/src/Illuminate/Http/Middleware/TrustProxies.php(58): Illuminate/Pipeline/Pipeline->Illuminate/Pipeline/{closure}(Object(Illuminate/Http/Request))
#54 D:/Ngoding/RepoGithub/fiber-manager-G/vendor/laravel/framework/src/Illuminate/Pipeline/Pipeline.php(219): Illuminate/Http/Middleware/TrustProxies->handle(Object(Illuminate/Http/Request), Object(Closure))
#55 D:/Ngoding/RepoGithub/fiber-manager-G/vendor/laravel/framework/src/Illuminate/Foundation/Http/Middleware/InvokeDeferredCallbacks.php(22): Illuminate/Pipeline/Pipeline->Illuminate/Pipeline/{closure}(Object(Illuminate/Http/Request))
#56 D:/Ngoding/RepoGithub/fiber-manager-G/vendor/laravel/framework/src/Illuminate/Pipeline/Pipeline.php(219): Illuminate/Foundation/Http/Middleware/InvokeDeferredCallbacks->handle(Object(Illuminate/Http/Request), Object(Closure))
#57 D:/Ngoding/RepoGithub/fiber-manager-G/vendor/laravel/framework/src/Illuminate/Http/Middleware/ValidatePathEncoding.php(28): Illuminate/Pipeline/Pipeline->Illuminate/Pipeline/{closure}(Object(Illuminate/Http/Request))
#58 D:/Ngoding/RepoGithub/fiber-manager-G/vendor/laravel/framework/src/Illuminate/Pipeline/Pipeline.php(219): Illuminate/Http/Middleware/ValidatePathEncoding->handle(Object(Illuminate/Http/Request), Object(Closure))
#59 D:/Ngoding/RepoGithub/fiber-manager-G/vendor/laravel/framework/src/Illuminate/Pipeline/Pipeline.php(137): Illuminate/Pipeline/Pipeline->Illuminate/Pipeline/{closure}(Object(Illuminate/Http/Request))
#60 D:/Ngoding/RepoGithub/fiber-manager-G/vendor/laravel/framework/src/Illuminate/Foundation/Http/Kernel.php(175): Illuminate/Pipeline/Pipeline->then(Object(Closure))
#61 D:/Ngoding/RepoGithub/fiber-manager-G/vendor/laravel/framework/src/Illuminate/Foundation/Http/Kernel.php(144): Illuminate/Foundation/Http/Kernel->sendRequestThroughRouter(Object(Illuminate/Http/Request))
#62 D:/Ngoding/RepoGithub/fiber-manager-G/vendor/laravel/framework/src/Illuminate/Foundation/Application.php(1227): Illuminate/Foundation/Http/Kernel->handle(Object(Illuminate/Http/Request))
#63 D:/Ngoding/RepoGithub/fiber-manager-G/public/index.php(20): Illuminate/Foundation/Application->handleRequest(Object(Illuminate/Http/Request))
#64 D:/Ngoding/RepoGithub/fiber-manager-G/vendor/laravel/framework/src/Illuminate/Foundation/resources/server.php(23): require_once('D://Ngoding//Repo...')
#65 {main}

[previous exception] [object] (PDOException(code: 42S02): SQLSTATE[42S02]: Base table or view not found: 1146 Table 'fmg.customers' doesn't exist at D:/Ngoding/RepoGithub/fiber-manager-G/vendor/laravel/framework/src/Illuminate/Database/MySqlConnection.php:47)
[stacktrace]
#0 D:/Ngoding/RepoGithub/fiber-manager-G/vendor/laravel/framework/src/Illuminate/Database/MySqlConnection.php(47): PDO->prepare('insert into `cu...')
#1 D:/Ngoding/RepoGithub/fiber-manager-G/vendor/laravel/framework/src/Illuminate/Database/Connection.php(846): Illuminate/Database/MySqlConnection->Illuminate/Database/{closure}('insert into `cu...', Array)
#2 D:/Ngoding/RepoGithub/fiber-manager-G/vendor/laravel/framework/src/Illuminate/Database/Connection.php(813): Illuminate/Database/Connection->runQueryCallback('insert into `cu...', Array, Object(Closure))
#3 D:/Ngoding/RepoGithub/fiber-manager-G/vendor/laravel/framework/src/Illuminate/Database/MySqlConnection.php(42): Illuminate/Database/Connection->run('insert into `cu...', Array, Object(Closure))
#4 D:/Ngoding/RepoGithub/fiber-manager-G/vendor/laravel/framework/src/Illuminate/Database/Query/Processors/MySqlProcessor.php(35): Illuminate/Database/MySqlConnection->insert('insert into `cu...', Array, 'id')
#5 D:/Ngoding/RepoGithub/fiber-manager-G/vendor/laravel/framework/src/Illuminate/Database/Query/Builder.php(4258): Illuminate/Database/Query/Processors/MySqlProcessor->processInsertGetId(Object(Illuminate/Database/Query/Builder), 'insert into `cu...', Array, 'id')
#6 D:/Ngoding/RepoGithub/fiber-manager-G/vendor/laravel/framework/src/Illuminate/Database/Eloquent/Builder.php(2271): Illuminate/Database/Query/Builder->insertGetId(Array, 'id')
#7 D:/Ngoding/RepoGithub/fiber-manager-G/vendor/laravel/framework/src/Illuminate/Database/Eloquent/Model.php(1685): Illuminate/Database/Eloquent/Builder->__call('insertGetId', Array)
#8 D:/Ngoding/RepoGithub/fiber-manager-G/vendor/laravel/framework/src/Illuminate/Database/Eloquent/Model.php(1601): Illuminate/Database/Eloquent/Model->insertAndSetId(Object(Illuminate/Database/Eloquent/Builder), Array)
#9 D:/Ngoding/RepoGithub/fiber-manager-G/vendor/laravel/framework/src/Illuminate/Database/Eloquent/Model.php(1405): Illuminate/Database/Eloquent/Model->performInsert(Object(Illuminate/Database/Eloquent/Builder))
#10 D:/Ngoding/RepoGithub/fiber-manager-G/vendor/laravel/framework/src/Illuminate/Database/Eloquent/Builder.php(1225): Illuminate/Database/Eloquent/Model->save()
#11 D:/Ngoding/RepoGithub/fiber-manager-G/vendor/laravel/framework/src/Illuminate/Support/helpers.php(393): Illuminate/Database/Eloquent/Builder->Illuminate/Database/Eloquent/{closure}(Object(App/Models/Customer))
#12 D:/Ngoding/RepoGithub/fiber-manager-G/vendor/laravel/framework/src/Illuminate/Database/Eloquent/Builder.php(1224): tap(Object(App/Models/Customer), Object(Closure))
#13 D:/Ngoding/RepoGithub/fiber-manager-G/vendor/laravel/framework/src/Illuminate/Support/Traits/ForwardsCalls.php(23): Illuminate/Database/Eloquent/Builder->create(Array)
#14 D:/Ngoding/RepoGithub/fiber-manager-G/vendor/laravel/framework/src/Illuminate/Database/Eloquent/Model.php(2842): Illuminate/Database/Eloquent/Model->forwardCallTo(Object(Illuminate/Database/Eloquent/Builder), 'create', Array)
#15 D:/Ngoding/RepoGithub/fiber-manager-G/vendor/laravel/framework/src/Illuminate/Database/Eloquent/Model.php(2858): Illuminate/Database/Eloquent/Model->__call('create', Array)
#16 D:/Ngoding/RepoGithub/fiber-manager-G/app/Http/Controllers/CustomerController.php(113): Illuminate/Database/Eloquent/Model::__callStatic('create', Array)
#17 D:/Ngoding/RepoGithub/fiber-manager-G/app/Http/Controllers/CustomerController.php(40): App/Http/Controllers/CustomerController->createCustomer(Object(Illuminate/Http/Request))
#18 D:/Ngoding/RepoGithub/fiber-manager-G/vendor/laravel/framework/src/Illuminate/Routing/ControllerDispatcher.php(46): App/Http/Controllers/CustomerController->handle(Object(Illuminate/Http/Request))
#19 D:/Ngoding/RepoGithub/fiber-manager-G/vendor/laravel/framework/src/Illuminate/Routing/Route.php(276): Illuminate/Routing/ControllerDispatcher->dispatch(Object(Illuminate/Routing/Route), Object(App/Http/Controllers/CustomerController), 'handle')
#20 D:/Ngoding/RepoGithub/fiber-manager-G/vendor/laravel/framework/src/Illuminate/Routing/Route.php(216): Illuminate/Routing/Route->runController()
#21 D:/Ngoding/RepoGithub/fiber-manager-G/vendor/laravel/framework/src/Illuminate/Routing/Router.php(822): Illuminate/Routing/Route->run()
#22 D:/Ngoding/RepoGithub/fiber-manager-G/vendor/laravel/framework/src/Illuminate/Pipeline/Pipeline.php(180): Illuminate/Routing/Router->Illuminate/Routing/{closure}(Object(Illuminate/Http/Request))
#23 D:/Ngoding/RepoGithub/fiber-manager-G/vendor/laravel/framework/src/Illuminate/Routing/Middleware/SubstituteBindings.php(52): Illuminate/Pipeline/Pipeline->Illuminate/Pipeline/{closure}(Object(Illuminate/Http/Request))
#24 D:/Ngoding/RepoGithub/fiber-manager-G/vendor/laravel/framework/src/Illuminate/Pipeline/Pipeline.php(219): Illuminate/Routing/Middleware/SubstituteBindings->handle(Object(Illuminate/Http/Request), Object(Closure))
#25 D:/Ngoding/RepoGithub/fiber-manager-G/vendor/laravel/framework/src/Illuminate/Foundation/Http/Middleware/PreventRequestForgery.php(104): Illuminate/Pipeline/Pipeline->Illuminate/Pipeline/{closure}(Object(Illuminate/Http/Request))
#26 D:/Ngoding/RepoGithub/fiber-manager-G/vendor/laravel/framework/src/Illuminate/Pipeline/Pipeline.php(219): Illuminate/Foundation/Http/Middleware/PreventRequestForgery->handle(Object(Illuminate/Http/Request), Object(Closure))
#27 D:/Ngoding/RepoGithub/fiber-manager-G/vendor/laravel/framework/src/Illuminate/View/Middleware/ShareErrorsFromSession.php(48): Illuminate/Pipeline/Pipeline->Illuminate/Pipeline/{closure}(Object(Illuminate/Http/Request))
#28 D:/Ngoding/RepoGithub/fiber-manager-G/vendor/laravel/framework/src/Illuminate/Pipeline/Pipeline.php(219): Illuminate/View/Middleware/ShareErrorsFromSession->handle(Object(Illuminate/Http/Request), Object(Closure))
#29 D:/Ngoding/RepoGithub/fiber-manager-G/vendor/laravel/framework/src/Illuminate/Session/Middleware/StartSession.php(120): Illuminate/Pipeline/Pipeline->Illuminate/Pipeline/{closure}(Object(Illuminate/Http/Request))
#30 D:/Ngoding/RepoGithub/fiber-manager-G/vendor/laravel/framework/src/Illuminate/Session/Middleware/StartSession.php(63): Illuminate/Session/Middleware/StartSession->handleStatefulRequest(Object(Illuminate/Http/Request), Object(Illuminate/Session/Store), Object(Closure))
#31 D:/Ngoding/RepoGithub/fiber-manager-G/vendor/laravel/framework/src/Illuminate/Pipeline/Pipeline.php(219): Illuminate/Session/Middleware/StartSession->handle(Object(Illuminate/Http/Request), Object(Closure))
#32 D:/Ngoding/RepoGithub/fiber-manager-G/vendor/laravel/framework/src/Illuminate/Cookie/Middleware/AddQueuedCookiesToResponse.php(36): Illuminate/Pipeline/Pipeline->Illuminate/Pipeline/{closure}(Object(Illuminate/Http/Request))
#33 D:/Ngoding/RepoGithub/fiber-manager-G/vendor/laravel/framework/src/Illuminate/Pipeline/Pipeline.php(219): Illuminate/Cookie/Middleware/AddQueuedCookiesToResponse->handle(Object(Illuminate/Http/Request), Object(Closure))
#34 D:/Ngoding/RepoGithub/fiber-manager-G/vendor/laravel/framework/src/Illuminate/Cookie/Middleware/EncryptCookies.php(74): Illuminate/Pipeline/Pipeline->Illuminate/Pipeline/{closure}(Object(Illuminate/Http/Request))
#35 D:/Ngoding/RepoGithub/fiber-manager-G/vendor/laravel/framework/src/Illuminate/Pipeline/Pipeline.php(219): Illuminate/Cookie/Middleware/EncryptCookies->handle(Object(Illuminate/Http/Request), Object(Closure))
#36 D:/Ngoding/RepoGithub/fiber-manager-G/vendor/laravel/framework/src/Illuminate/Pipeline/Pipeline.php(137): Illuminate/Pipeline/Pipeline->Illuminate/Pipeline/{closure}(Object(Illuminate/Http/Request))
#37 D:/Ngoding/RepoGithub/fiber-manager-G/vendor/laravel/framework/src/Illuminate/Routing/Router.php(821): Illuminate/Pipeline/Pipeline->then(Object(Closure))
#38 D:/Ngoding/RepoGithub/fiber-manager-G/vendor/laravel/framework/src/Illuminate/Routing/Router.php(800): Illuminate/Routing/Router->runRouteWithinStack(Object(Illuminate/Routing/Route), Object(Illuminate/Http/Request))
#39 D:/Ngoding/RepoGithub/fiber-manager-G/vendor/laravel/framework/src/Illuminate/Routing/Router.php(764): Illuminate/Routing/Router->runRoute(Object(Illuminate/Http/Request), Object(Illuminate/Routing/Route))
#40 D:/Ngoding/RepoGithub/fiber-manager-G/vendor/laravel/framework/src/Illuminate/Routing/Router.php(753): Illuminate/Routing/Router->dispatchToRoute(Object(Illuminate/Http/Request))
#41 D:/Ngoding/RepoGithub/fiber-manager-G/vendor/laravel/framework/src/Illuminate/Foundation/Http/Kernel.php(200): Illuminate/Routing/Router->dispatch(Object(Illuminate/Http/Request))
#42 D:/Ngoding/RepoGithub/fiber-manager-G/vendor/laravel/framework/src/Illuminate/Pipeline/Pipeline.php(180): Illuminate/Foundation/Http/Kernel->Illuminate/Foundation/Http/{closure}(Object(Illuminate/Http/Request))
#43 D:/Ngoding/RepoGithub/fiber-manager-G/vendor/laravel/framework/src/Illuminate/Foundation/Http/Middleware/TransformsRequest.php(21): Illuminate/Pipeline/Pipeline->Illuminate/Pipeline/{closure}(Object(Illuminate/Http/Request))
#44 D:/Ngoding/RepoGithub/fiber-manager-G/vendor/laravel/framework/src/Illuminate/Foundation/Http/Middleware/ConvertEmptyStringsToNull.php(31): Illuminate/Foundation/Http/Middleware/TransformsRequest->handle(Object(Illuminate/Http/Request), Object(Closure))
#45 D:/Ngoding/RepoGithub/fiber-manager-G/vendor/laravel/framework/src/Illuminate/Pipeline/Pipeline.php(219): Illuminate/Foundation/Http/Middleware/ConvertEmptyStringsToNull->handle(Object(Illuminate/Http/Request), Object(Closure))
#46 D:/Ngoding/RepoGithub/fiber-manager-G/vendor/laravel/framework/src/Illuminate/Foundation/Http/Middleware/TransformsRequest.php(21): Illuminate/Pipeline/Pipeline->Illuminate/Pipeline/{closure}(Object(Illuminate/Http/Request))
#47 D:/Ngoding/RepoGithub/fiber-manager-G/vendor/laravel/framework/src/Illuminate/Foundation/Http/Middleware/TrimStrings.php(51): Illuminate/Foundation/Http/Middleware/TransformsRequest->handle(Object(Illuminate/Http/Request), Object(Closure))
#48 D:/Ngoding/RepoGithub/fiber-manager-G/vendor/laravel/framework/src/Illuminate/Pipeline/Pipeline.php(219): Illuminate/Foundation/Http/Middleware/TrimStrings->handle(Object(Illuminate/Http/Request), Object(Closure))
#49 D:/Ngoding/RepoGithub/fiber-manager-G/vendor/laravel/framework/src/Illuminate/Http/Middleware/ValidatePostSize.php(27): Illuminate/Pipeline/Pipeline->Illuminate/Pipeline/{closure}(Object(Illuminate/Http/Request))
#50 D:/Ngoding/RepoGithub/fiber-manager-G/vendor/laravel/framework/src/Illuminate/Pipeline/Pipeline.php(219): Illuminate/Http/Middleware/ValidatePostSize->handle(Object(Illuminate/Http/Request), Object(Closure))
#51 D:/Ngoding/RepoGithub/fiber-manager-G/vendor/laravel/framework/src/Illuminate/Foundation/Http/Middleware/PreventRequestsDuringMaintenance.php(109): Illuminate/Pipeline/Pipeline->Illuminate/Pipeline/{closure}(Object(Illuminate/Http/Request))
#52 D:/Ngoding/RepoGithub/fiber-manager-G/vendor/laravel/framework/src/Illuminate/Pipeline/Pipeline.php(219): Illuminate/Foundation/Http/Middleware/PreventRequestsDuringMaintenance->handle(Object(Illuminate/Http/Request), Object(Closure))
#53 D:/Ngoding/RepoGithub/fiber-manager-G/vendor/laravel/framework/src/Illuminate/Http/Middleware/HandleCors.php(61): Illuminate/Pipeline/Pipeline->Illuminate/Pipeline/{closure}(Object(Illuminate/Http/Request))
#54 D:/Ngoding/RepoGithub/fiber-manager-G/vendor/laravel/framework/src/Illuminate/Pipeline/Pipeline.php(219): Illuminate/Http/Middleware/HandleCors->handle(Object(Illuminate/Http/Request), Object(Closure))
#55 D:/Ngoding/RepoGithub/fiber-manager-G/vendor/laravel/framework/src/Illuminate/Http/Middleware/TrustProxies.php(58): Illuminate/Pipeline/Pipeline->Illuminate/Pipeline/{closure}(Object(Illuminate/Http/Request))
#56 D:/Ngoding/RepoGithub/fiber-manager-G/vendor/laravel/framework/src/Illuminate/Pipeline/Pipeline.php(219): Illuminate/Http/Middleware/TrustProxies->handle(Object(Illuminate/Http/Request), Object(Closure))
#57 D:/Ngoding/RepoGithub/fiber-manager-G/vendor/laravel/framework/src/Illuminate/Foundation/Http/Middleware/InvokeDeferredCallbacks.php(22): Illuminate/Pipeline/Pipeline->Illuminate/Pipeline/{closure}(Object(Illuminate/Http/Request))
#58 D:/Ngoding/RepoGithub/fiber-manager-G/vendor/laravel/framework/src/Illuminate/Pipeline/Pipeline.php(219): Illuminate/Foundation/Http/Middleware/InvokeDeferredCallbacks->handle(Object(Illuminate/Http/Request), Object(Closure))
#59 D:/Ngoding/RepoGithub/fiber-manager-G/vendor/laravel/framework/src/Illuminate/Http/Middleware/ValidatePathEncoding.php(28): Illuminate/Pipeline/Pipeline->Illuminate/Pipeline/{closure}(Object(Illuminate/Http/Request))
#60 D:/Ngoding/RepoGithub/fiber-manager-G/vendor/laravel/framework/src/Illuminate/Pipeline/Pipeline.php(219): Illuminate/Http/Middleware/ValidatePathEncoding->handle(Object(Illuminate/Http/Request), Object(Closure))
#61 D:/Ngoding/RepoGithub/fiber-manager-G/vendor/laravel/framework/src/Illuminate/Pipeline/Pipeline.php(137): Illuminate/Pipeline/Pipeline->Illuminate/Pipeline/{closure}(Object(Illuminate/Http/Request))
#62 D:/Ngoding/RepoGithub/fiber-manager-G/vendor/laravel/framework/src/Illuminate/Foundation/Http/Kernel.php(175): Illuminate/Pipeline/Pipeline->then(Object(Closure))
#63 D:/Ngoding/RepoGithub/fiber-manager-G/vendor/laravel/framework/src/Illuminate/Foundation/Http/Kernel.php(144): Illuminate/Foundation/Http/Kernel->sendRequestThroughRouter(Object(Illuminate/Http/Request))
#64 D:/Ngoding/RepoGithub/fiber-manager-G/vendor/laravel/framework/src/Illuminate/Foundation/Application.php(1227): Illuminate/Foundation/Http/Kernel->handle(Object(Illuminate/Http/Request))
#65 D:/Ngoding/RepoGithub/fiber-manager-G/public/index.php(20): Illuminate/Foundation/Application->handleRequest(Object(Illuminate/Http/Request))
#66 D:/Ngoding/RepoGithub/fiber-manager-G/vendor/laravel/framework/src/Illuminate/Foundation/resources/server.php(23): require_once('D://Ngoding//Repo...')
#67 {main}
"} 
[2026-07-28 07:14:37] local.ERROR: SQLSTATE[42S02]: Base table or view not found: 1146 Table 'fmg.customers' doesn't exist (Connection: mysql, Host: 127.0.0.1, Port: 3306, Database: fmg, SQL: insert into `customers` (`name`, `lat`, `lng`, `onu_number`, `modem_type`, `address`, `phone`, `description`, `odp_id`, `port_number`, `path_coordinates`, `updated_at`, `created_at`) values (ae, -6.9700442220599, 109.64761298281, ZTEASDADWA, CET, ?, ?, adads, ?, ?, ?, 2026-07-28 07:14:37, 2026-07-28 07:14:37)) {"userId":1,"exception":"[object] (Illuminate\\Database\\QueryException(code: 42S02): SQLSTATE[42S02]: Base table or view not found: 1146 Table 'fmg.customers' doesn't exist (Connection: mysql, Host: 127.0.0.1, Port: 3306, Database: fmg, SQL: insert into `customers` (`name`, `lat`, `lng`, `onu_number`, `modem_type`, `address`, `phone`, `description`, `odp_id`, `port_number`, `path_coordinates`, `updated_at`, `created_at`) values (ae, -6.9700442220599, 109.64761298281, ZTEASDADWA, CET, ?, ?, adads, ?, ?, ?, 2026-07-28 07:14:37, 2026-07-28 07:14:37)) at D:/Ngoding/RepoGithub/fiber-manager-G/vendor/laravel/framework/src/Illuminate/Database/Connection.php:857)
[stacktrace]
#0 D:/Ngoding/RepoGithub/fiber-manager-G/vendor/laravel/framework/src/Illuminate/Database/Connection.php(813): Illuminate/Database/Connection->runQueryCallback('insert into `cu...', Array, Object(Closure))
#1 D:/Ngoding/RepoGithub/fiber-manager-G/vendor/laravel/framework/src/Illuminate/Database/MySqlConnection.php(42): Illuminate/Database/Connection->run('insert into `cu...', Array, Object(Closure))
#2 D:/Ngoding/RepoGithub/fiber-manager-G/vendor/laravel/framework/src/Illuminate/Database/Query/Processors/MySqlProcessor.php(35): Illuminate/Database/MySqlConnection->insert('insert into `cu...', Array, 'id')
#3 D:/Ngoding/RepoGithub/fiber-manager-G/vendor/laravel/framework/src/Illuminate/Database/Query/Builder.php(4258): Illuminate/Database/Query/Processors/MySqlProcessor->processInsertGetId(Object(Illuminate/Database/Query/Builder), 'insert into `cu...', Array, 'id')
#4 D:/Ngoding/RepoGithub/fiber-manager-G/vendor/laravel/framework/src/Illuminate/Database/Eloquent/Builder.php(2271): Illuminate/Database/Query/Builder->insertGetId(Array, 'id')
#5 D:/Ngoding/RepoGithub/fiber-manager-G/vendor/laravel/framework/src/Illuminate/Database/Eloquent/Model.php(1685): Illuminate/Database/Eloquent/Builder->__call('insertGetId', Array)
#6 D:/Ngoding/RepoGithub/fiber-manager-G/vendor/laravel/framework/src/Illuminate/Database/Eloquent/Model.php(1601): Illuminate/Database/Eloquent/Model->insertAndSetId(Object(Illuminate/Database/Eloquent/Builder), Array)
#7 D:/Ngoding/RepoGithub/fiber-manager-G/vendor/laravel/framework/src/Illuminate/Database/Eloquent/Model.php(1405): Illuminate/Database/Eloquent/Model->performInsert(Object(Illuminate/Database/Eloquent/Builder))
#8 D:/Ngoding/RepoGithub/fiber-manager-G/vendor/laravel/framework/src/Illuminate/Database/Eloquent/Builder.php(1225): Illuminate/Database/Eloquent/Model->save()
#9 D:/Ngoding/RepoGithub/fiber-manager-G/vendor/laravel/framework/src/Illuminate/Support/helpers.php(393): Illuminate/Database/Eloquent/Builder->Illuminate/Database/Eloquent/{closure}(Object(App/Models/Customer))
#10 D:/Ngoding/RepoGithub/fiber-manager-G/vendor/laravel/framework/src/Illuminate/Database/Eloquent/Builder.php(1224): tap(Object(App/Models/Customer), Object(Closure))
#11 D:/Ngoding/RepoGithub/fiber-manager-G/vendor/laravel/framework/src/Illuminate/Support/Traits/ForwardsCalls.php(23): Illuminate/Database/Eloquent/Builder->create(Array)
#12 D:/Ngoding/RepoGithub/fiber-manager-G/vendor/laravel/framework/src/Illuminate/Database/Eloquent/Model.php(2842): Illuminate/Database/Eloquent/Model->forwardCallTo(Object(Illuminate/Database/Eloquent/Builder), 'create', Array)
#13 D:/Ngoding/RepoGithub/fiber-manager-G/vendor/laravel/framework/src/Illuminate/Database/Eloquent/Model.php(2858): Illuminate/Database/Eloquent/Model->__call('create', Array)
#14 D:/Ngoding/RepoGithub/fiber-manager-G/app/Http/Controllers/CustomerController.php(113): Illuminate/Database/Eloquent/Model::__callStatic('create', Array)
#15 D:/Ngoding/RepoGithub/fiber-manager-G/app/Http/Controllers/CustomerController.php(40): App/Http/Controllers/CustomerController->createCustomer(Object(Illuminate/Http/Request))
#16 D:/Ngoding/RepoGithub/fiber-manager-G/vendor/laravel/framework/src/Illuminate/Routing/ControllerDispatcher.php(46): App/Http/Controllers/CustomerController->handle(Object(Illuminate/Http/Request))
#17 D:/Ngoding/RepoGithub/fiber-manager-G/vendor/laravel/framework/src/Illuminate/Routing/Route.php(276): Illuminate/Routing/ControllerDispatcher->dispatch(Object(Illuminate/Routing/Route), Object(App/Http/Controllers/CustomerController), 'handle')
#18 D:/Ngoding/RepoGithub/fiber-manager-G/vendor/laravel/framework/src/Illuminate/Routing/Route.php(216): Illuminate/Routing/Route->runController()
#19 D:/Ngoding/RepoGithub/fiber-manager-G/vendor/laravel/framework/src/Illuminate/Routing/Router.php(822): Illuminate/Routing/Route->run()
#20 D:/Ngoding/RepoGithub/fiber-manager-G/vendor/laravel/framework/src/Illuminate/Pipeline/Pipeline.php(180): Illuminate/Routing/Router->Illuminate/Routing/{closure}(Object(Illuminate/Http/Request))
#21 D:/Ngoding/RepoGithub/fiber-manager-G/vendor/laravel/framework/src/Illuminate/Routing/Middleware/SubstituteBindings.php(52): Illuminate/Pipeline/Pipeline->Illuminate/Pipeline/{closure}(Object(Illuminate/Http/Request))
#22 D:/Ngoding/RepoGithub/fiber-manager-G/vendor/laravel/framework/src/Illuminate/Pipeline/Pipeline.php(219): Illuminate/Routing/Middleware/SubstituteBindings->handle(Object(Illuminate/Http/Request), Object(Closure))
#23 D:/Ngoding/RepoGithub/fiber-manager-G/vendor/laravel/framework/src/Illuminate/Foundation/Http/Middleware/PreventRequestForgery.php(104): Illuminate/Pipeline/Pipeline->Illuminate/Pipeline/{closure}(Object(Illuminate/Http/Request))
#24 D:/Ngoding/RepoGithub/fiber-manager-G/vendor/laravel/framework/src/Illuminate/Pipeline/Pipeline.php(219): Illuminate/Foundation/Http/Middleware/PreventRequestForgery->handle(Object(Illuminate/Http/Request), Object(Closure))
#25 D:/Ngoding/RepoGithub/fiber-manager-G/vendor/laravel/framework/src/Illuminate/View/Middleware/ShareErrorsFromSession.php(48): Illuminate/Pipeline/Pipeline->Illuminate/Pipeline/{closure}(Object(Illuminate/Http/Request))
#26 D:/Ngoding/RepoGithub/fiber-manager-G/vendor/laravel/framework/src/Illuminate/Pipeline/Pipeline.php(219): Illuminate/View/Middleware/ShareErrorsFromSession->handle(Object(Illuminate/Http/Request), Object(Closure))
#27 D:/Ngoding/RepoGithub/fiber-manager-G/vendor/laravel/framework/src/Illuminate/Session/Middleware/StartSession.php(120): Illuminate/Pipeline/Pipeline->Illuminate/Pipeline/{closure}(Object(Illuminate/Http/Request))
#28 D:/Ngoding/RepoGithub/fiber-manager-G/vendor/laravel/framework/src/Illuminate/Session/Middleware/StartSession.php(63): Illuminate/Session/Middleware/StartSession->handleStatefulRequest(Object(Illuminate/Http/Request), Object(Illuminate/Session/Store), Object(Closure))
#29 D:/Ngoding/RepoGithub/fiber-manager-G/vendor/laravel/framework/src/Illuminate/Pipeline/Pipeline.php(219): Illuminate/Session/Middleware/StartSession->handle(Object(Illuminate/Http/Request), Object(Closure))
#30 D:/Ngoding/RepoGithub/fiber-manager-G/vendor/laravel/framework/src/Illuminate/Cookie/Middleware/AddQueuedCookiesToResponse.php(36): Illuminate/Pipeline/Pipeline->Illuminate/Pipeline/{closure}(Object(Illuminate/Http/Request))
#31 D:/Ngoding/RepoGithub/fiber-manager-G/vendor/laravel/framework/src/Illuminate/Pipeline/Pipeline.php(219): Illuminate/Cookie/Middleware/AddQueuedCookiesToResponse->handle(Object(Illuminate/Http/Request), Object(Closure))
#32 D:/Ngoding/RepoGithub/fiber-manager-G/vendor/laravel/framework/src/Illuminate/Cookie/Middleware/EncryptCookies.php(74): Illuminate/Pipeline/Pipeline->Illuminate/Pipeline/{closure}(Object(Illuminate/Http/Request))
#33 D:/Ngoding/RepoGithub/fiber-manager-G/vendor/laravel/framework/src/Illuminate/Pipeline/Pipeline.php(219): Illuminate/Cookie/Middleware/EncryptCookies->handle(Object(Illuminate/Http/Request), Object(Closure))
#34 D:/Ngoding/RepoGithub/fiber-manager-G/vendor/laravel/framework/src/Illuminate/Pipeline/Pipeline.php(137): Illuminate/Pipeline/Pipeline->Illuminate/Pipeline/{closure}(Object(Illuminate/Http/Request))
#35 D:/Ngoding/RepoGithub/fiber-manager-G/vendor/laravel/framework/src/Illuminate/Routing/Router.php(821): Illuminate/Pipeline/Pipeline->then(Object(Closure))
#36 D:/Ngoding/RepoGithub/fiber-manager-G/vendor/laravel/framework/src/Illuminate/Routing/Router.php(800): Illuminate/Routing/Router->runRouteWithinStack(Object(Illuminate/Routing/Route), Object(Illuminate/Http/Request))
#37 D:/Ngoding/RepoGithub/fiber-manager-G/vendor/laravel/framework/src/Illuminate/Routing/Router.php(764): Illuminate/Routing/Router->runRoute(Object(Illuminate/Http/Request), Object(Illuminate/Routing/Route))
#38 D:/Ngoding/RepoGithub/fiber-manager-G/vendor/laravel/framework/src/Illuminate/Routing/Router.php(753): Illuminate/Routing/Router->dispatchToRoute(Object(Illuminate/Http/Request))
#39 D:/Ngoding/RepoGithub/fiber-manager-G/vendor/laravel/framework/src/Illuminate/Foundation/Http/Kernel.php(200): Illuminate/Routing/Router->dispatch(Object(Illuminate/Http/Request))
#40 D:/Ngoding/RepoGithub/fiber-manager-G/vendor/laravel/framework/src/Illuminate/Pipeline/Pipeline.php(180): Illuminate/Foundation/Http/Kernel->Illuminate/Foundation/Http/{closure}(Object(Illuminate/Http/Request))
#41 D:/Ngoding/RepoGithub/fiber-manager-G/vendor/laravel/framework/src/Illuminate/Foundation/Http/Middleware/TransformsRequest.php(21): Illuminate/Pipeline/Pipeline->Illuminate/Pipeline/{closure}(Object(Illuminate/Http/Request))
#42 D:/Ngoding/RepoGithub/fiber-manager-G/vendor/laravel/framework/src/Illuminate/Foundation/Http/Middleware/ConvertEmptyStringsToNull.php(31): Illuminate/Foundation/Http/Middleware/TransformsRequest->handle(Object(Illuminate/Http/Request), Object(Closure))
#43 D:/Ngoding/RepoGithub/fiber-manager-G/vendor/laravel/framework/src/Illuminate/Pipeline/Pipeline.php(219): Illuminate/Foundation/Http/Middleware/ConvertEmptyStringsToNull->handle(Object(Illuminate/Http/Request), Object(Closure))
#44 D:/Ngoding/RepoGithub/fiber-manager-G/vendor/laravel/framework/src/Illuminate/Foundation/Http/Middleware/TransformsRequest.php(21): Illuminate/Pipeline/Pipeline->Illuminate/Pipeline/{closure}(Object(Illuminate/Http/Request))
#45 D:/Ngoding/RepoGithub/fiber-manager-G/vendor/laravel/framework/src/Illuminate/Foundation/Http/Middleware/TrimStrings.php(51): Illuminate/Foundation/Http/Middleware/TransformsRequest->handle(Object(Illuminate/Http/Request), Object(Closure))
#46 D:/Ngoding/RepoGithub/fiber-manager-G/vendor/laravel/framework/src/Illuminate/Pipeline/Pipeline.php(219): Illuminate/Foundation/Http/Middleware/TrimStrings->handle(Object(Illuminate/Http/Request), Object(Closure))
#47 D:/Ngoding/RepoGithub/fiber-manager-G/vendor/laravel/framework/src/Illuminate/Http/Middleware/ValidatePostSize.php(27): Illuminate/Pipeline/Pipeline->Illuminate/Pipeline/{closure}(Object(Illuminate/Http/Request))
#48 D:/Ngoding/RepoGithub/fiber-manager-G/vendor/laravel/framework/src/Illuminate/Pipeline/Pipeline.php(219): Illuminate/Http/Middleware/ValidatePostSize->handle(Object(Illuminate/Http/Request), Object(Closure))
#49 D:/Ngoding/RepoGithub/fiber-manager-G/vendor/laravel/framework/src/Illuminate/Foundation/Http/Middleware/PreventRequestsDuringMaintenance.php(109): Illuminate/Pipeline/Pipeline->Illuminate/Pipeline/{closure}(Object(Illuminate/Http/Request))
#50 D:/Ngoding/RepoGithub/fiber-manager-G/vendor/laravel/framework/src/Illuminate/Pipeline/Pipeline.php(219): Illuminate/Foundation/Http/Middleware/PreventRequestsDuringMaintenance->handle(Object(Illuminate/Http/Request), Object(Closure))
#51 D:/Ngoding/RepoGithub/fiber-manager-G/vendor/laravel/framework/src/Illuminate/Http/Middleware/HandleCors.php(61): Illuminate/Pipeline/Pipeline->Illuminate/Pipeline/{closure}(Object(Illuminate/Http/Request))
#52 D:/Ngoding/RepoGithub/fiber-manager-G/vendor/laravel/framework/src/Illuminate/Pipeline/Pipeline.php(219): Illuminate/Http/Middleware/HandleCors->handle(Object(Illuminate/Http/Request), Object(Closure))
#53 D:/Ngoding/RepoGithub/fiber-manager-G/vendor/laravel/framework/src/Illuminate/Http/Middleware/TrustProxies.php(58): Illuminate/Pipeline/Pipeline->Illuminate/Pipeline/{closure}(Object(Illuminate/Http/Request))
#54 D:/Ngoding/RepoGithub/fiber-manager-G/vendor/laravel/framework/src/Illuminate/Pipeline/Pipeline.php(219): Illuminate/Http/Middleware/TrustProxies->handle(Object(Illuminate/Http/Request), Object(Closure))
#55 D:/Ngoding/RepoGithub/fiber-manager-G/vendor/laravel/framework/src/Illuminate/Foundation/Http/Middleware/InvokeDeferredCallbacks.php(22): Illuminate/Pipeline/Pipeline->Illuminate/Pipeline/{closure}(Object(Illuminate/Http/Request))
#56 D:/Ngoding/RepoGithub/fiber-manager-G/vendor/laravel/framework/src/Illuminate/Pipeline/Pipeline.php(219): Illuminate/Foundation/Http/Middleware/InvokeDeferredCallbacks->handle(Object(Illuminate/Http/Request), Object(Closure))
#57 D:/Ngoding/RepoGithub/fiber-manager-G/vendor/laravel/framework/src/Illuminate/Http/Middleware/ValidatePathEncoding.php(28): Illuminate/Pipeline/Pipeline->Illuminate/Pipeline/{closure}(Object(Illuminate/Http/Request))
#58 D:/Ngoding/RepoGithub/fiber-manager-G/vendor/laravel/framework/src/Illuminate/Pipeline/Pipeline.php(219): Illuminate/Http/Middleware/ValidatePathEncoding->handle(Object(Illuminate/Http/Request), Object(Closure))
#59 D:/Ngoding/RepoGithub/fiber-manager-G/vendor/laravel/framework/src/Illuminate/Pipeline/Pipeline.php(137): Illuminate/Pipeline/Pipeline->Illuminate/Pipeline/{closure}(Object(Illuminate/Http/Request))
#60 D:/Ngoding/RepoGithub/fiber-manager-G/vendor/laravel/framework/src/Illuminate/Foundation/Http/Kernel.php(175): Illuminate/Pipeline/Pipeline->then(Object(Closure))
#61 D:/Ngoding/RepoGithub/fiber-manager-G/vendor/laravel/framework/src/Illuminate/Foundation/Http/Kernel.php(144): Illuminate/Foundation/Http/Kernel->sendRequestThroughRouter(Object(Illuminate/Http/Request))
#62 D:/Ngoding/RepoGithub/fiber-manager-G/vendor/laravel/framework/src/Illuminate/Foundation/Application.php(1227): Illuminate/Foundation/Http/Kernel->handle(Object(Illuminate/Http/Request))
#63 D:/Ngoding/RepoGithub/fiber-manager-G/public/index.php(20): Illuminate/Foundation/Application->handleRequest(Object(Illuminate/Http/Request))
#64 D:/Ngoding/RepoGithub/fiber-manager-G/vendor/laravel/framework/src/Illuminate/Foundation/resources/server.php(23): require_once('D://Ngoding//Repo...')
#65 {main}

[previous exception] [object] (PDOException(code: 42S02): SQLSTATE[42S02]: Base table or view not found: 1146 Table 'fmg.customers' doesn't exist at D:/Ngoding/RepoGithub/fiber-manager-G/vendor/laravel/framework/src/Illuminate/Database/MySqlConnection.php:47)
[stacktrace]
#0 D:/Ngoding/RepoGithub/fiber-manager-G/vendor/laravel/framework/src/Illuminate/Database/MySqlConnection.php(47): PDO->prepare('insert into `cu...')
#1 D:/Ngoding/RepoGithub/fiber-manager-G/vendor/laravel/framework/src/Illuminate/Database/Connection.php(846): Illuminate/Database/MySqlConnection->Illuminate/Database/{closure}('insert into `cu...', Array)
#2 D:/Ngoding/RepoGithub/fiber-manager-G/vendor/laravel/framework/src/Illuminate/Database/Connection.php(813): Illuminate/Database/Connection->runQueryCallback('insert into `cu...', Array, Object(Closure))
#3 D:/Ngoding/RepoGithub/fiber-manager-G/vendor/laravel/framework/src/Illuminate/Database/MySqlConnection.php(42): Illuminate/Database/Connection->run('insert into `cu...', Array, Object(Closure))
#4 D:/Ngoding/RepoGithub/fiber-manager-G/vendor/laravel/framework/src/Illuminate/Database/Query/Processors/MySqlProcessor.php(35): Illuminate/Database/MySqlConnection->insert('insert into `cu...', Array, 'id')
#5 D:/Ngoding/RepoGithub/fiber-manager-G/vendor/laravel/framework/src/Illuminate/Database/Query/Builder.php(4258): Illuminate/Database/Query/Processors/MySqlProcessor->processInsertGetId(Object(Illuminate/Database/Query/Builder), 'insert into `cu...', Array, 'id')
#6 D:/Ngoding/RepoGithub/fiber-manager-G/vendor/laravel/framework/src/Illuminate/Database/Eloquent/Builder.php(2271): Illuminate/Database/Query/Builder->insertGetId(Array, 'id')
#7 D:/Ngoding/RepoGithub/fiber-manager-G/vendor/laravel/framework/src/Illuminate/Database/Eloquent/Model.php(1685): Illuminate/Database/Eloquent/Builder->__call('insertGetId', Array)
#8 D:/Ngoding/RepoGithub/fiber-manager-G/vendor/laravel/framework/src/Illuminate/Database/Eloquent/Model.php(1601): Illuminate/Database/Eloquent/Model->insertAndSetId(Object(Illuminate/Database/Eloquent/Builder), Array)
#9 D:/Ngoding/RepoGithub/fiber-manager-G/vendor/laravel/framework/src/Illuminate/Database/Eloquent/Model.php(1405): Illuminate/Database/Eloquent/Model->performInsert(Object(Illuminate/Database/Eloquent/Builder))
#10 D:/Ngoding/RepoGithub/fiber-manager-G/vendor/laravel/framework/src/Illuminate/Database/Eloquent/Builder.php(1225): Illuminate/Database/Eloquent/Model->save()
#11 D:/Ngoding/RepoGithub/fiber-manager-G/vendor/laravel/framework/src/Illuminate/Support/helpers.php(393): Illuminate/Database/Eloquent/Builder->Illuminate/Database/Eloquent/{closure}(Object(App/Models/Customer))
#12 D:/Ngoding/RepoGithub/fiber-manager-G/vendor/laravel/framework/src/Illuminate/Database/Eloquent/Builder.php(1224): tap(Object(App/Models/Customer), Object(Closure))
#13 D:/Ngoding/RepoGithub/fiber-manager-G/vendor/laravel/framework/src/Illuminate/Support/Traits/ForwardsCalls.php(23): Illuminate/Database/Eloquent/Builder->create(Array)
#14 D:/Ngoding/RepoGithub/fiber-manager-G/vendor/laravel/framework/src/Illuminate/Database/Eloquent/Model.php(2842): Illuminate/Database/Eloquent/Model->forwardCallTo(Object(Illuminate/Database/Eloquent/Builder), 'create', Array)
#15 D:/Ngoding/RepoGithub/fiber-manager-G/vendor/laravel/framework/src/Illuminate/Database/Eloquent/Model.php(2858): Illuminate/Database/Eloquent/Model->__call('create', Array)
#16 D:/Ngoding/RepoGithub/fiber-manager-G/app/Http/Controllers/CustomerController.php(113): Illuminate/Database/Eloquent/Model::__callStatic('create', Array)
#17 D:/Ngoding/RepoGithub/fiber-manager-G/app/Http/Controllers/CustomerController.php(40): App/Http/Controllers/CustomerController->createCustomer(Object(Illuminate/Http/Request))
#18 D:/Ngoding/RepoGithub/fiber-manager-G/vendor/laravel/framework/src/Illuminate/Routing/ControllerDispatcher.php(46): App/Http/Controllers/CustomerController->handle(Object(Illuminate/Http/Request))
#19 D:/Ngoding/RepoGithub/fiber-manager-G/vendor/laravel/framework/src/Illuminate/Routing/Route.php(276): Illuminate/Routing/ControllerDispatcher->dispatch(Object(Illuminate/Routing/Route), Object(App/Http/Controllers/CustomerController), 'handle')
#20 D:/Ngoding/RepoGithub/fiber-manager-G/vendor/laravel/framework/src/Illuminate/Routing/Route.php(216): Illuminate/Routing/Route->runController()
#21 D:/Ngoding/RepoGithub/fiber-manager-G/vendor/laravel/framework/src/Illuminate/Routing/Router.php(822): Illuminate/Routing/Route->run()
#22 D:/Ngoding/RepoGithub/fiber-manager-G/vendor/laravel/framework/src/Illuminate/Pipeline/Pipeline.php(180): Illuminate/Routing/Router->Illuminate/Routing/{closure}(Object(Illuminate/Http/Request))
#23 D:/Ngoding/RepoGithub/fiber-manager-G/vendor/laravel/framework/src/Illuminate/Routing/Middleware/SubstituteBindings.php(52): Illuminate/Pipeline/Pipeline->Illuminate/Pipeline/{closure}(Object(Illuminate/Http/Request))
#24 D:/Ngoding/RepoGithub/fiber-manager-G/vendor/laravel/framework/src/Illuminate/Pipeline/Pipeline.php(219): Illuminate/Routing/Middleware/SubstituteBindings->handle(Object(Illuminate/Http/Request), Object(Closure))
#25 D:/Ngoding/RepoGithub/fiber-manager-G/vendor/laravel/framework/src/Illuminate/Foundation/Http/Middleware/PreventRequestForgery.php(104): Illuminate/Pipeline/Pipeline->Illuminate/Pipeline/{closure}(Object(Illuminate/Http/Request))
#26 D:/Ngoding/RepoGithub/fiber-manager-G/vendor/laravel/framework/src/Illuminate/Pipeline/Pipeline.php(219): Illuminate/Foundation/Http/Middleware/PreventRequestForgery->handle(Object(Illuminate/Http/Request), Object(Closure))
#27 D:/Ngoding/RepoGithub/fiber-manager-G/vendor/laravel/framework/src/Illuminate/View/Middleware/ShareErrorsFromSession.php(48): Illuminate/Pipeline/Pipeline->Illuminate/Pipeline/{closure}(Object(Illuminate/Http/Request))
#28 D:/Ngoding/RepoGithub/fiber-manager-G/vendor/laravel/framework/src/Illuminate/Pipeline/Pipeline.php(219): Illuminate/View/Middleware/ShareErrorsFromSession->handle(Object(Illuminate/Http/Request), Object(Closure))
#29 D:/Ngoding/RepoGithub/fiber-manager-G/vendor/laravel/framework/src/Illuminate/Session/Middleware/StartSession.php(120): Illuminate/Pipeline/Pipeline->Illuminate/Pipeline/{closure}(Object(Illuminate/Http/Request))
#30 D:/Ngoding/RepoGithub/fiber-manager-G/vendor/laravel/framework/src/Illuminate/Session/Middleware/StartSession.php(63): Illuminate/Session/Middleware/StartSession->handleStatefulRequest(Object(Illuminate/Http/Request), Object(Illuminate/Session/Store), Object(Closure))
#31 D:/Ngoding/RepoGithub/fiber-manager-G/vendor/laravel/framework/src/Illuminate/Pipeline/Pipeline.php(219): Illuminate/Session/Middleware/StartSession->handle(Object(Illuminate/Http/Request), Object(Closure))
#32 D:/Ngoding/RepoGithub/fiber-manager-G/vendor/laravel/framework/src/Illuminate/Cookie/Middleware/AddQueuedCookiesToResponse.php(36): Illuminate/Pipeline/Pipeline->Illuminate/Pipeline/{closure}(Object(Illuminate/Http/Request))
#33 D:/Ngoding/RepoGithub/fiber-manager-G/vendor/laravel/framework/src/Illuminate/Pipeline/Pipeline.php(219): Illuminate/Cookie/Middleware/AddQueuedCookiesToResponse->handle(Object(Illuminate/Http/Request), Object(Closure))
#34 D:/Ngoding/RepoGithub/fiber-manager-G/vendor/laravel/framework/src/Illuminate/Cookie/Middleware/EncryptCookies.php(74): Illuminate/Pipeline/Pipeline->Illuminate/Pipeline/{closure}(Object(Illuminate/Http/Request))
#35 D:/Ngoding/RepoGithub/fiber-manager-G/vendor/laravel/framework/src/Illuminate/Pipeline/Pipeline.php(219): Illuminate/Cookie/Middleware/EncryptCookies->handle(Object(Illuminate/Http/Request), Object(Closure))
#36 D:/Ngoding/RepoGithub/fiber-manager-G/vendor/laravel/framework/src/Illuminate/Pipeline/Pipeline.php(137): Illuminate/Pipeline/Pipeline->Illuminate/Pipeline/{closure}(Object(Illuminate/Http/Request))
#37 D:/Ngoding/RepoGithub/fiber-manager-G/vendor/laravel/framework/src/Illuminate/Routing/Router.php(821): Illuminate/Pipeline/Pipeline->then(Object(Closure))
#38 D:/Ngoding/RepoGithub/fiber-manager-G/vendor/laravel/framework/src/Illuminate/Routing/Router.php(800): Illuminate/Routing/Router->runRouteWithinStack(Object(Illuminate/Routing/Route), Object(Illuminate/Http/Request))
#39 D:/Ngoding/RepoGithub/fiber-manager-G/vendor/laravel/framework/src/Illuminate/Routing/Router.php(764): Illuminate/Routing/Router->runRoute(Object(Illuminate/Http/Request), Object(Illuminate/Routing/Route))
#40 D:/Ngoding/RepoGithub/fiber-manager-G/vendor/laravel/framework/src/Illuminate/Routing/Router.php(753): Illuminate/Routing/Router->dispatchToRoute(Object(Illuminate/Http/Request))
#41 D:/Ngoding/RepoGithub/fiber-manager-G/vendor/laravel/framework/src/Illuminate/Foundation/Http/Kernel.php(200): Illuminate/Routing/Router->dispatch(Object(Illuminate/Http/Request))
#42 D:/Ngoding/RepoGithub/fiber-manager-G/vendor/laravel/framework/src/Illuminate/Pipeline/Pipeline.php(180): Illuminate/Foundation/Http/Kernel->Illuminate/Foundation/Http/{closure}(Object(Illuminate/Http/Request))
#43 D:/Ngoding/RepoGithub/fiber-manager-G/vendor/laravel/framework/src/Illuminate/Foundation/Http/Middleware/TransformsRequest.php(21): Illuminate/Pipeline/Pipeline->Illuminate/Pipeline/{closure}(Object(Illuminate/Http/Request))
#44 D:/Ngoding/RepoGithub/fiber-manager-G/vendor/laravel/framework/src/Illuminate/Foundation/Http/Middleware/ConvertEmptyStringsToNull.php(31): Illuminate/Foundation/Http/Middleware/TransformsRequest->handle(Object(Illuminate/Http/Request), Object(Closure))
#45 D:/Ngoding/RepoGithub/fiber-manager-G/vendor/laravel/framework/src/Illuminate/Pipeline/Pipeline.php(219): Illuminate/Foundation/Http/Middleware/ConvertEmptyStringsToNull->handle(Object(Illuminate/Http/Request), Object(Closure))
#46 D:/Ngoding/RepoGithub/fiber-manager-G/vendor/laravel/framework/src/Illuminate/Foundation/Http/Middleware/TransformsRequest.php(21): Illuminate/Pipeline/Pipeline->Illuminate/Pipeline/{closure}(Object(Illuminate/Http/Request))
#47 D:/Ngoding/RepoGithub/fiber-manager-G/vendor/laravel/framework/src/Illuminate/Foundation/Http/Middleware/TrimStrings.php(51): Illuminate/Foundation/Http/Middleware/TransformsRequest->handle(Object(Illuminate/Http/Request), Object(Closure))
#48 D:/Ngoding/RepoGithub/fiber-manager-G/vendor/laravel/framework/src/Illuminate/Pipeline/Pipeline.php(219): Illuminate/Foundation/Http/Middleware/TrimStrings->handle(Object(Illuminate/Http/Request), Object(Closure))
#49 D:/Ngoding/RepoGithub/fiber-manager-G/vendor/laravel/framework/src/Illuminate/Http/Middleware/ValidatePostSize.php(27): Illuminate/Pipeline/Pipeline->Illuminate/Pipeline/{closure}(Object(Illuminate/Http/Request))
#50 D:/Ngoding/RepoGithub/fiber-manager-G/vendor/laravel/framework/src/Illuminate/Pipeline/Pipeline.php(219): Illuminate/Http/Middleware/ValidatePostSize->handle(Object(Illuminate/Http/Request), Object(Closure))
#51 D:/Ngoding/RepoGithub/fiber-manager-G/vendor/laravel/framework/src/Illuminate/Foundation/Http/Middleware/PreventRequestsDuringMaintenance.php(109): Illuminate/Pipeline/Pipeline->Illuminate/Pipeline/{closure}(Object(Illuminate/Http/Request))
#52 D:/Ngoding/RepoGithub/fiber-manager-G/vendor/laravel/framework/src/Illuminate/Pipeline/Pipeline.php(219): Illuminate/Foundation/Http/Middleware/PreventRequestsDuringMaintenance->handle(Object(Illuminate/Http/Request), Object(Closure))
#53 D:/Ngoding/RepoGithub/fiber-manager-G/vendor/laravel/framework/src/Illuminate/Http/Middleware/HandleCors.php(61): Illuminate/Pipeline/Pipeline->Illuminate/Pipeline/{closure}(Object(Illuminate/Http/Request))
#54 D:/Ngoding/RepoGithub/fiber-manager-G/vendor/laravel/framework/src/Illuminate/Pipeline/Pipeline.php(219): Illuminate/Http/Middleware/HandleCors->handle(Object(Illuminate/Http/Request), Object(Closure))
#55 D:/Ngoding/RepoGithub/fiber-manager-G/vendor/laravel/framework/src/Illuminate/Http/Middleware/TrustProxies.php(58): Illuminate/Pipeline/Pipeline->Illuminate/Pipeline/{closure}(Object(Illuminate/Http/Request))
#56 D:/Ngoding/RepoGithub/fiber-manager-G/vendor/laravel/framework/src/Illuminate/Pipeline/Pipeline.php(219): Illuminate/Http/Middleware/TrustProxies->handle(Object(Illuminate/Http/Request), Object(Closure))
#57 D:/Ngoding/RepoGithub/fiber-manager-G/vendor/laravel/framework/src/Illuminate/Foundation/Http/Middleware/InvokeDeferredCallbacks.php(22): Illuminate/Pipeline/Pipeline->Illuminate/Pipeline/{closure}(Object(Illuminate/Http/Request))
#58 D:/Ngoding/RepoGithub/fiber-manager-G/vendor/laravel/framework/src/Illuminate/Pipeline/Pipeline.php(219): Illuminate/Foundation/Http/Middleware/InvokeDeferredCallbacks->handle(Object(Illuminate/Http/Request), Object(Closure))
#59 D:/Ngoding/RepoGithub/fiber-manager-G/vendor/laravel/framework/src/Illuminate/Http/Middleware/ValidatePathEncoding.php(28): Illuminate/Pipeline/Pipeline->Illuminate/Pipeline/{closure}(Object(Illuminate/Http/Request))
#60 D:/Ngoding/RepoGithub/fiber-manager-G/vendor/laravel/framework/src/Illuminate/Pipeline/Pipeline.php(219): Illuminate/Http/Middleware/ValidatePathEncoding->handle(Object(Illuminate/Http/Request), Object(Closure))
#61 D:/Ngoding/RepoGithub/fiber-manager-G/vendor/laravel/framework/src/Illuminate/Pipeline/Pipeline.php(137): Illuminate/Pipeline/Pipeline->Illuminate/Pipeline/{closure}(Object(Illuminate/Http/Request))
#62 D:/Ngoding/RepoGithub/fiber-manager-G/vendor/laravel/framework/src/Illuminate/Foundation/Http/Kernel.php(175): Illuminate/Pipeline/Pipeline->then(Object(Closure))
#63 D:/Ngoding/RepoGithub/fiber-manager-G/vendor/laravel/framework/src/Illuminate/Foundation/Http/Kernel.php(144): Illuminate/Foundation/Http/Kernel->sendRequestThroughRouter(Object(Illuminate/Http/Request))
#64 D:/Ngoding/RepoGithub/fiber-manager-G/vendor/laravel/framework/src/Illuminate/Foundation/Application.php(1227): Illuminate/Foundation/Http/Kernel->handle(Object(Illuminate/Http/Request))
#65 D:/Ngoding/RepoGithub/fiber-manager-G/public/index.php(20): Illuminate/Foundation/Application->handleRequest(Object(Illuminate/Http/Request))
#66 D:/Ngoding/RepoGithub/fiber-manager-G/vendor/laravel/framework/src/Illuminate/Foundation/resources/server.php(23): require_once('D://Ngoding//Repo...')
#67 {main}
"} 
[2026-07-29 02:39:48] local.ERROR: SQLSTATE[HY000] [2002] No connection could be made because the target machine actively refused it (Connection: mysql, Host: 127.0.0.1, Port: 3306, Database: fmg, SQL: select * from `users` where `username` = admin limit 1) {"exception":"[object] (Illuminate\\Database\\QueryException(code: 2002): SQLSTATE[HY000] [2002] No connection could be made because the target machine actively refused it (Connection: mysql, Host: 127.0.0.1, Port: 3306, Database: fmg, SQL: select * from `users` where `username` = admin limit 1) at D:/Ngoding/RepoGithub/fiber-manager-G/vendor/laravel/framework/src/Illuminate/Database/Connection.php:857)
[stacktrace]
#0 D:/Ngoding/RepoGithub/fiber-manager-G/vendor/laravel/framework/src/Illuminate/Database/Connection.php(1037): Illuminate/Database/Connection->runQueryCallback('select * from `...', Array, Object(Closure))
#1 D:/Ngoding/RepoGithub/fiber-manager-G/vendor/laravel/framework/src/Illuminate/Database/Connection.php(1016): Illuminate/Database/Connection->tryAgainIfCausedByLostConnection(Object(Illuminate/Database/QueryException), 'select * from `...', Array, Object(Closure))
#2 D:/Ngoding/RepoGithub/fiber-manager-G/vendor/laravel/framework/src/Illuminate/Database/Connection.php(815): Illuminate/Database/Connection->handleQueryException(Object(Illuminate/Database/QueryException), 'select * from `...', Array, Object(Closure))
#3 D:/Ngoding/RepoGithub/fiber-manager-G/vendor/laravel/framework/src/Illuminate/Database/Connection.php(426): Illuminate/Database/Connection->run('select * from `...', Array, Object(Closure))
#4 D:/Ngoding/RepoGithub/fiber-manager-G/vendor/laravel/framework/src/Illuminate/Database/Query/Builder.php(3574): Illuminate/Database/Connection->select('select * from `...', Array, true, Array)
#5 D:/Ngoding/RepoGithub/fiber-manager-G/vendor/laravel/framework/src/Illuminate/Database/Query/Builder.php(3558): Illuminate/Database/Query/Builder->runSelect()
#6 D:/Ngoding/RepoGithub/fiber-manager-G/vendor/laravel/framework/src/Illuminate/Database/Eloquent/Builder.php(908): Illuminate/Database/Query/Builder->get(Array)
#7 D:/Ngoding/RepoGithub/fiber-manager-G/vendor/laravel/framework/src/Illuminate/Database/Eloquent/Builder.php(890): Illuminate/Database/Eloquent/Builder->getModels(Array)
#8 D:/Ngoding/RepoGithub/fiber-manager-G/vendor/laravel/framework/src/Illuminate/Database/Concerns/BuildsQueries.php(366): Illuminate/Database/Eloquent/Builder->get(Array)
#9 D:/Ngoding/RepoGithub/fiber-manager-G/app/Http/Controllers/AuthController.php(48): Illuminate/Database/Eloquent/Builder->first()
#10 D:/Ngoding/RepoGithub/fiber-manager-G/app/Http/Controllers/AuthController.php(19): App/Http/Controllers/AuthController->login(Object(Illuminate/Http/Request))
#11 D:/Ngoding/RepoGithub/fiber-manager-G/vendor/laravel/framework/src/Illuminate/Routing/ControllerDispatcher.php(46): App/Http/Controllers/AuthController->handle(Object(Illuminate/Http/Request))
#12 D:/Ngoding/RepoGithub/fiber-manager-G/vendor/laravel/framework/src/Illuminate/Routing/Route.php(276): Illuminate/Routing/ControllerDispatcher->dispatch(Object(Illuminate/Routing/Route), Object(App/Http/Controllers/AuthController), 'handle')
#13 D:/Ngoding/RepoGithub/fiber-manager-G/vendor/laravel/framework/src/Illuminate/Routing/Route.php(216): Illuminate/Routing/Route->runController()
#14 D:/Ngoding/RepoGithub/fiber-manager-G/vendor/laravel/framework/src/Illuminate/Routing/Router.php(822): Illuminate/Routing/Route->run()
#15 D:/Ngoding/RepoGithub/fiber-manager-G/vendor/laravel/framework/src/Illuminate/Pipeline/Pipeline.php(180): Illuminate/Routing/Router->Illuminate/Routing/{closure}(Object(Illuminate/Http/Request))
#16 D:/Ngoding/RepoGithub/fiber-manager-G/vendor/laravel/framework/src/Illuminate/Routing/Middleware/SubstituteBindings.php(52): Illuminate/Pipeline/Pipeline->Illuminate/Pipeline/{closure}(Object(Illuminate/Http/Request))
#17 D:/Ngoding/RepoGithub/fiber-manager-G/vendor/laravel/framework/src/Illuminate/Pipeline/Pipeline.php(219): Illuminate/Routing/Middleware/SubstituteBindings->handle(Object(Illuminate/Http/Request), Object(Closure))
#18 D:/Ngoding/RepoGithub/fiber-manager-G/vendor/laravel/framework/src/Illuminate/Foundation/Http/Middleware/PreventRequestForgery.php(104): Illuminate/Pipeline/Pipeline->Illuminate/Pipeline/{closure}(Object(Illuminate/Http/Request))
#19 D:/Ngoding/RepoGithub/fiber-manager-G/vendor/laravel/framework/src/Illuminate/Pipeline/Pipeline.php(219): Illuminate/Foundation/Http/Middleware/PreventRequestForgery->handle(Object(Illuminate/Http/Request), Object(Closure))
#20 D:/Ngoding/RepoGithub/fiber-manager-G/vendor/laravel/framework/src/Illuminate/View/Middleware/ShareErrorsFromSession.php(48): Illuminate/Pipeline/Pipeline->Illuminate/Pipeline/{closure}(Object(Illuminate/Http/Request))
#21 D:/Ngoding/RepoGithub/fiber-manager-G/vendor/laravel/framework/src/Illuminate/Pipeline/Pipeline.php(219): Illuminate/View/Middleware/ShareErrorsFromSession->handle(Object(Illuminate/Http/Request), Object(Closure))
#22 D:/Ngoding/RepoGithub/fiber-manager-G/vendor/laravel/framework/src/Illuminate/Session/Middleware/StartSession.php(120): Illuminate/Pipeline/Pipeline->Illuminate/Pipeline/{closure}(Object(Illuminate/Http/Request))
#23 D:/Ngoding/RepoGithub/fiber-manager-G/vendor/laravel/framework/src/Illuminate/Session/Middleware/StartSession.php(63): Illuminate/Session/Middleware/StartSession->handleStatefulRequest(Object(Illuminate/Http/Request), Object(Illuminate/Session/Store), Object(Closure))
#24 D:/Ngoding/RepoGithub/fiber-manager-G/vendor/laravel/framework/src/Illuminate/Pipeline/Pipeline.php(219): Illuminate/Session/Middleware/StartSession->handle(Object(Illuminate/Http/Request), Object(Closure))
#25 D:/Ngoding/RepoGithub/fiber-manager-G/vendor/laravel/framework/src/Illuminate/Cookie/Middleware/AddQueuedCookiesToResponse.php(36): Illuminate/Pipeline/Pipeline->Illuminate/Pipeline/{closure}(Object(Illuminate/Http/Request))
#26 D:/Ngoding/RepoGithub/fiber-manager-G/vendor/laravel/framework/src/Illuminate/Pipeline/Pipeline.php(219): Illuminate/Cookie/Middleware/AddQueuedCookiesToResponse->handle(Object(Illuminate/Http/Request), Object(Closure))
#27 D:/Ngoding/RepoGithub/fiber-manager-G/vendor/laravel/framework/src/Illuminate/Cookie/Middleware/EncryptCookies.php(74): Illuminate/Pipeline/Pipeline->Illuminate/Pipeline/{closure}(Object(Illuminate/Http/Request))
#28 D:/Ngoding/RepoGithub/fiber-manager-G/vendor/laravel/framework/src/Illuminate/Pipeline/Pipeline.php(219): Illuminate/Cookie/Middleware/EncryptCookies->handle(Object(Illuminate/Http/Request), Object(Closure))
#29 D:/Ngoding/RepoGithub/fiber-manager-G/vendor/laravel/framework/src/Illuminate/Pipeline/Pipeline.php(137): Illuminate/Pipeline/Pipeline->Illuminate/Pipeline/{closure}(Object(Illuminate/Http/Request))
#30 D:/Ngoding/RepoGithub/fiber-manager-G/vendor/laravel/framework/src/Illuminate/Routing/Router.php(821): Illuminate/Pipeline/Pipeline->then(Object(Closure))
#31 D:/Ngoding/RepoGithub/fiber-manager-G/vendor/laravel/framework/src/Illuminate/Routing/Router.php(800): Illuminate/Routing/Router->runRouteWithinStack(Object(Illuminate/Routing/Route), Object(Illuminate/Http/Request))
#32 D:/Ngoding/RepoGithub/fiber-manager-G/vendor/laravel/framework/src/Illuminate/Routing/Router.php(764): Illuminate/Routing/Router->runRoute(Object(Illuminate/Http/Request), Object(Illuminate/Routing/Route))
#33 D:/Ngoding/RepoGithub/fiber-manager-G/vendor/laravel/framework/src/Illuminate/Routing/Router.php(753): Illuminate/Routing/Router->dispatchToRoute(Object(Illuminate/Http/Request))
#34 D:/Ngoding/RepoGithub/fiber-manager-G/vendor/laravel/framework/src/Illuminate/Foundation/Http/Kernel.php(200): Illuminate/Routing/Router->dispatch(Object(Illuminate/Http/Request))
#35 D:/Ngoding/RepoGithub/fiber-manager-G/vendor/laravel/framework/src/Illuminate/Pipeline/Pipeline.php(180): Illuminate/Foundation/Http/Kernel->Illuminate/Foundation/Http/{closure}(Object(Illuminate/Http/Request))
#36 D:/Ngoding/RepoGithub/fiber-manager-G/vendor/laravel/framework/src/Illuminate/Foundation/Http/Middleware/TransformsRequest.php(21): Illuminate/Pipeline/Pipeline->Illuminate/Pipeline/{closure}(Object(Illuminate/Http/Request))
#37 D:/Ngoding/RepoGithub/fiber-manager-G/vendor/laravel/framework/src/Illuminate/Foundation/Http/Middleware/ConvertEmptyStringsToNull.php(31): Illuminate/Foundation/Http/Middleware/TransformsRequest->handle(Object(Illuminate/Http/Request), Object(Closure))
#38 D:/Ngoding/RepoGithub/fiber-manager-G/vendor/laravel/framework/src/Illuminate/Pipeline/Pipeline.php(219): Illuminate/Foundation/Http/Middleware/ConvertEmptyStringsToNull->handle(Object(Illuminate/Http/Request), Object(Closure))
#39 D:/Ngoding/RepoGithub/fiber-manager-G/vendor/laravel/framework/src/Illuminate/Foundation/Http/Middleware/TransformsRequest.php(21): Illuminate/Pipeline/Pipeline->Illuminate/Pipeline/{closure}(Object(Illuminate/Http/Request))
#40 D:/Ngoding/RepoGithub/fiber-manager-G/vendor/laravel/framework/src/Illuminate/Foundation/Http/Middleware/TrimStrings.php(51): Illuminate/Foundation/Http/Middleware/TransformsRequest->handle(Object(Illuminate/Http/Request), Object(Closure))
#41 D:/Ngoding/RepoGithub/fiber-manager-G/vendor/laravel/framework/src/Illuminate/Pipeline/Pipeline.php(219): Illuminate/Foundation/Http/Middleware/TrimStrings->handle(Object(Illuminate/Http/Request), Object(Closure))
#42 D:/Ngoding/RepoGithub/fiber-manager-G/vendor/laravel/framework/src/Illuminate/Http/Middleware/ValidatePostSize.php(27): Illuminate/Pipeline/Pipeline->Illuminate/Pipeline/{closure}(Object(Illuminate/Http/Request))
#43 D:/Ngoding/RepoGithub/fiber-manager-G/vendor/laravel/framework/src/Illuminate/Pipeline/Pipeline.php(219): Illuminate/Http/Middleware/ValidatePostSize->handle(Object(Illuminate/Http/Request), Object(Closure))
#44 D:/Ngoding/RepoGithub/fiber-manager-G/vendor/laravel/framework/src/Illuminate/Foundation/Http/Middleware/PreventRequestsDuringMaintenance.php(109): Illuminate/Pipeline/Pipeline->Illuminate/Pipeline/{closure}(Object(Illuminate/Http/Request))
#45 D:/Ngoding/RepoGithub/fiber-manager-G/vendor/laravel/framework/src/Illuminate/Pipeline/Pipeline.php(219): Illuminate/Foundation/Http/Middleware/PreventRequestsDuringMaintenance->handle(Object(Illuminate/Http/Request), Object(Closure))
#46 D:/Ngoding/RepoGithub/fiber-manager-G/vendor/laravel/framework/src/Illuminate/Http/Middleware/HandleCors.php(74): Illuminate/Pipeline/Pipeline->Illuminate/Pipeline/{closure}(Object(Illuminate/Http/Request))
#47 D:/Ngoding/RepoGithub/fiber-manager-G/vendor/laravel/framework/src/Illuminate/Pipeline/Pipeline.php(219): Illuminate/Http/Middleware/HandleCors->handle(Object(Illuminate/Http/Request), Object(Closure))
#48 D:/Ngoding/RepoGithub/fiber-manager-G/vendor/laravel/framework/src/Illuminate/Http/Middleware/TrustProxies.php(58): Illuminate/Pipeline/Pipeline->Illuminate/Pipeline/{closure}(Object(Illuminate/Http/Request))
#49 D:/Ngoding/RepoGithub/fiber-manager-G/vendor/laravel/framework/src/Illuminate/Pipeline/Pipeline.php(219): Illuminate/Http/Middleware/TrustProxies->handle(Object(Illuminate/Http/Request), Object(Closure))
#50 D:/Ngoding/RepoGithub/fiber-manager-G/vendor/laravel/framework/src/Illuminate/Foundation/Http/Middleware/InvokeDeferredCallbacks.php(22): Illuminate/Pipeline/Pipeline->Illuminate/Pipeline/{closure}(Object(Illuminate/Http/Request))
#51 D:/Ngoding/RepoGithub/fiber-manager-G/vendor/laravel/framework/src/Illuminate/Pipeline/Pipeline.php(219): Illuminate/Foundation/Http/Middleware/InvokeDeferredCallbacks->handle(Object(Illuminate/Http/Request), Object(Closure))
#52 D:/Ngoding/RepoGithub/fiber-manager-G/vendor/laravel/framework/src/Illuminate/Http/Middleware/ValidatePathEncoding.php(28): Illuminate/Pipeline/Pipeline->Illuminate/Pipeline/{closure}(Object(Illuminate/Http/Request))
#53 D:/Ngoding/RepoGithub/fiber-manager-G/vendor/laravel/framework/src/Illuminate/Pipeline/Pipeline.php(219): Illuminate/Http/Middleware/ValidatePathEncoding->handle(Object(Illuminate/Http/Request), Object(Closure))
#54 D:/Ngoding/RepoGithub/fiber-manager-G/vendor/laravel/framework/src/Illuminate/Pipeline/Pipeline.php(137): Illuminate/Pipeline/Pipeline->Illuminate/Pipeline/{closure}(Object(Illuminate/Http/Request))
#55 D:/Ngoding/RepoGithub/fiber-manager-G/vendor/laravel/framework/src/Illuminate/Foundation/Http/Kernel.php(175): Illuminate/Pipeline/Pipeline->then(Object(Closure))
#56 D:/Ngoding/RepoGithub/fiber-manager-G/vendor/laravel/framework/src/Illuminate/Foundation/Http/Kernel.php(144): Illuminate/Foundation/Http/Kernel->sendRequestThroughRouter(Object(Illuminate/Http/Request))
#57 D:/Ngoding/RepoGithub/fiber-manager-G/vendor/laravel/framework/src/Illuminate/Foundation/Application.php(1227): Illuminate/Foundation/Http/Kernel->handle(Object(Illuminate/Http/Request))
#58 D:/Ngoding/RepoGithub/fiber-manager-G/public/index.php(20): Illuminate/Foundation/Application->handleRequest(Object(Illuminate/Http/Request))
#59 D:/Ngoding/RepoGithub/fiber-manager-G/vendor/laravel/framework/src/Illuminate/Foundation/resources/server.php(23): require_once('D://Ngoding//Repo...')
#60 {main}

[previous exception] [object] (PDOException(code: 2002): SQLSTATE[HY000] [2002] No connection could be made because the target machine actively refused it at D:/Ngoding/RepoGithub/fiber-manager-G/vendor/laravel/framework/src/Illuminate/Database/Connectors/Connector.php:66)
[stacktrace]
#0 D:/Ngoding/RepoGithub/fiber-manager-G/vendor/laravel/framework/src/Illuminate/Database/Connectors/Connector.php(66): PDO->__construct('mysql:host=127....', 'root', Object(SensitiveParameterValue), Array)
#1 D:/Ngoding/RepoGithub/fiber-manager-G/vendor/laravel/framework/src/Illuminate/Database/Connectors/Connector.php(85): Illuminate/Database/Connectors/Connector->createPdoConnection('mysql:host=127....', 'root', Object(SensitiveParameterValue), Array)
#2 D:/Ngoding/RepoGithub/fiber-manager-G/vendor/laravel/framework/src/Illuminate/Database/Connectors/Connector.php(48): Illuminate/Database/Connectors/Connector->tryAgainIfCausedByLostConnection(Object(PDOException), 'mysql:host=127....', 'root', Object(SensitiveParameterValue), Array)
#3 D:/Ngoding/RepoGithub/fiber-manager-G/vendor/laravel/framework/src/Illuminate/Database/Connectors/MySqlConnector.php(24): Illuminate/Database/Connectors/Connector->createConnection('mysql:host=127....', Array, Array)
#4 D:/Ngoding/RepoGithub/fiber-manager-G/vendor/laravel/framework/src/Illuminate/Database/Connectors/ConnectionFactory.php(220): Illuminate/Database/Connectors/MySqlConnector->connect(Array)
#5 [internal function]: Illuminate/Database/Connectors/ConnectionFactory->Illuminate/Database/Connectors/{closure}()
#6 D:/Ngoding/RepoGithub/fiber-manager-G/vendor/laravel/framework/src/Illuminate/Database/Connection.php(1297): call_user_func(Object(Closure))
#7 D:/Ngoding/RepoGithub/fiber-manager-G/vendor/laravel/framework/src/Illuminate/Database/Connection.php(1335): Illuminate/Database/Connection->getPdo()
#8 D:/Ngoding/RepoGithub/fiber-manager-G/vendor/laravel/framework/src/Illuminate/Database/Connection.php(542): Illuminate/Database/Connection->getReadPdo()
#9 D:/Ngoding/RepoGithub/fiber-manager-G/vendor/laravel/framework/src/Illuminate/Database/Connection.php(435): Illuminate/Database/Connection->getPdoForSelect(true)
#10 D:/Ngoding/RepoGithub/fiber-manager-G/vendor/laravel/framework/src/Illuminate/Database/Connection.php(846): Illuminate/Database/Connection->Illuminate/Database/{closure}('select * from `...', Array)
#11 D:/Ngoding/RepoGithub/fiber-manager-G/vendor/laravel/framework/src/Illuminate/Database/Connection.php(1037): Illuminate/Database/Connection->runQueryCallback('select * from `...', Array, Object(Closure))
#12 D:/Ngoding/RepoGithub/fiber-manager-G/vendor/laravel/framework/src/Illuminate/Database/Connection.php(1016): Illuminate/Database/Connection->tryAgainIfCausedByLostConnection(Object(Illuminate/Database/QueryException), 'select * from `...', Array, Object(Closure))
#13 D:/Ngoding/RepoGithub/fiber-manager-G/vendor/laravel/framework/src/Illuminate/Database/Connection.php(815): Illuminate/Database/Connection->handleQueryException(Object(Illuminate/Database/QueryException), 'select * from `...', Array, Object(Closure))
#14 D:/Ngoding/RepoGithub/fiber-manager-G/vendor/laravel/framework/src/Illuminate/Database/Connection.php(426): Illuminate/Database/Connection->run('select * from `...', Array, Object(Closure))
#15 D:/Ngoding/RepoGithub/fiber-manager-G/vendor/laravel/framework/src/Illuminate/Database/Query/Builder.php(3574): Illuminate/Database/Connection->select('select * from `...', Array, true, Array)
#16 D:/Ngoding/RepoGithub/fiber-manager-G/vendor/laravel/framework/src/Illuminate/Database/Query/Builder.php(3558): Illuminate/Database/Query/Builder->runSelect()
#17 D:/Ngoding/RepoGithub/fiber-manager-G/vendor/laravel/framework/src/Illuminate/Database/Eloquent/Builder.php(908): Illuminate/Database/Query/Builder->get(Array)
#18 D:/Ngoding/RepoGithub/fiber-manager-G/vendor/laravel/framework/src/Illuminate/Database/Eloquent/Builder.php(890): Illuminate/Database/Eloquent/Builder->getModels(Array)
#19 D:/Ngoding/RepoGithub/fiber-manager-G/vendor/laravel/framework/src/Illuminate/Database/Concerns/BuildsQueries.php(366): Illuminate/Database/Eloquent/Builder->get(Array)
#20 D:/Ngoding/RepoGithub/fiber-manager-G/app/Http/Controllers/AuthController.php(48): Illuminate/Database/Eloquent/Builder->first()
#21 D:/Ngoding/RepoGithub/fiber-manager-G/app/Http/Controllers/AuthController.php(19): App/Http/Controllers/AuthController->login(Object(Illuminate/Http/Request))
#22 D:/Ngoding/RepoGithub/fiber-manager-G/vendor/laravel/framework/src/Illuminate/Routing/ControllerDispatcher.php(46): App/Http/Controllers/AuthController->handle(Object(Illuminate/Http/Request))
#23 D:/Ngoding/RepoGithub/fiber-manager-G/vendor/laravel/framework/src/Illuminate/Routing/Route.php(276): Illuminate/Routing/ControllerDispatcher->dispatch(Object(Illuminate/Routing/Route), Object(App/Http/Controllers/AuthController), 'handle')
#24 D:/Ngoding/RepoGithub/fiber-manager-G/vendor/laravel/framework/src/Illuminate/Routing/Route.php(216): Illuminate/Routing/Route->runController()
#25 D:/Ngoding/RepoGithub/fiber-manager-G/vendor/laravel/framework/src/Illuminate/Routing/Router.php(822): Illuminate/Routing/Route->run()
#26 D:/Ngoding/RepoGithub/fiber-manager-G/vendor/laravel/framework/src/Illuminate/Pipeline/Pipeline.php(180): Illuminate/Routing/Router->Illuminate/Routing/{closure}(Object(Illuminate/Http/Request))
#27 D:/Ngoding/RepoGithub/fiber-manager-G/vendor/laravel/framework/src/Illuminate/Routing/Middleware/SubstituteBindings.php(52): Illuminate/Pipeline/Pipeline->Illuminate/Pipeline/{closure}(Object(Illuminate/Http/Request))
#28 D:/Ngoding/RepoGithub/fiber-manager-G/vendor/laravel/framework/src/Illuminate/Pipeline/Pipeline.php(219): Illuminate/Routing/Middleware/SubstituteBindings->handle(Object(Illuminate/Http/Request), Object(Closure))
#29 D:/Ngoding/RepoGithub/fiber-manager-G/vendor/laravel/framework/src/Illuminate/Foundation/Http/Middleware/PreventRequestForgery.php(104): Illuminate/Pipeline/Pipeline->Illuminate/Pipeline/{closure}(Object(Illuminate/Http/Request))
#30 D:/Ngoding/RepoGithub/fiber-manager-G/vendor/laravel/framework/src/Illuminate/Pipeline/Pipeline.php(219): Illuminate/Foundation/Http/Middleware/PreventRequestForgery->handle(Object(Illuminate/Http/Request), Object(Closure))
#31 D:/Ngoding/RepoGithub/fiber-manager-G/vendor/laravel/framework/src/Illuminate/View/Middleware/ShareErrorsFromSession.php(48): Illuminate/Pipeline/Pipeline->Illuminate/Pipeline/{closure}(Object(Illuminate/Http/Request))
#32 D:/Ngoding/RepoGithub/fiber-manager-G/vendor/laravel/framework/src/Illuminate/Pipeline/Pipeline.php(219): Illuminate/View/Middleware/ShareErrorsFromSession->handle(Object(Illuminate/Http/Request), Object(Closure))
#33 D:/Ngoding/RepoGithub/fiber-manager-G/vendor/laravel/framework/src/Illuminate/Session/Middleware/StartSession.php(120): Illuminate/Pipeline/Pipeline->Illuminate/Pipeline/{closure}(Object(Illuminate/Http/Request))
#34 D:/Ngoding/RepoGithub/fiber-manager-G/vendor/laravel/framework/src/Illuminate/Session/Middleware/StartSession.php(63): Illuminate/Session/Middleware/StartSession->handleStatefulRequest(Object(Illuminate/Http/Request), Object(Illuminate/Session/Store), Object(Closure))
#35 D:/Ngoding/RepoGithub/fiber-manager-G/vendor/laravel/framework/src/Illuminate/Pipeline/Pipeline.php(219): Illuminate/Session/Middleware/StartSession->handle(Object(Illuminate/Http/Request), Object(Closure))
#36 D:/Ngoding/RepoGithub/fiber-manager-G/vendor/laravel/framework/src/Illuminate/Cookie/Middleware/AddQueuedCookiesToResponse.php(36): Illuminate/Pipeline/Pipeline->Illuminate/Pipeline/{closure}(Object(Illuminate/Http/Request))
#37 D:/Ngoding/RepoGithub/fiber-manager-G/vendor/laravel/framework/src/Illuminate/Pipeline/Pipeline.php(219): Illuminate/Cookie/Middleware/AddQueuedCookiesToResponse->handle(Object(Illuminate/Http/Request), Object(Closure))
#38 D:/Ngoding/RepoGithub/fiber-manager-G/vendor/laravel/framework/src/Illuminate/Cookie/Middleware/EncryptCookies.php(74): Illuminate/Pipeline/Pipeline->Illuminate/Pipeline/{closure}(Object(Illuminate/Http/Request))
#39 D:/Ngoding/RepoGithub/fiber-manager-G/vendor/laravel/framework/src/Illuminate/Pipeline/Pipeline.php(219): Illuminate/Cookie/Middleware/EncryptCookies->handle(Object(Illuminate/Http/Request), Object(Closure))
#40 D:/Ngoding/RepoGithub/fiber-manager-G/vendor/laravel/framework/src/Illuminate/Pipeline/Pipeline.php(137): Illuminate/Pipeline/Pipeline->Illuminate/Pipeline/{closure}(Object(Illuminate/Http/Request))
#41 D:/Ngoding/RepoGithub/fiber-manager-G/vendor/laravel/framework/src/Illuminate/Routing/Router.php(821): Illuminate/Pipeline/Pipeline->then(Object(Closure))
#42 D:/Ngoding/RepoGithub/fiber-manager-G/vendor/laravel/framework/src/Illuminate/Routing/Router.php(800): Illuminate/Routing/Router->runRouteWithinStack(Object(Illuminate/Routing/Route), Object(Illuminate/Http/Request))
#43 D:/Ngoding/RepoGithub/fiber-manager-G/vendor/laravel/framework/src/Illuminate/Routing/Router.php(764): Illuminate/Routing/Router->runRoute(Object(Illuminate/Http/Request), Object(Illuminate/Routing/Route))
#44 D:/Ngoding/RepoGithub/fiber-manager-G/vendor/laravel/framework/src/Illuminate/Routing/Router.php(753): Illuminate/Routing/Router->dispatchToRoute(Object(Illuminate/Http/Request))
#45 D:/Ngoding/RepoGithub/fiber-manager-G/vendor/laravel/framework/src/Illuminate/Foundation/Http/Kernel.php(200): Illuminate/Routing/Router->dispatch(Object(Illuminate/Http/Request))
#46 D:/Ngoding/RepoGithub/fiber-manager-G/vendor/laravel/framework/src/Illuminate/Pipeline/Pipeline.php(180): Illuminate/Foundation/Http/Kernel->Illuminate/Foundation/Http/{closure}(Object(Illuminate/Http/Request))
#47 D:/Ngoding/RepoGithub/fiber-manager-G/vendor/laravel/framework/src/Illuminate/Foundation/Http/Middleware/TransformsRequest.php(21): Illuminate/Pipeline/Pipeline->Illuminate/Pipeline/{closure}(Object(Illuminate/Http/Request))
#48 D:/Ngoding/RepoGithub/fiber-manager-G/vendor/laravel/framework/src/Illuminate/Foundation/Http/Middleware/ConvertEmptyStringsToNull.php(31): Illuminate/Foundation/Http/Middleware/TransformsRequest->handle(Object(Illuminate/Http/Request), Object(Closure))
#49 D:/Ngoding/RepoGithub/fiber-manager-G/vendor/laravel/framework/src/Illuminate/Pipeline/Pipeline.php(219): Illuminate/Foundation/Http/Middleware/ConvertEmptyStringsToNull->handle(Object(Illuminate/Http/Request), Object(Closure))
#50 D:/Ngoding/RepoGithub/fiber-manager-G/vendor/laravel/framework/src/Illuminate/Foundation/Http/Middleware/TransformsRequest.php(21): Illuminate/Pipeline/Pipeline->Illuminate/Pipeline/{closure}(Object(Illuminate/Http/Request))
#51 D:/Ngoding/RepoGithub/fiber-manager-G/vendor/laravel/framework/src/Illuminate/Foundation/Http/Middleware/TrimStrings.php(51): Illuminate/Foundation/Http/Middleware/TransformsRequest->handle(Object(Illuminate/Http/Request), Object(Closure))
#52 D:/Ngoding/RepoGithub/fiber-manager-G/vendor/laravel/framework/src/Illuminate/Pipeline/Pipeline.php(219): Illuminate/Foundation/Http/Middleware/TrimStrings->handle(Object(Illuminate/Http/Request), Object(Closure))
#53 D:/Ngoding/RepoGithub/fiber-manager-G/vendor/laravel/framework/src/Illuminate/Http/Middleware/ValidatePostSize.php(27): Illuminate/Pipeline/Pipeline->Illuminate/Pipeline/{closure}(Object(Illuminate/Http/Request))
#54 D:/Ngoding/RepoGithub/fiber-manager-G/vendor/laravel/framework/src/Illuminate/Pipeline/Pipeline.php(219): Illuminate/Http/Middleware/ValidatePostSize->handle(Object(Illuminate/Http/Request), Object(Closure))
#55 D:/Ngoding/RepoGithub/fiber-manager-G/vendor/laravel/framework/src/Illuminate/Foundation/Http/Middleware/PreventRequestsDuringMaintenance.php(109): Illuminate/Pipeline/Pipeline->Illuminate/Pipeline/{closure}(Object(Illuminate/Http/Request))
#56 D:/Ngoding/RepoGithub/fiber-manager-G/vendor/laravel/framework/src/Illuminate/Pipeline/Pipeline.php(219): Illuminate/Foundation/Http/Middleware/PreventRequestsDuringMaintenance->handle(Object(Illuminate/Http/Request), Object(Closure))
#57 D:/Ngoding/RepoGithub/fiber-manager-G/vendor/laravel/framework/src/Illuminate/Http/Middleware/HandleCors.php(74): Illuminate/Pipeline/Pipeline->Illuminate/Pipeline/{closure}(Object(Illuminate/Http/Request))
#58 D:/Ngoding/RepoGithub/fiber-manager-G/vendor/laravel/framework/src/Illuminate/Pipeline/Pipeline.php(219): Illuminate/Http/Middleware/HandleCors->handle(Object(Illuminate/Http/Request), Object(Closure))
#59 D:/Ngoding/RepoGithub/fiber-manager-G/vendor/laravel/framework/src/Illuminate/Http/Middleware/TrustProxies.php(58): Illuminate/Pipeline/Pipeline->Illuminate/Pipeline/{closure}(Object(Illuminate/Http/Request))
#60 D:/Ngoding/RepoGithub/fiber-manager-G/vendor/laravel/framework/src/Illuminate/Pipeline/Pipeline.php(219): Illuminate/Http/Middleware/TrustProxies->handle(Object(Illuminate/Http/Request), Object(Closure))
#61 D:/Ngoding/RepoGithub/fiber-manager-G/vendor/laravel/framework/src/Illuminate/Foundation/Http/Middleware/InvokeDeferredCallbacks.php(22): Illuminate/Pipeline/Pipeline->Illuminate/Pipeline/{closure}(Object(Illuminate/Http/Request))
#62 D:/Ngoding/RepoGithub/fiber-manager-G/vendor/laravel/framework/src/Illuminate/Pipeline/Pipeline.php(219): Illuminate/Foundation/Http/Middleware/InvokeDeferredCallbacks->handle(Object(Illuminate/Http/Request), Object(Closure))
#63 D:/Ngoding/RepoGithub/fiber-manager-G/vendor/laravel/framework/src/Illuminate/Http/Middleware/ValidatePathEncoding.php(28): Illuminate/Pipeline/Pipeline->Illuminate/Pipeline/{closure}(Object(Illuminate/Http/Request))
#64 D:/Ngoding/RepoGithub/fiber-manager-G/vendor/laravel/framework/src/Illuminate/Pipeline/Pipeline.php(219): Illuminate/Http/Middleware/ValidatePathEncoding->handle(Object(Illuminate/Http/Request), Object(Closure))
#65 D:/Ngoding/RepoGithub/fiber-manager-G/vendor/laravel/framework/src/Illuminate/Pipeline/Pipeline.php(137): Illuminate/Pipeline/Pipeline->Illuminate/Pipeline/{closure}(Object(Illuminate/Http/Request))
#66 D:/Ngoding/RepoGithub/fiber-manager-G/vendor/laravel/framework/src/Illuminate/Foundation/Http/Kernel.php(175): Illuminate/Pipeline/Pipeline->then(Object(Closure))
#67 D:/Ngoding/RepoGithub/fiber-manager-G/vendor/laravel/framework/src/Illuminate/Foundation/Http/Kernel.php(144): Illuminate/Foundation/Http/Kernel->sendRequestThroughRouter(Object(Illuminate/Http/Request))
#68 D:/Ngoding/RepoGithub/fiber-manager-G/vendor/laravel/framework/src/Illuminate/Foundation/Application.php(1227): Illuminate/Foundation/Http/Kernel->handle(Object(Illuminate/Http/Request))
#69 D:/Ngoding/RepoGithub/fiber-manager-G/public/index.php(20): Illuminate/Foundation/Application->handleRequest(Object(Illuminate/Http/Request))
#70 D:/Ngoding/RepoGithub/fiber-manager-G/vendor/laravel/framework/src/Illuminate/Foundation/resources/server.php(23): require_once('D://Ngoding//Repo...')
#71 {main}
"} 
[2026-07-29 02:40:06] local.ERROR: SQLSTATE[HY000] [2002] No connection could be made because the target machine actively refused it (Connection: mysql, Host: 127.0.0.1, Port: 3306, Database: fmg, SQL: select * from `users` where `username` = admin limit 1) {"exception":"[object] (Illuminate\\Database\\QueryException(code: 2002): SQLSTATE[HY000] [2002] No connection could be made because the target machine actively refused it (Connection: mysql, Host: 127.0.0.1, Port: 3306, Database: fmg, SQL: select * from `users` where `username` = admin limit 1) at D:/Ngoding/RepoGithub/fiber-manager-G/vendor/laravel/framework/src/Illuminate/Database/Connection.php:857)
[stacktrace]
#0 D:/Ngoding/RepoGithub/fiber-manager-G/vendor/laravel/framework/src/Illuminate/Database/Connection.php(1037): Illuminate/Database/Connection->runQueryCallback('select * from `...', Array, Object(Closure))
#1 D:/Ngoding/RepoGithub/fiber-manager-G/vendor/laravel/framework/src/Illuminate/Database/Connection.php(1016): Illuminate/Database/Connection->tryAgainIfCausedByLostConnection(Object(Illuminate/Database/QueryException), 'select * from `...', Array, Object(Closure))
#2 D:/Ngoding/RepoGithub/fiber-manager-G/vendor/laravel/framework/src/Illuminate/Database/Connection.php(815): Illuminate/Database/Connection->handleQueryException(Object(Illuminate/Database/QueryException), 'select * from `...', Array, Object(Closure))
#3 D:/Ngoding/RepoGithub/fiber-manager-G/vendor/laravel/framework/src/Illuminate/Database/Connection.php(426): Illuminate/Database/Connection->run('select * from `...', Array, Object(Closure))
#4 D:/Ngoding/RepoGithub/fiber-manager-G/vendor/laravel/framework/src/Illuminate/Database/Query/Builder.php(3574): Illuminate/Database/Connection->select('select * from `...', Array, true, Array)
#5 D:/Ngoding/RepoGithub/fiber-manager-G/vendor/laravel/framework/src/Illuminate/Database/Query/Builder.php(3558): Illuminate/Database/Query/Builder->runSelect()
#6 D:/Ngoding/RepoGithub/fiber-manager-G/vendor/laravel/framework/src/Illuminate/Database/Eloquent/Builder.php(908): Illuminate/Database/Query/Builder->get(Array)
#7 D:/Ngoding/RepoGithub/fiber-manager-G/vendor/laravel/framework/src/Illuminate/Database/Eloquent/Builder.php(890): Illuminate/Database/Eloquent/Builder->getModels(Array)
#8 D:/Ngoding/RepoGithub/fiber-manager-G/vendor/laravel/framework/src/Illuminate/Database/Concerns/BuildsQueries.php(366): Illuminate/Database/Eloquent/Builder->get(Array)
#9 D:/Ngoding/RepoGithub/fiber-manager-G/app/Http/Controllers/AuthController.php(48): Illuminate/Database/Eloquent/Builder->first()
#10 D:/Ngoding/RepoGithub/fiber-manager-G/app/Http/Controllers/AuthController.php(19): App/Http/Controllers/AuthController->login(Object(Illuminate/Http/Request))
#11 D:/Ngoding/RepoGithub/fiber-manager-G/vendor/laravel/framework/src/Illuminate/Routing/ControllerDispatcher.php(46): App/Http/Controllers/AuthController->handle(Object(Illuminate/Http/Request))
#12 D:/Ngoding/RepoGithub/fiber-manager-G/vendor/laravel/framework/src/Illuminate/Routing/Route.php(276): Illuminate/Routing/ControllerDispatcher->dispatch(Object(Illuminate/Routing/Route), Object(App/Http/Controllers/AuthController), 'handle')
#13 D:/Ngoding/RepoGithub/fiber-manager-G/vendor/laravel/framework/src/Illuminate/Routing/Route.php(216): Illuminate/Routing/Route->runController()
#14 D:/Ngoding/RepoGithub/fiber-manager-G/vendor/laravel/framework/src/Illuminate/Routing/Router.php(822): Illuminate/Routing/Route->run()
#15 D:/Ngoding/RepoGithub/fiber-manager-G/vendor/laravel/framework/src/Illuminate/Pipeline/Pipeline.php(180): Illuminate/Routing/Router->Illuminate/Routing/{closure}(Object(Illuminate/Http/Request))
#16 D:/Ngoding/RepoGithub/fiber-manager-G/vendor/laravel/framework/src/Illuminate/Routing/Middleware/SubstituteBindings.php(52): Illuminate/Pipeline/Pipeline->Illuminate/Pipeline/{closure}(Object(Illuminate/Http/Request))
#17 D:/Ngoding/RepoGithub/fiber-manager-G/vendor/laravel/framework/src/Illuminate/Pipeline/Pipeline.php(219): Illuminate/Routing/Middleware/SubstituteBindings->handle(Object(Illuminate/Http/Request), Object(Closure))
#18 D:/Ngoding/RepoGithub/fiber-manager-G/vendor/laravel/framework/src/Illuminate/Foundation/Http/Middleware/PreventRequestForgery.php(104): Illuminate/Pipeline/Pipeline->Illuminate/Pipeline/{closure}(Object(Illuminate/Http/Request))
#19 D:/Ngoding/RepoGithub/fiber-manager-G/vendor/laravel/framework/src/Illuminate/Pipeline/Pipeline.php(219): Illuminate/Foundation/Http/Middleware/PreventRequestForgery->handle(Object(Illuminate/Http/Request), Object(Closure))
#20 D:/Ngoding/RepoGithub/fiber-manager-G/vendor/laravel/framework/src/Illuminate/View/Middleware/ShareErrorsFromSession.php(48): Illuminate/Pipeline/Pipeline->Illuminate/Pipeline/{closure}(Object(Illuminate/Http/Request))
#21 D:/Ngoding/RepoGithub/fiber-manager-G/vendor/laravel/framework/src/Illuminate/Pipeline/Pipeline.php(219): Illuminate/View/Middleware/ShareErrorsFromSession->handle(Object(Illuminate/Http/Request), Object(Closure))
#22 D:/Ngoding/RepoGithub/fiber-manager-G/vendor/laravel/framework/src/Illuminate/Session/Middleware/StartSession.php(120): Illuminate/Pipeline/Pipeline->Illuminate/Pipeline/{closure}(Object(Illuminate/Http/Request))
#23 D:/Ngoding/RepoGithub/fiber-manager-G/vendor/laravel/framework/src/Illuminate/Session/Middleware/StartSession.php(63): Illuminate/Session/Middleware/StartSession->handleStatefulRequest(Object(Illuminate/Http/Request), Object(Illuminate/Session/Store), Object(Closure))
#24 D:/Ngoding/RepoGithub/fiber-manager-G/vendor/laravel/framework/src/Illuminate/Pipeline/Pipeline.php(219): Illuminate/Session/Middleware/StartSession->handle(Object(Illuminate/Http/Request), Object(Closure))
#25 D:/Ngoding/RepoGithub/fiber-manager-G/vendor/laravel/framework/src/Illuminate/Cookie/Middleware/AddQueuedCookiesToResponse.php(36): Illuminate/Pipeline/Pipeline->Illuminate/Pipeline/{closure}(Object(Illuminate/Http/Request))
#26 D:/Ngoding/RepoGithub/fiber-manager-G/vendor/laravel/framework/src/Illuminate/Pipeline/Pipeline.php(219): Illuminate/Cookie/Middleware/AddQueuedCookiesToResponse->handle(Object(Illuminate/Http/Request), Object(Closure))
#27 D:/Ngoding/RepoGithub/fiber-manager-G/vendor/laravel/framework/src/Illuminate/Cookie/Middleware/EncryptCookies.php(74): Illuminate/Pipeline/Pipeline->Illuminate/Pipeline/{closure}(Object(Illuminate/Http/Request))
#28 D:/Ngoding/RepoGithub/fiber-manager-G/vendor/laravel/framework/src/Illuminate/Pipeline/Pipeline.php(219): Illuminate/Cookie/Middleware/EncryptCookies->handle(Object(Illuminate/Http/Request), Object(Closure))
#29 D:/Ngoding/RepoGithub/fiber-manager-G/vendor/laravel/framework/src/Illuminate/Pipeline/Pipeline.php(137): Illuminate/Pipeline/Pipeline->Illuminate/Pipeline/{closure}(Object(Illuminate/Http/Request))
#30 D:/Ngoding/RepoGithub/fiber-manager-G/vendor/laravel/framework/src/Illuminate/Routing/Router.php(821): Illuminate/Pipeline/Pipeline->then(Object(Closure))
#31 D:/Ngoding/RepoGithub/fiber-manager-G/vendor/laravel/framework/src/Illuminate/Routing/Router.php(800): Illuminate/Routing/Router->runRouteWithinStack(Object(Illuminate/Routing/Route), Object(Illuminate/Http/Request))
#32 D:/Ngoding/RepoGithub/fiber-manager-G/vendor/laravel/framework/src/Illuminate/Routing/Router.php(764): Illuminate/Routing/Router->runRoute(Object(Illuminate/Http/Request), Object(Illuminate/Routing/Route))
#33 D:/Ngoding/RepoGithub/fiber-manager-G/vendor/laravel/framework/src/Illuminate/Routing/Router.php(753): Illuminate/Routing/Router->dispatchToRoute(Object(Illuminate/Http/Request))
#34 D:/Ngoding/RepoGithub/fiber-manager-G/vendor/laravel/framework/src/Illuminate/Foundation/Http/Kernel.php(200): Illuminate/Routing/Router->dispatch(Object(Illuminate/Http/Request))
#35 D:/Ngoding/RepoGithub/fiber-manager-G/vendor/laravel/framework/src/Illuminate/Pipeline/Pipeline.php(180): Illuminate/Foundation/Http/Kernel->Illuminate/Foundation/Http/{closure}(Object(Illuminate/Http/Request))
#36 D:/Ngoding/RepoGithub/fiber-manager-G/vendor/laravel/framework/src/Illuminate/Foundation/Http/Middleware/TransformsRequest.php(21): Illuminate/Pipeline/Pipeline->Illuminate/Pipeline/{closure}(Object(Illuminate/Http/Request))
#37 D:/Ngoding/RepoGithub/fiber-manager-G/vendor/laravel/framework/src/Illuminate/Foundation/Http/Middleware/ConvertEmptyStringsToNull.php(31): Illuminate/Foundation/Http/Middleware/TransformsRequest->handle(Object(Illuminate/Http/Request), Object(Closure))
#38 D:/Ngoding/RepoGithub/fiber-manager-G/vendor/laravel/framework/src/Illuminate/Pipeline/Pipeline.php(219): Illuminate/Foundation/Http/Middleware/ConvertEmptyStringsToNull->handle(Object(Illuminate/Http/Request), Object(Closure))
#39 D:/Ngoding/RepoGithub/fiber-manager-G/vendor/laravel/framework/src/Illuminate/Foundation/Http/Middleware/TransformsRequest.php(21): Illuminate/Pipeline/Pipeline->Illuminate/Pipeline/{closure}(Object(Illuminate/Http/Request))
#40 D:/Ngoding/RepoGithub/fiber-manager-G/vendor/laravel/framework/src/Illuminate/Foundation/Http/Middleware/TrimStrings.php(51): Illuminate/Foundation/Http/Middleware/TransformsRequest->handle(Object(Illuminate/Http/Request), Object(Closure))
#41 D:/Ngoding/RepoGithub/fiber-manager-G/vendor/laravel/framework/src/Illuminate/Pipeline/Pipeline.php(219): Illuminate/Foundation/Http/Middleware/TrimStrings->handle(Object(Illuminate/Http/Request), Object(Closure))
#42 D:/Ngoding/RepoGithub/fiber-manager-G/vendor/laravel/framework/src/Illuminate/Http/Middleware/ValidatePostSize.php(27): Illuminate/Pipeline/Pipeline->Illuminate/Pipeline/{closure}(Object(Illuminate/Http/Request))
#43 D:/Ngoding/RepoGithub/fiber-manager-G/vendor/laravel/framework/src/Illuminate/Pipeline/Pipeline.php(219): Illuminate/Http/Middleware/ValidatePostSize->handle(Object(Illuminate/Http/Request), Object(Closure))
#44 D:/Ngoding/RepoGithub/fiber-manager-G/vendor/laravel/framework/src/Illuminate/Foundation/Http/Middleware/PreventRequestsDuringMaintenance.php(109): Illuminate/Pipeline/Pipeline->Illuminate/Pipeline/{closure}(Object(Illuminate/Http/Request))
#45 D:/Ngoding/RepoGithub/fiber-manager-G/vendor/laravel/framework/src/Illuminate/Pipeline/Pipeline.php(219): Illuminate/Foundation/Http/Middleware/PreventRequestsDuringMaintenance->handle(Object(Illuminate/Http/Request), Object(Closure))
#46 D:/Ngoding/RepoGithub/fiber-manager-G/vendor/laravel/framework/src/Illuminate/Http/Middleware/HandleCors.php(74): Illuminate/Pipeline/Pipeline->Illuminate/Pipeline/{closure}(Object(Illuminate/Http/Request))
#47 D:/Ngoding/RepoGithub/fiber-manager-G/vendor/laravel/framework/src/Illuminate/Pipeline/Pipeline.php(219): Illuminate/Http/Middleware/HandleCors->handle(Object(Illuminate/Http/Request), Object(Closure))
#48 D:/Ngoding/RepoGithub/fiber-manager-G/vendor/laravel/framework/src/Illuminate/Http/Middleware/TrustProxies.php(58): Illuminate/Pipeline/Pipeline->Illuminate/Pipeline/{closure}(Object(Illuminate/Http/Request))
#49 D:/Ngoding/RepoGithub/fiber-manager-G/vendor/laravel/framework/src/Illuminate/Pipeline/Pipeline.php(219): Illuminate/Http/Middleware/TrustProxies->handle(Object(Illuminate/Http/Request), Object(Closure))
#50 D:/Ngoding/RepoGithub/fiber-manager-G/vendor/laravel/framework/src/Illuminate/Foundation/Http/Middleware/InvokeDeferredCallbacks.php(22): Illuminate/Pipeline/Pipeline->Illuminate/Pipeline/{closure}(Object(Illuminate/Http/Request))
#51 D:/Ngoding/RepoGithub/fiber-manager-G/vendor/laravel/framework/src/Illuminate/Pipeline/Pipeline.php(219): Illuminate/Foundation/Http/Middleware/InvokeDeferredCallbacks->handle(Object(Illuminate/Http/Request), Object(Closure))
#52 D:/Ngoding/RepoGithub/fiber-manager-G/vendor/laravel/framework/src/Illuminate/Http/Middleware/ValidatePathEncoding.php(28): Illuminate/Pipeline/Pipeline->Illuminate/Pipeline/{closure}(Object(Illuminate/Http/Request))
#53 D:/Ngoding/RepoGithub/fiber-manager-G/vendor/laravel/framework/src/Illuminate/Pipeline/Pipeline.php(219): Illuminate/Http/Middleware/ValidatePathEncoding->handle(Object(Illuminate/Http/Request), Object(Closure))
#54 D:/Ngoding/RepoGithub/fiber-manager-G/vendor/laravel/framework/src/Illuminate/Pipeline/Pipeline.php(137): Illuminate/Pipeline/Pipeline->Illuminate/Pipeline/{closure}(Object(Illuminate/Http/Request))
#55 D:/Ngoding/RepoGithub/fiber-manager-G/vendor/laravel/framework/src/Illuminate/Foundation/Http/Kernel.php(175): Illuminate/Pipeline/Pipeline->then(Object(Closure))
#56 D:/Ngoding/RepoGithub/fiber-manager-G/vendor/laravel/framework/src/Illuminate/Foundation/Http/Kernel.php(144): Illuminate/Foundation/Http/Kernel->sendRequestThroughRouter(Object(Illuminate/Http/Request))
#57 D:/Ngoding/RepoGithub/fiber-manager-G/vendor/laravel/framework/src/Illuminate/Foundation/Application.php(1227): Illuminate/Foundation/Http/Kernel->handle(Object(Illuminate/Http/Request))
#58 D:/Ngoding/RepoGithub/fiber-manager-G/public/index.php(20): Illuminate/Foundation/Application->handleRequest(Object(Illuminate/Http/Request))
#59 D:/Ngoding/RepoGithub/fiber-manager-G/vendor/laravel/framework/src/Illuminate/Foundation/resources/server.php(23): require_once('D://Ngoding//Repo...')
#60 {main}

[previous exception] [object] (PDOException(code: 2002): SQLSTATE[HY000] [2002] No connection could be made because the target machine actively refused it at D:/Ngoding/RepoGithub/fiber-manager-G/vendor/laravel/framework/src/Illuminate/Database/Connectors/Connector.php:66)
[stacktrace]
#0 D:/Ngoding/RepoGithub/fiber-manager-G/vendor/laravel/framework/src/Illuminate/Database/Connectors/Connector.php(66): PDO->__construct('mysql:host=127....', 'root', Object(SensitiveParameterValue), Array)
#1 D:/Ngoding/RepoGithub/fiber-manager-G/vendor/laravel/framework/src/Illuminate/Database/Connectors/Connector.php(85): Illuminate/Database/Connectors/Connector->createPdoConnection('mysql:host=127....', 'root', Object(SensitiveParameterValue), Array)
#2 D:/Ngoding/RepoGithub/fiber-manager-G/vendor/laravel/framework/src/Illuminate/Database/Connectors/Connector.php(48): Illuminate/Database/Connectors/Connector->tryAgainIfCausedByLostConnection(Object(PDOException), 'mysql:host=127....', 'root', Object(SensitiveParameterValue), Array)
#3 D:/Ngoding/RepoGithub/fiber-manager-G/vendor/laravel/framework/src/Illuminate/Database/Connectors/MySqlConnector.php(24): Illuminate/Database/Connectors/Connector->createConnection('mysql:host=127....', Array, Array)
#4 D:/Ngoding/RepoGithub/fiber-manager-G/vendor/laravel/framework/src/Illuminate/Database/Connectors/ConnectionFactory.php(220): Illuminate/Database/Connectors/MySqlConnector->connect(Array)
#5 [internal function]: Illuminate/Database/Connectors/ConnectionFactory->Illuminate/Database/Connectors/{closure}()
#6 D:/Ngoding/RepoGithub/fiber-manager-G/vendor/laravel/framework/src/Illuminate/Database/Connection.php(1297): call_user_func(Object(Closure))
#7 D:/Ngoding/RepoGithub/fiber-manager-G/vendor/laravel/framework/src/Illuminate/Database/Connection.php(1335): Illuminate/Database/Connection->getPdo()
#8 D:/Ngoding/RepoGithub/fiber-manager-G/vendor/laravel/framework/src/Illuminate/Database/Connection.php(542): Illuminate/Database/Connection->getReadPdo()
#9 D:/Ngoding/RepoGithub/fiber-manager-G/vendor/laravel/framework/src/Illuminate/Database/Connection.php(435): Illuminate/Database/Connection->getPdoForSelect(true)
#10 D:/Ngoding/RepoGithub/fiber-manager-G/vendor/laravel/framework/src/Illuminate/Database/Connection.php(846): Illuminate/Database/Connection->Illuminate/Database/{closure}('select * from `...', Array)
#11 D:/Ngoding/RepoGithub/fiber-manager-G/vendor/laravel/framework/src/Illuminate/Database/Connection.php(1037): Illuminate/Database/Connection->runQueryCallback('select * from `...', Array, Object(Closure))
#12 D:/Ngoding/RepoGithub/fiber-manager-G/vendor/laravel/framework/src/Illuminate/Database/Connection.php(1016): Illuminate/Database/Connection->tryAgainIfCausedByLostConnection(Object(Illuminate/Database/QueryException), 'select * from `...', Array, Object(Closure))
#13 D:/Ngoding/RepoGithub/fiber-manager-G/vendor/laravel/framework/src/Illuminate/Database/Connection.php(815): Illuminate/Database/Connection->handleQueryException(Object(Illuminate/Database/QueryException), 'select * from `...', Array, Object(Closure))
#14 D:/Ngoding/RepoGithub/fiber-manager-G/vendor/laravel/framework/src/Illuminate/Database/Connection.php(426): Illuminate/Database/Connection->run('select * from `...', Array, Object(Closure))
#15 D:/Ngoding/RepoGithub/fiber-manager-G/vendor/laravel/framework/src/Illuminate/Database/Query/Builder.php(3574): Illuminate/Database/Connection->select('select * from `...', Array, true, Array)
#16 D:/Ngoding/RepoGithub/fiber-manager-G/vendor/laravel/framework/src/Illuminate/Database/Query/Builder.php(3558): Illuminate/Database/Query/Builder->runSelect()
#17 D:/Ngoding/RepoGithub/fiber-manager-G/vendor/laravel/framework/src/Illuminate/Database/Eloquent/Builder.php(908): Illuminate/Database/Query/Builder->get(Array)
#18 D:/Ngoding/RepoGithub/fiber-manager-G/vendor/laravel/framework/src/Illuminate/Database/Eloquent/Builder.php(890): Illuminate/Database/Eloquent/Builder->getModels(Array)
#19 D:/Ngoding/RepoGithub/fiber-manager-G/vendor/laravel/framework/src/Illuminate/Database/Concerns/BuildsQueries.php(366): Illuminate/Database/Eloquent/Builder->get(Array)
#20 D:/Ngoding/RepoGithub/fiber-manager-G/app/Http/Controllers/AuthController.php(48): Illuminate/Database/Eloquent/Builder->first()
#21 D:/Ngoding/RepoGithub/fiber-manager-G/app/Http/Controllers/AuthController.php(19): App/Http/Controllers/AuthController->login(Object(Illuminate/Http/Request))
#22 D:/Ngoding/RepoGithub/fiber-manager-G/vendor/laravel/framework/src/Illuminate/Routing/ControllerDispatcher.php(46): App/Http/Controllers/AuthController->handle(Object(Illuminate/Http/Request))
#23 D:/Ngoding/RepoGithub/fiber-manager-G/vendor/laravel/framework/src/Illuminate/Routing/Route.php(276): Illuminate/Routing/ControllerDispatcher->dispatch(Object(Illuminate/Routing/Route), Object(App/Http/Controllers/AuthController), 'handle')
#24 D:/Ngoding/RepoGithub/fiber-manager-G/vendor/laravel/framework/src/Illuminate/Routing/Route.php(216): Illuminate/Routing/Route->runController()
#25 D:/Ngoding/RepoGithub/fiber-manager-G/vendor/laravel/framework/src/Illuminate/Routing/Router.php(822): Illuminate/Routing/Route->run()
#26 D:/Ngoding/RepoGithub/fiber-manager-G/vendor/laravel/framework/src/Illuminate/Pipeline/Pipeline.php(180): Illuminate/Routing/Router->Illuminate/Routing/{closure}(Object(Illuminate/Http/Request))
#27 D:/Ngoding/RepoGithub/fiber-manager-G/vendor/laravel/framework/src/Illuminate/Routing/Middleware/SubstituteBindings.php(52): Illuminate/Pipeline/Pipeline->Illuminate/Pipeline/{closure}(Object(Illuminate/Http/Request))
#28 D:/Ngoding/RepoGithub/fiber-manager-G/vendor/laravel/framework/src/Illuminate/Pipeline/Pipeline.php(219): Illuminate/Routing/Middleware/SubstituteBindings->handle(Object(Illuminate/Http/Request), Object(Closure))
#29 D:/Ngoding/RepoGithub/fiber-manager-G/vendor/laravel/framework/src/Illuminate/Foundation/Http/Middleware/PreventRequestForgery.php(104): Illuminate/Pipeline/Pipeline->Illuminate/Pipeline/{closure}(Object(Illuminate/Http/Request))
#30 D:/Ngoding/RepoGithub/fiber-manager-G/vendor/laravel/framework/src/Illuminate/Pipeline/Pipeline.php(219): Illuminate/Foundation/Http/Middleware/PreventRequestForgery->handle(Object(Illuminate/Http/Request), Object(Closure))
#31 D:/Ngoding/RepoGithub/fiber-manager-G/vendor/laravel/framework/src/Illuminate/View/Middleware/ShareErrorsFromSession.php(48): Illuminate/Pipeline/Pipeline->Illuminate/Pipeline/{closure}(Object(Illuminate/Http/Request))
#32 D:/Ngoding/RepoGithub/fiber-manager-G/vendor/laravel/framework/src/Illuminate/Pipeline/Pipeline.php(219): Illuminate/View/Middleware/ShareErrorsFromSession->handle(Object(Illuminate/Http/Request), Object(Closure))
#33 D:/Ngoding/RepoGithub/fiber-manager-G/vendor/laravel/framework/src/Illuminate/Session/Middleware/StartSession.php(120): Illuminate/Pipeline/Pipeline->Illuminate/Pipeline/{closure}(Object(Illuminate/Http/Request))
#34 D:/Ngoding/RepoGithub/fiber-manager-G/vendor/laravel/framework/src/Illuminate/Session/Middleware/StartSession.php(63): Illuminate/Session/Middleware/StartSession->handleStatefulRequest(Object(Illuminate/Http/Request), Object(Illuminate/Session/Store), Object(Closure))
#35 D:/Ngoding/RepoGithub/fiber-manager-G/vendor/laravel/framework/src/Illuminate/Pipeline/Pipeline.php(219): Illuminate/Session/Middleware/StartSession->handle(Object(Illuminate/Http/Request), Object(Closure))
#36 D:/Ngoding/RepoGithub/fiber-manager-G/vendor/laravel/framework/src/Illuminate/Cookie/Middleware/AddQueuedCookiesToResponse.php(36): Illuminate/Pipeline/Pipeline->Illuminate/Pipeline/{closure}(Object(Illuminate/Http/Request))
#37 D:/Ngoding/RepoGithub/fiber-manager-G/vendor/laravel/framework/src/Illuminate/Pipeline/Pipeline.php(219): Illuminate/Cookie/Middleware/AddQueuedCookiesToResponse->handle(Object(Illuminate/Http/Request), Object(Closure))
#38 D:/Ngoding/RepoGithub/fiber-manager-G/vendor/laravel/framework/src/Illuminate/Cookie/Middleware/EncryptCookies.php(74): Illuminate/Pipeline/Pipeline->Illuminate/Pipeline/{closure}(Object(Illuminate/Http/Request))
#39 D:/Ngoding/RepoGithub/fiber-manager-G/vendor/laravel/framework/src/Illuminate/Pipeline/Pipeline.php(219): Illuminate/Cookie/Middleware/EncryptCookies->handle(Object(Illuminate/Http/Request), Object(Closure))
#40 D:/Ngoding/RepoGithub/fiber-manager-G/vendor/laravel/framework/src/Illuminate/Pipeline/Pipeline.php(137): Illuminate/Pipeline/Pipeline->Illuminate/Pipeline/{closure}(Object(Illuminate/Http/Request))
#41 D:/Ngoding/RepoGithub/fiber-manager-G/vendor/laravel/framework/src/Illuminate/Routing/Router.php(821): Illuminate/Pipeline/Pipeline->then(Object(Closure))
#42 D:/Ngoding/RepoGithub/fiber-manager-G/vendor/laravel/framework/src/Illuminate/Routing/Router.php(800): Illuminate/Routing/Router->runRouteWithinStack(Object(Illuminate/Routing/Route), Object(Illuminate/Http/Request))
#43 D:/Ngoding/RepoGithub/fiber-manager-G/vendor/laravel/framework/src/Illuminate/Routing/Router.php(764): Illuminate/Routing/Router->runRoute(Object(Illuminate/Http/Request), Object(Illuminate/Routing/Route))
#44 D:/Ngoding/RepoGithub/fiber-manager-G/vendor/laravel/framework/src/Illuminate/Routing/Router.php(753): Illuminate/Routing/Router->dispatchToRoute(Object(Illuminate/Http/Request))
#45 D:/Ngoding/RepoGithub/fiber-manager-G/vendor/laravel/framework/src/Illuminate/Foundation/Http/Kernel.php(200): Illuminate/Routing/Router->dispatch(Object(Illuminate/Http/Request))
#46 D:/Ngoding/RepoGithub/fiber-manager-G/vendor/laravel/framework/src/Illuminate/Pipeline/Pipeline.php(180): Illuminate/Foundation/Http/Kernel->Illuminate/Foundation/Http/{closure}(Object(Illuminate/Http/Request))
#47 D:/Ngoding/RepoGithub/fiber-manager-G/vendor/laravel/framework/src/Illuminate/Foundation/Http/Middleware/TransformsRequest.php(21): Illuminate/Pipeline/Pipeline->Illuminate/Pipeline/{closure}(Object(Illuminate/Http/Request))
#48 D:/Ngoding/RepoGithub/fiber-manager-G/vendor/laravel/framework/src/Illuminate/Foundation/Http/Middleware/ConvertEmptyStringsToNull.php(31): Illuminate/Foundation/Http/Middleware/TransformsRequest->handle(Object(Illuminate/Http/Request), Object(Closure))
#49 D:/Ngoding/RepoGithub/fiber-manager-G/vendor/laravel/framework/src/Illuminate/Pipeline/Pipeline.php(219): Illuminate/Foundation/Http/Middleware/ConvertEmptyStringsToNull->handle(Object(Illuminate/Http/Request), Object(Closure))
#50 D:/Ngoding/RepoGithub/fiber-manager-G/vendor/laravel/framework/src/Illuminate/Foundation/Http/Middleware/TransformsRequest.php(21): Illuminate/Pipeline/Pipeline->Illuminate/Pipeline/{closure}(Object(Illuminate/Http/Request))
#51 D:/Ngoding/RepoGithub/fiber-manager-G/vendor/laravel/framework/src/Illuminate/Foundation/Http/Middleware/TrimStrings.php(51): Illuminate/Foundation/Http/Middleware/TransformsRequest->handle(Object(Illuminate/Http/Request), Object(Closure))
#52 D:/Ngoding/RepoGithub/fiber-manager-G/vendor/laravel/framework/src/Illuminate/Pipeline/Pipeline.php(219): Illuminate/Foundation/Http/Middleware/TrimStrings->handle(Object(Illuminate/Http/Request), Object(Closure))
#53 D:/Ngoding/RepoGithub/fiber-manager-G/vendor/laravel/framework/src/Illuminate/Http/Middleware/ValidatePostSize.php(27): Illuminate/Pipeline/Pipeline->Illuminate/Pipeline/{closure}(Object(Illuminate/Http/Request))
#54 D:/Ngoding/RepoGithub/fiber-manager-G/vendor/laravel/framework/src/Illuminate/Pipeline/Pipeline.php(219): Illuminate/Http/Middleware/ValidatePostSize->handle(Object(Illuminate/Http/Request), Object(Closure))
#55 D:/Ngoding/RepoGithub/fiber-manager-G/vendor/laravel/framework/src/Illuminate/Foundation/Http/Middleware/PreventRequestsDuringMaintenance.php(109): Illuminate/Pipeline/Pipeline->Illuminate/Pipeline/{closure}(Object(Illuminate/Http/Request))
#56 D:/Ngoding/RepoGithub/fiber-manager-G/vendor/laravel/framework/src/Illuminate/Pipeline/Pipeline.php(219): Illuminate/Foundation/Http/Middleware/PreventRequestsDuringMaintenance->handle(Object(Illuminate/Http/Request), Object(Closure))
#57 D:/Ngoding/RepoGithub/fiber-manager-G/vendor/laravel/framework/src/Illuminate/Http/Middleware/HandleCors.php(74): Illuminate/Pipeline/Pipeline->Illuminate/Pipeline/{closure}(Object(Illuminate/Http/Request))
#58 D:/Ngoding/RepoGithub/fiber-manager-G/vendor/laravel/framework/src/Illuminate/Pipeline/Pipeline.php(219): Illuminate/Http/Middleware/HandleCors->handle(Object(Illuminate/Http/Request), Object(Closure))
#59 D:/Ngoding/RepoGithub/fiber-manager-G/vendor/laravel/framework/src/Illuminate/Http/Middleware/TrustProxies.php(58): Illuminate/Pipeline/Pipeline->Illuminate/Pipeline/{closure}(Object(Illuminate/Http/Request))
#60 D:/Ngoding/RepoGithub/fiber-manager-G/vendor/laravel/framework/src/Illuminate/Pipeline/Pipeline.php(219): Illuminate/Http/Middleware/TrustProxies->handle(Object(Illuminate/Http/Request), Object(Closure))
#61 D:/Ngoding/RepoGithub/fiber-manager-G/vendor/laravel/framework/src/Illuminate/Foundation/Http/Middleware/InvokeDeferredCallbacks.php(22): Illuminate/Pipeline/Pipeline->Illuminate/Pipeline/{closure}(Object(Illuminate/Http/Request))
#62 D:/Ngoding/RepoGithub/fiber-manager-G/vendor/laravel/framework/src/Illuminate/Pipeline/Pipeline.php(219): Illuminate/Foundation/Http/Middleware/InvokeDeferredCallbacks->handle(Object(Illuminate/Http/Request), Object(Closure))
#63 D:/Ngoding/RepoGithub/fiber-manager-G/vendor/laravel/framework/src/Illuminate/Http/Middleware/ValidatePathEncoding.php(28): Illuminate/Pipeline/Pipeline->Illuminate/Pipeline/{closure}(Object(Illuminate/Http/Request))
#64 D:/Ngoding/RepoGithub/fiber-manager-G/vendor/laravel/framework/src/Illuminate/Pipeline/Pipeline.php(219): Illuminate/Http/Middleware/ValidatePathEncoding->handle(Object(Illuminate/Http/Request), Object(Closure))
#65 D:/Ngoding/RepoGithub/fiber-manager-G/vendor/laravel/framework/src/Illuminate/Pipeline/Pipeline.php(137): Illuminate/Pipeline/Pipeline->Illuminate/Pipeline/{closure}(Object(Illuminate/Http/Request))
#66 D:/Ngoding/RepoGithub/fiber-manager-G/vendor/laravel/framework/src/Illuminate/Foundation/Http/Kernel.php(175): Illuminate/Pipeline/Pipeline->then(Object(Closure))
#67 D:/Ngoding/RepoGithub/fiber-manager-G/vendor/laravel/framework/src/Illuminate/Foundation/Http/Kernel.php(144): Illuminate/Foundation/Http/Kernel->sendRequestThroughRouter(Object(Illuminate/Http/Request))
#68 D:/Ngoding/RepoGithub/fiber-manager-G/vendor/laravel/framework/src/Illuminate/Foundation/Application.php(1227): Illuminate/Foundation/Http/Kernel->handle(Object(Illuminate/Http/Request))
#69 D:/Ngoding/RepoGithub/fiber-manager-G/public/index.php(20): Illuminate/Foundation/Application->handleRequest(Object(Illuminate/Http/Request))
#70 D:/Ngoding/RepoGithub/fiber-manager-G/vendor/laravel/framework/src/Illuminate/Foundation/resources/server.php(23): require_once('D://Ngoding//Repo...')
#71 {main}
"} 
[2026-07-29 03:33:20] local.ERROR: syntax error, unexpected token "try", expecting "function" {"exception":"[object] (ParseError(code: 0): syntax error, unexpected token \"try\", expecting \"function\" at D:/Ngoding/RepoGithub/fiber-manager-G/app/Http/Controllers/CustomerController.php:214)
[stacktrace]
#0 D:/Ngoding/RepoGithub/fiber-manager-G/vendor/composer/ClassLoader.php(427): Composer/Autoload/{closure}('D://Ngoding//Repo...')
#1 [internal function]: Composer/Autoload/ClassLoader->loadClass('App//Http//Contro...')
#2 D:/Ngoding/RepoGithub/fiber-manager-G/vendor/laravel/framework/src/Illuminate/Routing/Route.php(1182): ReflectionClass->__construct('App//Http//Contro...')
#3 D:/Ngoding/RepoGithub/fiber-manager-G/vendor/laravel/framework/src/Illuminate/Routing/Route.php(1132): Illuminate/Routing/Route->attributeProvidedControllerMiddleware('App//Http//Contro...', 'handle')
#4 D:/Ngoding/RepoGithub/fiber-manager-G/vendor/laravel/framework/src/Illuminate/Routing/Route.php(1069): Illuminate/Routing/Route->controllerMiddleware()
#5 D:/Ngoding/RepoGithub/fiber-manager-G/vendor/laravel/framework/src/Illuminate/Routing/Router.php(834): Illuminate/Routing/Route->gatherMiddleware()
#6 D:/Ngoding/RepoGithub/fiber-manager-G/vendor/laravel/framework/src/Illuminate/Routing/Router.php(816): Illuminate/Routing/Router->gatherRouteMiddleware(Object(Illuminate/Routing/Route))
#7 D:/Ngoding/RepoGithub/fiber-manager-G/vendor/laravel/framework/src/Illuminate/Routing/Router.php(800): Illuminate/Routing/Router->runRouteWithinStack(Object(Illuminate/Routing/Route), Object(Illuminate/Http/Request))
#8 D:/Ngoding/RepoGithub/fiber-manager-G/vendor/laravel/framework/src/Illuminate/Routing/Router.php(764): Illuminate/Routing/Router->runRoute(Object(Illuminate/Http/Request), Object(Illuminate/Routing/Route))
#9 D:/Ngoding/RepoGithub/fiber-manager-G/vendor/laravel/framework/src/Illuminate/Routing/Router.php(753): Illuminate/Routing/Router->dispatchToRoute(Object(Illuminate/Http/Request))
#10 D:/Ngoding/RepoGithub/fiber-manager-G/vendor/laravel/framework/src/Illuminate/Foundation/Http/Kernel.php(200): Illuminate/Routing/Router->dispatch(Object(Illuminate/Http/Request))
#11 D:/Ngoding/RepoGithub/fiber-manager-G/vendor/laravel/framework/src/Illuminate/Pipeline/Pipeline.php(180): Illuminate/Foundation/Http/Kernel->Illuminate/Foundation/Http/{closure}(Object(Illuminate/Http/Request))
#12 D:/Ngoding/RepoGithub/fiber-manager-G/vendor/laravel/framework/src/Illuminate/Foundation/Http/Middleware/TransformsRequest.php(21): Illuminate/Pipeline/Pipeline->Illuminate/Pipeline/{closure}(Object(Illuminate/Http/Request))
#13 D:/Ngoding/RepoGithub/fiber-manager-G/vendor/laravel/framework/src/Illuminate/Foundation/Http/Middleware/ConvertEmptyStringsToNull.php(31): Illuminate/Foundation/Http/Middleware/TransformsRequest->handle(Object(Illuminate/Http/Request), Object(Closure))
#14 D:/Ngoding/RepoGithub/fiber-manager-G/vendor/laravel/framework/src/Illuminate/Pipeline/Pipeline.php(219): Illuminate/Foundation/Http/Middleware/ConvertEmptyStringsToNull->handle(Object(Illuminate/Http/Request), Object(Closure))
#15 D:/Ngoding/RepoGithub/fiber-manager-G/vendor/laravel/framework/src/Illuminate/Foundation/Http/Middleware/TransformsRequest.php(21): Illuminate/Pipeline/Pipeline->Illuminate/Pipeline/{closure}(Object(Illuminate/Http/Request))
#16 D:/Ngoding/RepoGithub/fiber-manager-G/vendor/laravel/framework/src/Illuminate/Foundation/Http/Middleware/TrimStrings.php(51): Illuminate/Foundation/Http/Middleware/TransformsRequest->handle(Object(Illuminate/Http/Request), Object(Closure))
#17 D:/Ngoding/RepoGithub/fiber-manager-G/vendor/laravel/framework/src/Illuminate/Pipeline/Pipeline.php(219): Illuminate/Foundation/Http/Middleware/TrimStrings->handle(Object(Illuminate/Http/Request), Object(Closure))
#18 D:/Ngoding/RepoGithub/fiber-manager-G/vendor/laravel/framework/src/Illuminate/Http/Middleware/ValidatePostSize.php(27): Illuminate/Pipeline/Pipeline->Illuminate/Pipeline/{closure}(Object(Illuminate/Http/Request))
#19 D:/Ngoding/RepoGithub/fiber-manager-G/vendor/laravel/framework/src/Illuminate/Pipeline/Pipeline.php(219): Illuminate/Http/Middleware/ValidatePostSize->handle(Object(Illuminate/Http/Request), Object(Closure))
#20 D:/Ngoding/RepoGithub/fiber-manager-G/vendor/laravel/framework/src/Illuminate/Foundation/Http/Middleware/PreventRequestsDuringMaintenance.php(109): Illuminate/Pipeline/Pipeline->Illuminate/Pipeline/{closure}(Object(Illuminate/Http/Request))
#21 D:/Ngoding/RepoGithub/fiber-manager-G/vendor/laravel/framework/src/Illuminate/Pipeline/Pipeline.php(219): Illuminate/Foundation/Http/Middleware/PreventRequestsDuringMaintenance->handle(Object(Illuminate/Http/Request), Object(Closure))
#22 D:/Ngoding/RepoGithub/fiber-manager-G/vendor/laravel/framework/src/Illuminate/Http/Middleware/HandleCors.php(61): Illuminate/Pipeline/Pipeline->Illuminate/Pipeline/{closure}(Object(Illuminate/Http/Request))
#23 D:/Ngoding/RepoGithub/fiber-manager-G/vendor/laravel/framework/src/Illuminate/Pipeline/Pipeline.php(219): Illuminate/Http/Middleware/HandleCors->handle(Object(Illuminate/Http/Request), Object(Closure))
#24 D:/Ngoding/RepoGithub/fiber-manager-G/vendor/laravel/framework/src/Illuminate/Http/Middleware/TrustProxies.php(58): Illuminate/Pipeline/Pipeline->Illuminate/Pipeline/{closure}(Object(Illuminate/Http/Request))
#25 D:/Ngoding/RepoGithub/fiber-manager-G/vendor/laravel/framework/src/Illuminate/Pipeline/Pipeline.php(219): Illuminate/Http/Middleware/TrustProxies->handle(Object(Illuminate/Http/Request), Object(Closure))
#26 D:/Ngoding/RepoGithub/fiber-manager-G/vendor/laravel/framework/src/Illuminate/Foundation/Http/Middleware/InvokeDeferredCallbacks.php(22): Illuminate/Pipeline/Pipeline->Illuminate/Pipeline/{closure}(Object(Illuminate/Http/Request))
#27 D:/Ngoding/RepoGithub/fiber-manager-G/vendor/laravel/framework/src/Illuminate/Pipeline/Pipeline.php(219): Illuminate/Foundation/Http/Middleware/InvokeDeferredCallbacks->handle(Object(Illuminate/Http/Request), Object(Closure))
#28 D:/Ngoding/RepoGithub/fiber-manager-G/vendor/laravel/framework/src/Illuminate/Http/Middleware/ValidatePathEncoding.php(28): Illuminate/Pipeline/Pipeline->Illuminate/Pipeline/{closure}(Object(Illuminate/Http/Request))
#29 D:/Ngoding/RepoGithub/fiber-manager-G/vendor/laravel/framework/src/Illuminate/Pipeline/Pipeline.php(219): Illuminate/Http/Middleware/ValidatePathEncoding->handle(Object(Illuminate/Http/Request), Object(Closure))
#30 D:/Ngoding/RepoGithub/fiber-manager-G/vendor/laravel/framework/src/Illuminate/Pipeline/Pipeline.php(137): Illuminate/Pipeline/Pipeline->Illuminate/Pipeline/{closure}(Object(Illuminate/Http/Request))
#31 D:/Ngoding/RepoGithub/fiber-manager-G/vendor/laravel/framework/src/Illuminate/Foundation/Http/Kernel.php(175): Illuminate/Pipeline/Pipeline->then(Object(Closure))
#32 D:/Ngoding/RepoGithub/fiber-manager-G/vendor/laravel/framework/src/Illuminate/Foundation/Http/Kernel.php(144): Illuminate/Foundation/Http/Kernel->sendRequestThroughRouter(Object(Illuminate/Http/Request))
#33 D:/Ngoding/RepoGithub/fiber-manager-G/vendor/laravel/framework/src/Illuminate/Foundation/Application.php(1227): Illuminate/Foundation/Http/Kernel->handle(Object(Illuminate/Http/Request))
#34 D:/Ngoding/RepoGithub/fiber-manager-G/public/index.php(20): Illuminate/Foundation/Application->handleRequest(Object(Illuminate/Http/Request))
#35 D:/Ngoding/RepoGithub/fiber-manager-G/vendor/laravel/framework/src/Illuminate/Foundation/resources/server.php(23): require_once('D://Ngoding//Repo...')
#36 {main}
"} 
[2026-07-29 03:33:31] local.ERROR: syntax error, unexpected token "try", expecting "function" {"exception":"[object] (ParseError(code: 0): syntax error, unexpected token \"try\", expecting \"function\" at D:/Ngoding/RepoGithub/fiber-manager-G/app/Http/Controllers/CustomerController.php:214)
[stacktrace]
#0 D:/Ngoding/RepoGithub/fiber-manager-G/vendor/composer/ClassLoader.php(427): Composer/Autoload/{closure}('D://Ngoding//Repo...')
#1 [internal function]: Composer/Autoload/ClassLoader->loadClass('App//Http//Contro...')
#2 D:/Ngoding/RepoGithub/fiber-manager-G/vendor/laravel/framework/src/Illuminate/Routing/Route.php(1247): ReflectionClass->__construct('App//Http//Contro...')
#3 D:/Ngoding/RepoGithub/fiber-manager-G/vendor/laravel/framework/src/Illuminate/Routing/Route.php(1234): Illuminate/Routing/Route->attributeProvidedControllerMiddlewareExclusions('App//Http//Contro...', 'handle')
#4 D:/Ngoding/RepoGithub/fiber-manager-G/vendor/laravel/framework/src/Illuminate/Routing/Route.php(1307): Illuminate/Routing/Route->excludedControllerMiddleware()
#5 D:/Ngoding/RepoGithub/fiber-manager-G/vendor/laravel/framework/src/Illuminate/Routing/Router.php(834): Illuminate/Routing/Route->excludedMiddleware()
#6 D:/Ngoding/RepoGithub/fiber-manager-G/vendor/laravel/framework/src/Illuminate/Foundation/Http/Kernel.php(307): Illuminate/Routing/Router->gatherRouteMiddleware(Object(Illuminate/Routing/Route))
#7 D:/Ngoding/RepoGithub/fiber-manager-G/vendor/laravel/framework/src/Illuminate/Foundation/Http/Kernel.php(246): Illuminate/Foundation/Http/Kernel->gatherRouteMiddleware(Object(Illuminate/Http/Request))
#8 D:/Ngoding/RepoGithub/fiber-manager-G/vendor/laravel/framework/src/Illuminate/Foundation/Http/Kernel.php(215): Illuminate/Foundation/Http/Kernel->terminateMiddleware(Object(Illuminate/Http/Request), Object(Illuminate/Http/Response))
#9 D:/Ngoding/RepoGithub/fiber-manager-G/vendor/laravel/framework/src/Illuminate/Foundation/Application.php(1229): Illuminate/Foundation/Http/Kernel->terminate(Object(Illuminate/Http/Request), Object(Illuminate/Http/Response))
#10 D:/Ngoding/RepoGithub/fiber-manager-G/public/index.php(20): Illuminate/Foundation/Application->handleRequest(Object(Illuminate/Http/Request))
#11 D:/Ngoding/RepoGithub/fiber-manager-G/vendor/laravel/framework/src/Illuminate/Foundation/resources/server.php(23): require_once('D://Ngoding//Repo...')
#12 {main}
"} 
[2026-07-29 03:33:58] local.ERROR: syntax error, unexpected token "try", expecting "function" {"exception":"[object] (ParseError(code: 0): syntax error, unexpected token \"try\", expecting \"function\" at D:/Ngoding/RepoGithub/fiber-manager-G/app/Http/Controllers/CustomerController.php:214)
[stacktrace]
#0 D:/Ngoding/RepoGithub/fiber-manager-G/vendor/composer/ClassLoader.php(427): Composer/Autoload/{closure}('D://Ngoding//Repo...')
#1 [internal function]: Composer/Autoload/ClassLoader->loadClass('App//Http//Contro...')
#2 D:/Ngoding/RepoGithub/fiber-manager-G/vendor/laravel/framework/src/Illuminate/Routing/Route.php(1182): ReflectionClass->__construct('App//Http//Contro...')
#3 D:/Ngoding/RepoGithub/fiber-manager-G/vendor/laravel/framework/src/Illuminate/Routing/Route.php(1132): Illuminate/Routing/Route->attributeProvidedControllerMiddleware('App//Http//Contro...', 'handle')
#4 D:/Ngoding/RepoGithub/fiber-manager-G/vendor/laravel/framework/src/Illuminate/Routing/Route.php(1069): Illuminate/Routing/Route->controllerMiddleware()
#5 D:/Ngoding/RepoGithub/fiber-manager-G/vendor/laravel/framework/src/Illuminate/Routing/Router.php(834): Illuminate/Routing/Route->gatherMiddleware()
#6 D:/Ngoding/RepoGithub/fiber-manager-G/vendor/laravel/framework/src/Illuminate/Routing/Router.php(816): Illuminate/Routing/Router->gatherRouteMiddleware(Object(Illuminate/Routing/Route))
#7 D:/Ngoding/RepoGithub/fiber-manager-G/vendor/laravel/framework/src/Illuminate/Routing/Router.php(800): Illuminate/Routing/Router->runRouteWithinStack(Object(Illuminate/Routing/Route), Object(Illuminate/Http/Request))
#8 D:/Ngoding/RepoGithub/fiber-manager-G/vendor/laravel/framework/src/Illuminate/Routing/Router.php(764): Illuminate/Routing/Router->runRoute(Object(Illuminate/Http/Request), Object(Illuminate/Routing/Route))
#9 D:/Ngoding/RepoGithub/fiber-manager-G/vendor/laravel/framework/src/Illuminate/Routing/Router.php(753): Illuminate/Routing/Router->dispatchToRoute(Object(Illuminate/Http/Request))
#10 D:/Ngoding/RepoGithub/fiber-manager-G/vendor/laravel/framework/src/Illuminate/Foundation/Http/Kernel.php(200): Illuminate/Routing/Router->dispatch(Object(Illuminate/Http/Request))
#11 D:/Ngoding/RepoGithub/fiber-manager-G/vendor/laravel/framework/src/Illuminate/Pipeline/Pipeline.php(180): Illuminate/Foundation/Http/Kernel->Illuminate/Foundation/Http/{closure}(Object(Illuminate/Http/Request))
#12 D:/Ngoding/RepoGithub/fiber-manager-G/vendor/laravel/framework/src/Illuminate/Foundation/Http/Middleware/TransformsRequest.php(21): Illuminate/Pipeline/Pipeline->Illuminate/Pipeline/{closure}(Object(Illuminate/Http/Request))
#13 D:/Ngoding/RepoGithub/fiber-manager-G/vendor/laravel/framework/src/Illuminate/Foundation/Http/Middleware/ConvertEmptyStringsToNull.php(31): Illuminate/Foundation/Http/Middleware/TransformsRequest->handle(Object(Illuminate/Http/Request), Object(Closure))
#14 D:/Ngoding/RepoGithub/fiber-manager-G/vendor/laravel/framework/src/Illuminate/Pipeline/Pipeline.php(219): Illuminate/Foundation/Http/Middleware/ConvertEmptyStringsToNull->handle(Object(Illuminate/Http/Request), Object(Closure))
#15 D:/Ngoding/RepoGithub/fiber-manager-G/vendor/laravel/framework/src/Illuminate/Foundation/Http/Middleware/TransformsRequest.php(21): Illuminate/Pipeline/Pipeline->Illuminate/Pipeline/{closure}(Object(Illuminate/Http/Request))
#16 D:/Ngoding/RepoGithub/fiber-manager-G/vendor/laravel/framework/src/Illuminate/Foundation/Http/Middleware/TrimStrings.php(51): Illuminate/Foundation/Http/Middleware/TransformsRequest->handle(Object(Illuminate/Http/Request), Object(Closure))
#17 D:/Ngoding/RepoGithub/fiber-manager-G/vendor/laravel/framework/src/Illuminate/Pipeline/Pipeline.php(219): Illuminate/Foundation/Http/Middleware/TrimStrings->handle(Object(Illuminate/Http/Request), Object(Closure))
#18 D:/Ngoding/RepoGithub/fiber-manager-G/vendor/laravel/framework/src/Illuminate/Http/Middleware/ValidatePostSize.php(27): Illuminate/Pipeline/Pipeline->Illuminate/Pipeline/{closure}(Object(Illuminate/Http/Request))
#19 D:/Ngoding/RepoGithub/fiber-manager-G/vendor/laravel/framework/src/Illuminate/Pipeline/Pipeline.php(219): Illuminate/Http/Middleware/ValidatePostSize->handle(Object(Illuminate/Http/Request), Object(Closure))
#20 D:/Ngoding/RepoGithub/fiber-manager-G/vendor/laravel/framework/src/Illuminate/Foundation/Http/Middleware/PreventRequestsDuringMaintenance.php(109): Illuminate/Pipeline/Pipeline->Illuminate/Pipeline/{closure}(Object(Illuminate/Http/Request))
#21 D:/Ngoding/RepoGithub/fiber-manager-G/vendor/laravel/framework/src/Illuminate/Pipeline/Pipeline.php(219): Illuminate/Foundation/Http/Middleware/PreventRequestsDuringMaintenance->handle(Object(Illuminate/Http/Request), Object(Closure))
#22 D:/Ngoding/RepoGithub/fiber-manager-G/vendor/laravel/framework/src/Illuminate/Http/Middleware/HandleCors.php(61): Illuminate/Pipeline/Pipeline->Illuminate/Pipeline/{closure}(Object(Illuminate/Http/Request))
#23 D:/Ngoding/RepoGithub/fiber-manager-G/vendor/laravel/framework/src/Illuminate/Pipeline/Pipeline.php(219): Illuminate/Http/Middleware/HandleCors->handle(Object(Illuminate/Http/Request), Object(Closure))
#24 D:/Ngoding/RepoGithub/fiber-manager-G/vendor/laravel/framework/src/Illuminate/Http/Middleware/TrustProxies.php(58): Illuminate/Pipeline/Pipeline->Illuminate/Pipeline/{closure}(Object(Illuminate/Http/Request))
#25 D:/Ngoding/RepoGithub/fiber-manager-G/vendor/laravel/framework/src/Illuminate/Pipeline/Pipeline.php(219): Illuminate/Http/Middleware/TrustProxies->handle(Object(Illuminate/Http/Request), Object(Closure))
#26 D:/Ngoding/RepoGithub/fiber-manager-G/vendor/laravel/framework/src/Illuminate/Foundation/Http/Middleware/InvokeDeferredCallbacks.php(22): Illuminate/Pipeline/Pipeline->Illuminate/Pipeline/{closure}(Object(Illuminate/Http/Request))
#27 D:/Ngoding/RepoGithub/fiber-manager-G/vendor/laravel/framework/src/Illuminate/Pipeline/Pipeline.php(219): Illuminate/Foundation/Http/Middleware/InvokeDeferredCallbacks->handle(Object(Illuminate/Http/Request), Object(Closure))
#28 D:/Ngoding/RepoGithub/fiber-manager-G/vendor/laravel/framework/src/Illuminate/Http/Middleware/ValidatePathEncoding.php(28): Illuminate/Pipeline/Pipeline->Illuminate/Pipeline/{closure}(Object(Illuminate/Http/Request))
#29 D:/Ngoding/RepoGithub/fiber-manager-G/vendor/laravel/framework/src/Illuminate/Pipeline/Pipeline.php(219): Illuminate/Http/Middleware/ValidatePathEncoding->handle(Object(Illuminate/Http/Request), Object(Closure))
#30 D:/Ngoding/RepoGithub/fiber-manager-G/vendor/laravel/framework/src/Illuminate/Pipeline/Pipeline.php(137): Illuminate/Pipeline/Pipeline->Illuminate/Pipeline/{closure}(Object(Illuminate/Http/Request))
#31 D:/Ngoding/RepoGithub/fiber-manager-G/vendor/laravel/framework/src/Illuminate/Foundation/Http/Kernel.php(175): Illuminate/Pipeline/Pipeline->then(Object(Closure))
#32 D:/Ngoding/RepoGithub/fiber-manager-G/vendor/laravel/framework/src/Illuminate/Foundation/Http/Kernel.php(144): Illuminate/Foundation/Http/Kernel->sendRequestThroughRouter(Object(Illuminate/Http/Request))
#33 D:/Ngoding/RepoGithub/fiber-manager-G/vendor/laravel/framework/src/Illuminate/Foundation/Application.php(1227): Illuminate/Foundation/Http/Kernel->handle(Object(Illuminate/Http/Request))
#34 D:/Ngoding/RepoGithub/fiber-manager-G/public/index.php(20): Illuminate/Foundation/Application->handleRequest(Object(Illuminate/Http/Request))
#35 D:/Ngoding/RepoGithub/fiber-manager-G/vendor/laravel/framework/src/Illuminate/Foundation/resources/server.php(23): require_once('D://Ngoding//Repo...')
#36 {main}
"} 
[2026-07-29 03:33:58] local.ERROR: syntax error, unexpected token "try", expecting "function" {"exception":"[object] (ParseError(code: 0): syntax error, unexpected token \"try\", expecting \"function\" at D:/Ngoding/RepoGithub/fiber-manager-G/app/Http/Controllers/CustomerController.php:214)
[stacktrace]
#0 D:/Ngoding/RepoGithub/fiber-manager-G/vendor/composer/ClassLoader.php(427): Composer/Autoload/{closure}('D://Ngoding//Repo...')
#1 [internal function]: Composer/Autoload/ClassLoader->loadClass('App//Http//Contro...')
#2 D:/Ngoding/RepoGithub/fiber-manager-G/vendor/laravel/framework/src/Illuminate/Routing/Route.php(1247): ReflectionClass->__construct('App//Http//Contro...')
#3 D:/Ngoding/RepoGithub/fiber-manager-G/vendor/laravel/framework/src/Illuminate/Routing/Route.php(1234): Illuminate/Routing/Route->attributeProvidedControllerMiddlewareExclusions('App//Http//Contro...', 'handle')
#4 D:/Ngoding/RepoGithub/fiber-manager-G/vendor/laravel/framework/src/Illuminate/Routing/Route.php(1307): Illuminate/Routing/Route->excludedControllerMiddleware()
#5 D:/Ngoding/RepoGithub/fiber-manager-G/vendor/laravel/framework/src/Illuminate/Routing/Router.php(834): Illuminate/Routing/Route->excludedMiddleware()
#6 D:/Ngoding/RepoGithub/fiber-manager-G/vendor/laravel/framework/src/Illuminate/Foundation/Http/Kernel.php(307): Illuminate/Routing/Router->gatherRouteMiddleware(Object(Illuminate/Routing/Route))
#7 D:/Ngoding/RepoGithub/fiber-manager-G/vendor/laravel/framework/src/Illuminate/Foundation/Http/Kernel.php(246): Illuminate/Foundation/Http/Kernel->gatherRouteMiddleware(Object(Illuminate/Http/Request))
#8 D:/Ngoding/RepoGithub/fiber-manager-G/vendor/laravel/framework/src/Illuminate/Foundation/Http/Kernel.php(215): Illuminate/Foundation/Http/Kernel->terminateMiddleware(Object(Illuminate/Http/Request), Object(Illuminate/Http/Response))
#9 D:/Ngoding/RepoGithub/fiber-manager-G/vendor/laravel/framework/src/Illuminate/Foundation/Application.php(1229): Illuminate/Foundation/Http/Kernel->terminate(Object(Illuminate/Http/Request), Object(Illuminate/Http/Response))
#10 D:/Ngoding/RepoGithub/fiber-manager-G/public/index.php(20): Illuminate/Foundation/Application->handleRequest(Object(Illuminate/Http/Request))
#11 D:/Ngoding/RepoGithub/fiber-manager-G/vendor/laravel/framework/src/Illuminate/Foundation/resources/server.php(23): require_once('D://Ngoding//Repo...')
#12 {main}
"} 
[2026-07-29 03:34:06] local.ERROR: syntax error, unexpected token "try", expecting "function" {"exception":"[object] (ParseError(code: 0): syntax error, unexpected token \"try\", expecting \"function\" at D:/Ngoding/RepoGithub/fiber-manager-G/app/Http/Controllers/CustomerController.php:214)
[stacktrace]
#0 D:/Ngoding/RepoGithub/fiber-manager-G/vendor/composer/ClassLoader.php(427): Composer/Autoload/{closure}('D://Ngoding//Repo...')
#1 [internal function]: Composer/Autoload/ClassLoader->loadClass('App//Http//Contro...')
#2 D:/Ngoding/RepoGithub/fiber-manager-G/vendor/laravel/framework/src/Illuminate/Routing/Route.php(1182): ReflectionClass->__construct('App//Http//Contro...')
#3 D:/Ngoding/RepoGithub/fiber-manager-G/vendor/laravel/framework/src/Illuminate/Routing/Route.php(1132): Illuminate/Routing/Route->attributeProvidedControllerMiddleware('App//Http//Contro...', 'handle')
#4 D:/Ngoding/RepoGithub/fiber-manager-G/vendor/laravel/framework/src/Illuminate/Routing/Route.php(1069): Illuminate/Routing/Route->controllerMiddleware()
#5 D:/Ngoding/RepoGithub/fiber-manager-G/vendor/laravel/framework/src/Illuminate/Routing/Router.php(834): Illuminate/Routing/Route->gatherMiddleware()
#6 D:/Ngoding/RepoGithub/fiber-manager-G/vendor/laravel/framework/src/Illuminate/Routing/Router.php(816): Illuminate/Routing/Router->gatherRouteMiddleware(Object(Illuminate/Routing/Route))
#7 D:/Ngoding/RepoGithub/fiber-manager-G/vendor/laravel/framework/src/Illuminate/Routing/Router.php(800): Illuminate/Routing/Router->runRouteWithinStack(Object(Illuminate/Routing/Route), Object(Illuminate/Http/Request))
#8 D:/Ngoding/RepoGithub/fiber-manager-G/vendor/laravel/framework/src/Illuminate/Routing/Router.php(764): Illuminate/Routing/Router->runRoute(Object(Illuminate/Http/Request), Object(Illuminate/Routing/Route))
#9 D:/Ngoding/RepoGithub/fiber-manager-G/vendor/laravel/framework/src/Illuminate/Routing/Router.php(753): Illuminate/Routing/Router->dispatchToRoute(Object(Illuminate/Http/Request))
#10 D:/Ngoding/RepoGithub/fiber-manager-G/vendor/laravel/framework/src/Illuminate/Foundation/Http/Kernel.php(200): Illuminate/Routing/Router->dispatch(Object(Illuminate/Http/Request))
#11 D:/Ngoding/RepoGithub/fiber-manager-G/vendor/laravel/framework/src/Illuminate/Pipeline/Pipeline.php(180): Illuminate/Foundation/Http/Kernel->Illuminate/Foundation/Http/{closure}(Object(Illuminate/Http/Request))
#12 D:/Ngoding/RepoGithub/fiber-manager-G/vendor/laravel/framework/src/Illuminate/Foundation/Http/Middleware/TransformsRequest.php(21): Illuminate/Pipeline/Pipeline->Illuminate/Pipeline/{closure}(Object(Illuminate/Http/Request))
#13 D:/Ngoding/RepoGithub/fiber-manager-G/vendor/laravel/framework/src/Illuminate/Foundation/Http/Middleware/ConvertEmptyStringsToNull.php(31): Illuminate/Foundation/Http/Middleware/TransformsRequest->handle(Object(Illuminate/Http/Request), Object(Closure))
#14 D:/Ngoding/RepoGithub/fiber-manager-G/vendor/laravel/framework/src/Illuminate/Pipeline/Pipeline.php(219): Illuminate/Foundation/Http/Middleware/ConvertEmptyStringsToNull->handle(Object(Illuminate/Http/Request), Object(Closure))
#15 D:/Ngoding/RepoGithub/fiber-manager-G/vendor/laravel/framework/src/Illuminate/Foundation/Http/Middleware/TransformsRequest.php(21): Illuminate/Pipeline/Pipeline->Illuminate/Pipeline/{closure}(Object(Illuminate/Http/Request))
#16 D:/Ngoding/RepoGithub/fiber-manager-G/vendor/laravel/framework/src/Illuminate/Foundation/Http/Middleware/TrimStrings.php(51): Illuminate/Foundation/Http/Middleware/TransformsRequest->handle(Object(Illuminate/Http/Request), Object(Closure))
#17 D:/Ngoding/RepoGithub/fiber-manager-G/vendor/laravel/framework/src/Illuminate/Pipeline/Pipeline.php(219): Illuminate/Foundation/Http/Middleware/TrimStrings->handle(Object(Illuminate/Http/Request), Object(Closure))
#18 D:/Ngoding/RepoGithub/fiber-manager-G/vendor/laravel/framework/src/Illuminate/Http/Middleware/ValidatePostSize.php(27): Illuminate/Pipeline/Pipeline->Illuminate/Pipeline/{closure}(Object(Illuminate/Http/Request))
#19 D:/Ngoding/RepoGithub/fiber-manager-G/vendor/laravel/framework/src/Illuminate/Pipeline/Pipeline.php(219): Illuminate/Http/Middleware/ValidatePostSize->handle(Object(Illuminate/Http/Request), Object(Closure))
#20 D:/Ngoding/RepoGithub/fiber-manager-G/vendor/laravel/framework/src/Illuminate/Foundation/Http/Middleware/PreventRequestsDuringMaintenance.php(109): Illuminate/Pipeline/Pipeline->Illuminate/Pipeline/{closure}(Object(Illuminate/Http/Request))
#21 D:/Ngoding/RepoGithub/fiber-manager-G/vendor/laravel/framework/src/Illuminate/Pipeline/Pipeline.php(219): Illuminate/Foundation/Http/Middleware/PreventRequestsDuringMaintenance->handle(Object(Illuminate/Http/Request), Object(Closure))
#22 D:/Ngoding/RepoGithub/fiber-manager-G/vendor/laravel/framework/src/Illuminate/Http/Middleware/HandleCors.php(61): Illuminate/Pipeline/Pipeline->Illuminate/Pipeline/{closure}(Object(Illuminate/Http/Request))
#23 D:/Ngoding/RepoGithub/fiber-manager-G/vendor/laravel/framework/src/Illuminate/Pipeline/Pipeline.php(219): Illuminate/Http/Middleware/HandleCors->handle(Object(Illuminate/Http/Request), Object(Closure))
#24 D:/Ngoding/RepoGithub/fiber-manager-G/vendor/laravel/framework/src/Illuminate/Http/Middleware/TrustProxies.php(58): Illuminate/Pipeline/Pipeline->Illuminate/Pipeline/{closure}(Object(Illuminate/Http/Request))
#25 D:/Ngoding/RepoGithub/fiber-manager-G/vendor/laravel/framework/src/Illuminate/Pipeline/Pipeline.php(219): Illuminate/Http/Middleware/TrustProxies->handle(Object(Illuminate/Http/Request), Object(Closure))
#26 D:/Ngoding/RepoGithub/fiber-manager-G/vendor/laravel/framework/src/Illuminate/Foundation/Http/Middleware/InvokeDeferredCallbacks.php(22): Illuminate/Pipeline/Pipeline->Illuminate/Pipeline/{closure}(Object(Illuminate/Http/Request))
#27 D:/Ngoding/RepoGithub/fiber-manager-G/vendor/laravel/framework/src/Illuminate/Pipeline/Pipeline.php(219): Illuminate/Foundation/Http/Middleware/InvokeDeferredCallbacks->handle(Object(Illuminate/Http/Request), Object(Closure))
#28 D:/Ngoding/RepoGithub/fiber-manager-G/vendor/laravel/framework/src/Illuminate/Http/Middleware/ValidatePathEncoding.php(28): Illuminate/Pipeline/Pipeline->Illuminate/Pipeline/{closure}(Object(Illuminate/Http/Request))
#29 D:/Ngoding/RepoGithub/fiber-manager-G/vendor/laravel/framework/src/Illuminate/Pipeline/Pipeline.php(219): Illuminate/Http/Middleware/ValidatePathEncoding->handle(Object(Illuminate/Http/Request), Object(Closure))
#30 D:/Ngoding/RepoGithub/fiber-manager-G/vendor/laravel/framework/src/Illuminate/Pipeline/Pipeline.php(137): Illuminate/Pipeline/Pipeline->Illuminate/Pipeline/{closure}(Object(Illuminate/Http/Request))
#31 D:/Ngoding/RepoGithub/fiber-manager-G/vendor/laravel/framework/src/Illuminate/Foundation/Http/Kernel.php(175): Illuminate/Pipeline/Pipeline->then(Object(Closure))
#32 D:/Ngoding/RepoGithub/fiber-manager-G/vendor/laravel/framework/src/Illuminate/Foundation/Http/Kernel.php(144): Illuminate/Foundation/Http/Kernel->sendRequestThroughRouter(Object(Illuminate/Http/Request))
#33 D:/Ngoding/RepoGithub/fiber-manager-G/vendor/laravel/framework/src/Illuminate/Foundation/Application.php(1227): Illuminate/Foundation/Http/Kernel->handle(Object(Illuminate/Http/Request))
#34 D:/Ngoding/RepoGithub/fiber-manager-G/public/index.php(20): Illuminate/Foundation/Application->handleRequest(Object(Illuminate/Http/Request))
#35 D:/Ngoding/RepoGithub/fiber-manager-G/vendor/laravel/framework/src/Illuminate/Foundation/resources/server.php(23): require_once('D://Ngoding//Repo...')
#36 {main}
"} 
[2026-07-29 03:34:06] local.ERROR: syntax error, unexpected token "try", expecting "function" {"exception":"[object] (ParseError(code: 0): syntax error, unexpected token \"try\", expecting \"function\" at D:/Ngoding/RepoGithub/fiber-manager-G/app/Http/Controllers/CustomerController.php:214)
[stacktrace]
#0 D:/Ngoding/RepoGithub/fiber-manager-G/vendor/composer/ClassLoader.php(427): Composer/Autoload/{closure}('D://Ngoding//Repo...')
#1 [internal function]: Composer/Autoload/ClassLoader->loadClass('App//Http//Contro...')
#2 D:/Ngoding/RepoGithub/fiber-manager-G/vendor/laravel/framework/src/Illuminate/Routing/Route.php(1247): ReflectionClass->__construct('App//Http//Contro...')
#3 D:/Ngoding/RepoGithub/fiber-manager-G/vendor/laravel/framework/src/Illuminate/Routing/Route.php(1234): Illuminate/Routing/Route->attributeProvidedControllerMiddlewareExclusions('App//Http//Contro...', 'handle')
#4 D:/Ngoding/RepoGithub/fiber-manager-G/vendor/laravel/framework/src/Illuminate/Routing/Route.php(1307): Illuminate/Routing/Route->excludedControllerMiddleware()
#5 D:/Ngoding/RepoGithub/fiber-manager-G/vendor/laravel/framework/src/Illuminate/Routing/Router.php(834): Illuminate/Routing/Route->excludedMiddleware()
#6 D:/Ngoding/RepoGithub/fiber-manager-G/vendor/laravel/framework/src/Illuminate/Foundation/Http/Kernel.php(307): Illuminate/Routing/Router->gatherRouteMiddleware(Object(Illuminate/Routing/Route))
#7 D:/Ngoding/RepoGithub/fiber-manager-G/vendor/laravel/framework/src/Illuminate/Foundation/Http/Kernel.php(246): Illuminate/Foundation/Http/Kernel->gatherRouteMiddleware(Object(Illuminate/Http/Request))
#8 D:/Ngoding/RepoGithub/fiber-manager-G/vendor/laravel/framework/src/Illuminate/Foundation/Http/Kernel.php(215): Illuminate/Foundation/Http/Kernel->terminateMiddleware(Object(Illuminate/Http/Request), Object(Illuminate/Http/Response))
#9 D:/Ngoding/RepoGithub/fiber-manager-G/vendor/laravel/framework/src/Illuminate/Foundation/Application.php(1229): Illuminate/Foundation/Http/Kernel->terminate(Object(Illuminate/Http/Request), Object(Illuminate/Http/Response))
#10 D:/Ngoding/RepoGithub/fiber-manager-G/public/index.php(20): Illuminate/Foundation/Application->handleRequest(Object(Illuminate/Http/Request))
#11 D:/Ngoding/RepoGithub/fiber-manager-G/vendor/laravel/framework/src/Illuminate/Foundation/resources/server.php(23): require_once('D://Ngoding//Repo...')
#12 {main}
"} 
